# File produced by Open Asset Import Library (http://www.assimp.sf.net)
# (assimp v3.1.118612264)

mtllib PBR%20-%20Metallic%20Roughness%20Alpha-blend.mtl

# vertex positions
v -0.138797 -0.149006 2.569159
v 0.159562 -0.149003 2.569147
v 0.155671 0.146986 2.572217
v -0.138800 0.146986 2.572228
v -0.138797 0.388062 2.573002
v 0.155668 0.388059 2.572993
v 0.155667 0.433223 2.573166
v -0.138797 0.433221 2.573176
v -0.138785 -0.428600 2.522969
v 0.155655 -0.428600 2.522960
v 0.439112 -0.136819 2.553534
v 0.373343 -0.428482 2.522747
v 0.405431 -0.428446 2.522702
v 0.479254 -0.137994 2.549352
v 0.373398 0.241934 2.572227
v 0.373399 0.146985 2.571897
v 0.405489 0.146985 2.571822
v 0.405488 0.241934 2.572153
v -0.495229 -0.148971 2.568450
v -0.495157 -0.428324 2.522498
v -0.495815 0.433556 2.570944
v -0.495724 0.388593 2.571097
v -0.495243 0.146984 2.571511
v -0.893056 -0.148839 2.565377
v -0.892837 -0.427134 2.520451
v -0.892931 0.433153 2.569526
v -0.892965 0.388008 2.569299
v -0.893098 0.146986 2.568409
v -1.313186 -0.148503 2.556672
v -1.312703 -0.423794 2.514575
v -1.313601 0.433003 2.561113
v -1.313298 0.388549 2.560799
v -1.313286 0.151079 2.559664
v -1.455427 -0.420814 2.511411
v -1.456000 -0.148307 2.551463
v -1.497311 -0.148234 2.549650
v -1.496776 -0.419879 2.510237
v -1.456615 0.388027 2.555648
v -1.461802 0.432902 2.555795
v -1.503526 0.430659 2.553972
v -1.498057 0.387869 2.553844
v -1.456138 0.147939 2.554410
v -1.497453 0.147027 2.552578
v -1.606629 -0.423037 2.503700
v -1.607455 -0.148362 2.543770
v -1.717208 -0.148403 2.536046
v -1.716668 -0.424281 2.496269
v -1.611186 0.374432 2.546351
v -1.621237 0.430901 2.538617
v -1.728671 0.396608 2.527091
v -1.719277 0.356433 2.537023
v -1.607649 0.146998 2.546682
v -1.717451 0.146971 2.538924
v -1.496573 -0.534493 2.402298
v -1.455177 -0.535149 2.402592
v -0.138778 -0.542853 2.402578
v 0.155649 -0.542849 2.402577
v -1.715629 -0.539499 2.380422
v -1.606160 -0.536765 2.393066
v -0.495113 -0.542588 2.402463
v -0.892693 -0.541526 2.402020
v -1.312465 -0.537018 2.403494
v 0.231011 -0.428575 2.522917
v 0.230996 -0.542823 2.402565
v -1.605788 -0.601735 2.058033
v -1.715096 -0.599968 2.058400
v -1.724924 -0.606436 1.939813
v -1.610683 -0.608226 1.942991
v -0.892656 -0.606779 2.058069
v -1.312321 -0.604680 2.057851
v -1.312296 -0.611193 1.946239
v -0.892652 -0.613374 1.946400
v -0.138780 -0.607861 2.058199
v -0.495107 -0.607619 2.058168
v -0.495106 -0.614254 1.946466
v -0.138779 -0.614510 1.946485
v 0.155651 -0.607857 2.058193
v 0.155650 -0.614506 1.946486
v -1.454983 -0.603485 2.057719
v -1.496359 -0.603081 2.057663
v -1.496343 -0.609502 1.946552
v -1.454953 -0.609928 1.946573
v 0.230997 -0.607831 2.058191
v 0.230996 -0.614478 1.946483
v 0.155648 -0.598219 2.164441
v 0.230992 -0.598195 2.164437
v -0.892638 -0.597193 2.164286
v -0.495099 -0.597995 2.164405
v -1.496307 -0.593615 2.163786
v -1.454916 -0.594010 2.163828
v -0.138777 -0.598223 2.164438
v -1.312270 -0.595170 2.163995
v -1.715019 -0.591753 2.152569
v -1.605706 -0.592893 2.158209
v 0.473167 0.248254 2.549076
v 0.474526 0.147037 2.544554
v 0.534769 0.137973 2.507792
v 0.534700 0.248202 2.517556
v 0.472106 -0.423450 2.499179
v 0.461212 -0.537776 2.394223
v 0.509288 -0.523855 2.404676
v 0.507000 -0.416857 2.474044
v 0.453441 -0.608127 2.052088
v 0.453443 -0.614567 1.940538
v 0.515159 -0.614568 1.938855
v 0.515162 -0.608459 2.046622
v 0.453432 -0.598690 2.158369
v 0.515152 -0.599223 2.152795
v 0.518118 -0.141796 2.548186
v 0.561082 -0.145441 2.556866
v 0.438476 -0.540486 2.398382
v 0.430154 -0.598399 2.161302
v 0.456386 0.146997 2.555804
v 0.503089 -0.141659 2.547836
v 0.450492 -0.427374 2.509847
v 0.430163 -0.607930 2.055040
v 0.430163 -0.614466 1.943416
v 0.453455 0.249361 2.559000
v 0.626737 -0.608288 2.046604
v 0.626723 -0.599059 2.152772
v 0.626743 -0.545012 2.396330
v 0.619985 -0.427507 2.522382
v 0.624729 0.143342 2.570847
v 0.626986 0.241933 2.571187
v 0.626732 -0.614387 1.938842
v 0.632105 -0.148792 2.567762
v -1.860469 -0.596467 2.058056
v -1.860333 -0.588268 2.152158
v -2.048434 -0.579103 2.151829
v -2.048615 -0.587762 2.057426
v -1.861347 -0.537646 2.369835
v -2.050579 -0.526168 2.354517
v -1.863834 -0.426875 2.480697
v -1.865901 -0.148609 2.520078
v -2.057005 -0.148378 2.483099
v -2.055401 -0.423791 2.446331
v -1.866621 0.146886 2.522900
v -2.058921 0.146850 2.485598
v -1.865921 -0.602848 1.939931
v -2.048352 -0.594294 1.939476
v -1.725113 -0.612500 1.748360
v -1.610822 -0.614478 1.751505
v 0.405403 -0.614357 1.946477
v 0.406364 -0.621181 1.754873
v 0.431303 -0.621151 1.754875
v 0.515179 -0.621207 1.748529
v 0.626040 -0.621011 1.748518
v -0.892687 -0.620109 1.754816
v -0.495119 -0.621069 1.754869
v -2.058638 -0.599289 1.747985
v -1.870503 -0.608590 1.748212
v -0.138784 -0.621350 1.754887
v 0.155655 -0.621345 1.754881
v -1.312376 -0.617739 1.754700
v 0.231289 -0.621315 1.754882
v 0.454748 -0.621121 1.754872
v -1.496443 -0.615943 1.754622
v -1.455068 -0.616396 1.754651
v -0.138783 -0.626197 1.506482
v 0.155653 -0.626191 1.506482
v -1.312354 -0.622292 1.506380
v -0.892681 -0.624849 1.506445
v -2.567251 -0.151979 0.690560
v -2.564174 -0.151863 0.972419
v -2.567298 0.148363 0.972708
v -2.570408 0.148367 0.690758
v 0.374979 -0.626043 1.506478
v 0.374985 -0.628954 1.245900
v 0.407321 -0.628920 1.245898
v 0.407314 -0.626010 1.506478
v -1.496410 -0.620356 1.506338
v -1.455021 -0.620849 1.506344
v -0.495118 -0.625890 1.506473
v -2.561704 -0.151862 1.112766
v -2.558704 -0.151829 1.239845
v -2.561782 0.148361 1.240590
v -2.564810 0.148356 1.113345
v -1.725017 -0.616605 1.500140
v -1.610768 -0.618741 1.503245
v -2.058164 -0.603011 1.499951
v -1.870304 -0.612500 1.500075
v -2.549386 -0.151933 1.500735
v -2.552384 0.148325 1.501986
v -1.496469 -0.622970 1.245805
v -1.455080 -0.623486 1.245809
v -0.495126 -0.628792 1.245896
v -0.138785 -0.629118 1.245902
v -2.533029 -0.156270 1.747899
v -2.535687 0.149236 1.752177
v -1.725114 -0.619030 1.239631
v -1.610844 -0.621268 1.242721
v -0.892701 -0.627692 1.245878
v -2.058360 -0.605147 1.239509
v -1.870427 -0.614794 1.239589
v 0.155656 -0.629112 1.245903
v -1.312400 -0.625002 1.245833
v -1.458744 -0.624328 1.118764
v -1.501182 -0.623789 1.118754
v -1.506388 -0.624478 0.978468
v -1.462776 -0.625040 0.978471
v -0.138786 -0.630106 1.118839
v -0.494402 -0.629774 1.118834
v -0.493605 -0.630622 0.978526
v -0.138786 -0.630959 0.978531
v -1.613222 -0.622075 1.115666
v -1.725146 -0.619846 1.112587
v -1.725181 -0.620541 0.972313
v -1.615831 -0.622756 0.975391
v -0.892708 -0.628651 1.118818
v -0.892717 -0.629479 0.978514
v -1.870476 -0.615561 1.112544
v -2.058434 -0.605861 1.112477
v -2.058488 -0.606468 0.972238
v -1.870509 -0.616218 0.972287
v 0.155657 -0.630100 1.118840
v 0.155657 -0.630953 0.978531
v -2.502106 -0.146842 1.975147
v -2.503702 0.148551 1.981553
v -1.312418 -0.625914 1.118784
v -1.312431 -0.626700 0.978486
v 0.374152 -0.621210 1.754871
v -1.725224 -0.621466 0.690501
v -1.615864 -0.623721 0.693571
v -0.892726 -0.630584 0.696669
v -0.495136 -0.631752 0.696676
v -2.058568 -0.607270 0.690460
v -1.870561 -0.617089 0.690487
v -0.138788 -0.632101 0.696678
v 0.155658 -0.632094 0.696678
v -1.312451 -0.627746 0.696653
v -1.506414 -0.625481 0.696643
v -1.462803 -0.626054 0.696644
v -2.058612 -0.607701 0.383178
v -1.870590 -0.617559 0.383189
v -0.138788 -0.632731 0.389343
v 0.155659 -0.632725 0.389343
v 0.374993 -0.631925 0.696678
v 0.374995 -0.632552 0.389343
v 0.407329 -0.632515 0.389343
v 0.407328 -0.631889 0.696677
v -1.322343 -0.628225 0.386324
v -0.892732 -0.631191 0.389339
v 0.374990 -0.630788 0.978530
v 0.407325 -0.630753 0.978529
v -1.506429 -0.626036 0.381913
v -1.465041 -0.626585 0.382905
v -0.495139 -0.632377 0.389342
v -1.725248 -0.621969 0.383195
v -1.615883 -0.624251 0.382555
v -2.369218 -0.518618 2.044232
v -2.446537 -0.425017 2.052835
v -2.466690 -0.425731 1.959970
v -2.383673 -0.523514 1.945630
v -2.346031 -0.561781 1.112232
v -2.345770 -0.560935 1.239211
v -2.402535 -0.538540 1.234244
v -2.401396 -0.540359 1.112339
v -2.367610 -0.550210 1.499310
v -2.399369 -0.536255 1.486450
v -2.346669 -0.563854 0.383142
v -2.346529 -0.563395 0.690370
v -2.402147 -0.542270 0.690408
v -2.402373 -0.542783 0.383156
v -2.342621 -0.543876 1.945599
v -2.340166 -0.533389 2.052098
v -2.479636 -0.147651 2.068959
v -2.476973 0.147743 2.078860
v -2.346069 -0.552518 1.746911
v -2.400868 -0.527556 1.747296
v -2.346250 -0.562488 0.972066
v -2.401707 -0.541223 0.972140
v -2.316648 -0.529333 2.136633
v -2.337766 -0.497562 2.193479
v -2.172269 -0.566332 2.150414
v -2.172994 -0.575945 2.056750
v -2.171923 -0.582972 1.939000
v -2.172667 -0.588774 1.747775
v -2.189711 -0.148482 2.434954
v -2.185758 -0.424018 2.398230
v -2.172202 -0.596066 0.972198
v -2.171910 -0.596884 0.690437
v -2.177345 -0.523193 2.306878
v -2.171776 -0.592628 1.499848
v -2.191297 0.146787 2.437499
v -2.171961 -0.597292 0.383168
v -2.172068 -0.594753 1.239443
v -2.172165 -0.595461 1.112426
v -2.260649 -0.560161 2.055858
v -2.258870 -0.548574 2.148224
v -2.261163 -0.575227 1.747530
v -2.259762 -0.568681 1.938381
v -2.284639 -0.424915 2.333812
v -2.287177 -0.148394 2.375574
v -2.382600 -0.148243 2.277942
v -2.368335 -0.418345 2.242708
v -2.260253 -0.583901 0.690414
v -2.260104 -0.583105 0.972153
v -2.263459 -0.510257 2.265305
v -2.259456 -0.579573 1.499720
v -2.287191 0.146830 2.379396
v -2.375747 0.159611 2.282809
v -2.260332 -0.584316 0.383159
v -2.259857 -0.581768 1.239366
v -2.259992 -0.582492 1.112360
v -2.491607 -0.428462 1.750492
v -2.512074 -0.446059 0.690648
v -2.512923 -0.446694 0.383239
v -2.506951 -0.442503 1.240181
v -2.508776 -0.443721 1.113066
v -2.498743 -0.443471 1.492396
v -2.510227 -0.444797 0.972638
v -2.568706 -0.152037 0.383209
v -2.571880 0.148367 0.383276
v 0.374988 -0.629938 1.118836
v 0.407322 -0.629903 1.118836
v -1.862064 0.331690 2.484247
v -1.865297 0.374145 2.479755
v -2.051318 0.353498 2.428998
v -2.070314 0.317358 2.436982
v -1.868228 0.235099 2.510191
v -1.866958 0.261462 2.499881
v -2.079046 0.235925 2.477719
v -2.064297 0.213513 2.484601
v 0.535242 0.309311 2.515859
v 0.531787 0.285865 2.515344
v 0.611286 0.308223 2.534858
v 0.605214 0.325199 2.526948
v 0.453861 0.320822 2.559207
v 0.454819 0.287041 2.557961
v 0.473895 0.286424 2.547425
v 0.473413 0.320856 2.549062
v -1.607916 0.235288 2.547109
v -1.608088 0.272157 2.547294
v -1.717928 0.261156 2.539507
v -1.717741 0.228669 2.539338
v -1.456301 0.242574 2.554842
v -1.456406 0.283660 2.555035
v -1.497793 0.283181 2.553214
v -1.497660 0.241923 2.553017
v -0.893098 0.241929 2.568770
v -0.893088 0.283222 2.568914
v -1.313296 0.285341 2.560250
v -1.313294 0.244829 2.560071
v -0.495300 0.241982 2.571737
v -0.495381 0.283694 2.571660
v -0.138799 0.241937 2.572552
v -0.138798 0.283246 2.572675
v 0.373396 0.320865 2.572468
v 0.373397 0.283245 2.572354
v 0.405487 0.283246 2.572281
v 0.405486 0.320865 2.572395
v 0.155670 0.241936 2.572542
v 0.155670 0.283248 2.572665
v 0.373395 0.388045 2.572695
v 0.373395 0.358473 2.572590
v 0.405485 0.358473 2.572518
v 0.405486 0.388045 2.572623
v 0.466433 0.378184 2.560892
v 0.470603 0.355682 2.555217
v 0.532822 0.344391 2.526722
v 0.528582 0.363696 2.536945
v 0.442777 0.388000 2.567529
v 0.448875 0.358427 2.563487
v 0.607762 0.344207 2.532865
v 0.620037 0.371118 2.560650
v -1.864641 0.286357 2.491385
v -1.864487 0.310550 2.486374
v -2.065439 0.312219 2.448844
v -2.080050 0.275688 2.468378
v -1.608209 0.306693 2.547484
v -1.608329 0.341240 2.547697
v -1.718171 0.326411 2.539674
v -1.718058 0.292672 2.539689
v -1.456477 0.321129 2.555228
v -1.456550 0.358598 2.555448
v -1.497974 0.358337 2.553638
v -1.497886 0.320767 2.553412
v -0.893060 0.320834 2.569044
v -0.893001 0.358437 2.569177
v -1.313298 0.359481 2.560621
v -1.313297 0.322411 2.560425
v -0.495481 0.321425 2.571482
v -0.495636 0.359064 2.571268
v -0.138799 0.320868 2.572786
v -0.138798 0.358482 2.572902
v 0.155670 0.320869 2.572776
v 0.155669 0.358481 2.572892
v 0.432253 -0.625978 1.506476
v 0.455698 -0.625945 1.506476
v 0.432264 -0.629869 1.118836
v 0.432267 -0.630717 0.978528
v 0.455712 -0.630681 0.978529
v 0.455710 -0.629833 1.118835
v 0.432272 -0.631852 0.696677
v 0.455716 -0.631815 0.696678
v 0.432261 -0.628886 1.245898
v 0.455706 -0.628851 1.245899
v 0.432274 -0.632478 0.389342
v 0.455719 -0.632440 0.389343
v 0.516623 -0.630586 0.978527
v 0.516620 -0.629740 1.118834
v 0.516605 -0.625859 1.506473
v 0.516631 -0.632341 0.389341
v 0.516630 -0.631717 0.696677
v 0.516616 -0.628760 1.245896
v 0.627497 -0.631478 0.696675
v 0.627491 -0.630352 0.978525
v 0.627481 -0.628535 1.245891
v 0.627467 -0.625646 1.506467
v 0.627502 -0.632098 0.389341
v 0.627485 -0.629510 1.118831
v -1.313047 0.589462 2.539641
v -0.889863 0.560536 2.569235
v -0.887695 0.589787 2.565851
v -1.312899 0.610854 2.522636
v -0.144130 0.585766 2.556265
v 0.158424 0.594812 2.542866
v 0.157827 0.617423 2.510624
v -0.141370 0.623286 2.515278
v -0.497261 0.587872 2.512972
v -0.497302 0.609827 2.495605
v -0.892884 0.469096 2.569757
v -0.495884 0.469937 2.571003
v -0.497246 0.527543 2.557832
v -0.892859 0.501079 2.570025
v -0.138796 0.469194 2.573340
v -0.138796 0.501160 2.573523
v 0.155665 0.471051 2.573341
v 0.155663 0.504639 2.573538
v -1.313579 0.468920 2.561442
v -1.313555 0.500751 2.561814
v 0.373867 0.472481 2.573070
v 0.406029 0.472787 2.573004
v 0.406511 0.507932 2.573229
v 0.374286 0.507351 2.573290
v 0.398205 0.572749 2.468595
v 0.423341 0.557917 2.474889
v 0.411003 0.595846 2.429114
v 0.388801 0.602023 2.445742
v 0.310325 0.600134 2.524303
v 0.371228 0.580536 2.500908
v 0.362206 0.606170 2.471727
v 0.315600 0.618062 2.497230
v 0.307758 0.471455 2.573198
v 0.339697 0.471530 2.573136
v 0.340045 0.505576 2.573346
v 0.308049 0.505412 2.573405
v 0.307432 0.388056 2.572836
v 0.307433 0.358477 2.572733
v 0.339307 0.358478 2.572666
v 0.339306 0.388047 2.572770
v 0.307434 0.320865 2.572614
v 0.307435 0.283246 2.572501
v 0.339309 0.283245 2.572432
v 0.339308 0.320865 2.572545
v 0.308556 -0.630009 1.118837
v 0.308558 -0.630860 0.978531
v 0.340642 -0.630826 0.978530
v 0.340640 -0.629975 1.118837
v 0.308560 -0.631999 0.696677
v 0.340645 -0.631964 0.696679
v 0.308562 -0.632628 0.389343
v 0.340647 -0.632592 0.389343
v 0.307974 -0.621269 1.754881
v 0.308551 -0.626108 1.506479
v 0.340631 -0.626077 1.506479
v 0.339934 -0.621241 1.754875
v 0.308555 -0.629023 1.245901
v 0.340637 -0.628990 1.245901
v 0.373312 -0.614383 1.946478
v 0.339224 -0.614411 1.946479
v 0.373307 -0.598111 2.164425
v 0.339219 -0.598136 2.164428
v 0.339226 -0.607769 2.058182
v 0.373314 -0.607742 2.058182
v 0.373315 -0.542727 2.402523
v 0.339227 -0.542757 2.402536
v 0.339255 -0.428510 2.522801
v 0.307436 0.146986 2.572048
v 0.355487 -0.148881 2.565573
v 0.398193 -0.135328 2.558552
v 0.339311 0.146986 2.571977
v 0.307436 0.241936 2.572376
v 0.339310 0.241934 2.572305
v 0.307403 -0.428534 2.522850
v 0.405405 -0.542700 2.402511
v 0.405404 -0.607716 2.058183
v 0.405399 -0.598087 2.164420
v 0.346874 0.579104 2.522164
v 0.380647 0.575278 2.497401
v 0.380348 0.563570 2.459409
v 0.355702 0.581784 2.502446
v 0.308051 0.525620 2.573515
v 0.309667 0.582205 2.547554
v 0.407293 0.549629 2.554063
v 0.404840 0.557566 2.454162
v -0.892549 0.520398 2.570097
v -0.497289 0.551858 2.540625
v -0.497231 0.570308 2.526493
v -0.891660 0.544922 2.569633
v -0.138976 0.520453 2.573552
v -0.141445 0.541445 2.571944
v 0.155662 0.522924 2.573676
v 0.156865 0.557556 2.569003
v -1.313555 0.519952 2.562088
v -1.312983 0.554339 2.557667
v 0.231341 0.525289 2.573607
v 0.232921 0.575453 2.557381
v 0.254938 -0.148998 2.569053
v 0.231043 0.241936 2.572478
v 0.231044 0.146986 2.572152
v 0.231576 -0.626157 1.506481
v 0.231580 -0.629076 1.245902
v 0.231585 -0.632056 0.696678
v 0.231586 -0.632685 0.389344
v 0.231583 -0.630915 0.978531
v 0.231581 -0.630063 1.118840
v 0.231042 0.320867 2.572714
v 0.231043 0.283246 2.572602
v 0.231039 0.388059 2.572933
v 0.231040 0.358481 2.572832
v 0.231199 0.471248 2.573287
v 0.231337 0.505085 2.573490
v 0.233530 0.600841 2.529081
v 0.233118 0.617539 2.504541
v 0.307390 -0.614437 1.946480
v 0.307386 -0.598159 2.164430
v 0.307390 -0.607792 2.058190
v 0.307389 -0.542783 2.402547
v 0.231037 0.433221 2.573109
v 0.307431 0.433215 2.573015
v 0.339303 0.433216 2.572950
v 0.373392 0.433212 2.572877
v 0.528020 0.434186 2.545686
v 0.618440 0.438188 2.571975
v 0.443364 0.433155 2.567284
v 0.466404 0.433164 2.561392
v 0.405485 0.433203 2.572808
v 0.429320 0.546738 2.488426
v 0.420359 0.559601 2.458581
v 0.452860 0.561819 2.465585
v 0.443474 0.555852 2.448326
v 0.417875 0.592596 2.442029
v 0.442992 0.593802 2.446388
v 0.437577 0.568334 2.508376
v 0.454412 0.564768 2.484524
v 0.445002 0.472717 2.566755
v 0.466378 0.478222 2.560529
v 0.453161 0.507800 2.561353
v 0.470892 0.526735 2.548788
v 0.523371 0.554476 2.446990
v 0.517935 0.553567 2.450279
v 0.523534 0.555869 2.471307
v 0.529255 0.478352 2.543655
v 0.526886 0.542706 2.513007
v 0.517023 0.593394 2.464437
v 0.599789 0.552018 2.473188
v 0.621143 0.553310 2.459892
v 0.597381 0.523649 2.507615
v 0.612686 0.536060 2.521156
v 0.617996 0.468505 2.571440
v 0.622502 0.616008 2.478676
v 0.686161 -0.511937 0.389631
v 0.686492 -0.631318 0.697104
v 0.682996 0.364317 2.561921
v 0.691282 0.405786 2.570276
v 0.685720 -0.598682 2.155250
v 0.685737 -0.546615 2.392311
v 0.665666 0.300325 2.554682
v 0.662617 0.333374 2.553537
v 0.686463 -0.625499 1.506916
v 0.685042 -0.620870 1.748967
v 0.686488 -0.630196 0.978956
v 0.686483 -0.629355 1.119264
v 0.683742 0.147729 2.570453
v 0.685903 0.282777 2.556655
v 0.685726 -0.608341 2.043977
v 0.686477 -0.628382 1.246331
v 0.685727 -0.614245 1.939355
v 0.646734 0.564625 2.495584
v 0.671401 0.592080 2.504754
v 0.686311 -0.146026 2.567483
v 0.657268 0.538512 2.535789
v 0.655114 0.551770 2.529886
v 0.693235 0.445707 2.571353
v 0.691228 0.469138 2.571619
v 0.686806 0.491638 2.569961
v 0.678945 -0.419856 2.525582
v 0.714915 -0.625431 1.506911
v 0.713451 -0.620806 1.748969
v 0.714175 -0.614187 1.939347
v 0.722374 0.444425 2.570954
v 0.720150 0.466977 2.571460
v 0.713709 -0.146020 2.567293
v 0.712160 0.147730 2.570256
v 0.706428 0.248617 2.569960
v 0.690953 0.300314 2.565576
v 0.721761 0.405835 2.571040
v 0.696734 0.335454 2.567861
v 0.722416 0.362959 2.567014
v 0.707367 -0.423032 2.524063
v 0.714952 -0.631241 0.697101
v 0.714945 -0.630120 0.978953
v 0.714192 -0.546548 2.392281
v 0.680287 0.576771 2.523523
v 0.700971 0.605201 2.508923
v 0.714967 -0.631858 0.389767
v 0.714162 -0.598628 2.155244
v 0.702824 0.505938 2.569952
v 0.678750 0.540863 2.554297
v 0.714937 -0.629281 1.119265
v 0.714174 -0.608286 2.043968
v 0.718551 0.485922 2.571608
v 0.714932 -0.628309 1.246328
v 0.800186 -0.145985 2.566515
v 0.798651 0.147744 2.569442
v 0.800922 0.248590 2.569780
v 0.800958 0.300197 2.569951
v 0.808215 0.405118 2.570294
v 0.808304 0.447874 2.569268
v 0.800884 0.335362 2.570076
v 0.806709 0.377210 2.569924
v 0.793792 -0.422422 2.523680
v 0.801317 -0.630951 0.697100
v 0.801307 -0.629837 0.978951
v 0.800553 -0.546282 2.392170
v 0.804418 0.586968 2.529847
v 0.793179 0.608675 2.503534
v 0.801316 -0.631564 0.389759
v 0.800528 -0.598428 2.155213
v 0.803278 0.506539 2.570901
v 0.802659 0.561204 2.556215
v 0.801301 -0.629003 1.119260
v 0.800535 -0.608077 2.043953
v 0.804913 0.485853 2.570803
v 0.801296 -0.628036 1.246323
v 0.801276 -0.625172 1.506907
v 0.800541 -0.613968 1.939330
v 0.799852 -0.620568 1.748948
v 0.806808 0.464005 2.570345
v 1.117423 0.445767 2.565383
v 1.115726 0.467028 2.565530
v 1.109630 -0.145798 2.561973
v 1.107996 0.147759 2.564858
v 1.110281 0.248666 2.565114
v 1.110352 0.300290 2.565210
v 1.117557 0.405313 2.565269
v 1.110195 0.335454 2.565277
v 1.118392 0.377326 2.565195
v 1.102967 -0.419822 2.520931
v 1.110363 -0.629390 0.697091
v 1.110345 -0.628310 0.978935
v 1.109584 -0.544758 2.391534
v 1.112419 0.581517 2.524433
v 1.101909 0.605868 2.493156
v 1.110370 -0.629983 0.389759
v 1.109504 -0.597324 2.155056
v 1.112626 0.503915 2.565929
v 1.110259 0.563059 2.545119
v 1.110333 -0.627501 1.119239
v 1.109525 -0.606940 2.043835
v 1.114218 0.485891 2.565706
v 1.110322 -0.626560 1.246300
v 1.110287 -0.623771 1.506870
v 1.109526 -0.612773 1.939245
v 1.108864 -0.619274 1.748889
v 1.457207 -0.625111 0.978907
v 1.457191 -0.624348 1.119193
v 1.456326 -0.604460 2.044213
v 1.456284 -0.594952 2.154729
v 1.461490 0.485815 2.556348
v 1.459873 0.504285 2.556553
v 1.457166 -0.623460 1.246253
v 1.457105 -0.620817 1.506889
v 1.456316 -0.610238 1.939071
v 1.457838 0.539186 2.554339
v 1.457546 0.581928 2.524911
v 1.455695 -0.616537 1.748764
v 1.464656 0.445587 2.555759
v 1.462981 0.466894 2.556055
v 1.456878 -0.145376 2.551520
v 1.455188 0.147773 2.554428
v 1.457518 0.248594 2.554783
v 1.457662 0.300163 2.555021
v 1.464812 0.405068 2.555391
v 1.457347 0.335338 2.555229
v 1.465633 0.377146 2.555144
v 1.449875 -0.416406 2.513363
v 1.457235 -0.626127 0.697073
v 1.456432 -0.541303 2.390097
v 1.447408 0.605061 2.494519
v 1.457250 -0.626682 0.389752
v 1.789744 -0.422648 2.490757
v 1.794272 -0.144634 2.528866
v 1.803019 0.377252 2.532060
v 1.802230 0.405178 2.532467
v 1.795121 -0.619581 0.697042
v 1.795072 -0.618667 0.978851
v 1.794401 -0.531904 2.388634
v 1.799757 0.549763 2.533731
v 1.786263 0.598549 2.501050
v 1.795148 -0.620078 0.389739
v 1.794027 -0.589898 2.154071
v 1.797586 0.504170 2.534642
v 1.796378 0.526870 2.535342
v 1.795042 -0.617979 1.119129
v 1.794111 -0.599290 2.043692
v 1.799040 0.485919 2.534129
v 1.794996 -0.617177 1.246164
v 1.794883 -0.614785 1.506746
v 1.794073 -0.604933 1.938739
v 1.793555 -0.610879 1.748536
v 1.802008 0.445698 2.533055
v 1.800438 0.467004 2.533602
v 1.792359 0.147871 2.531883
v 1.794857 0.248681 2.532054
v 1.795313 0.300276 2.532304
v 1.794490 0.335443 2.532664
v 2.149979 -0.591821 1.724879
v 2.150201 -0.586578 1.914774
v 2.163245 0.445440 2.453998
v 2.162258 0.466721 2.455040
v 2.174027 -0.146327 2.409407
v 2.154803 0.147766 2.453564
v 2.156563 0.248555 2.453706
v 2.155518 0.300180 2.454739
v 2.163599 0.404968 2.452871
v 2.155281 0.335304 2.455292
v 2.164089 0.377080 2.452108
v 2.120114 -0.382709 2.357672
v 2.147443 -0.599541 0.673826
v 2.151114 -0.598384 0.955593
v 2.096252 -0.460781 2.324246
v 2.159865 0.548183 2.451148
v 2.149019 0.593336 2.435996
v 2.139146 -0.600838 0.366551
v 2.187355 -0.566444 2.131775
v 2.173212 0.505309 2.450929
v 2.172678 0.532233 2.449897
v 2.151040 -0.597819 1.095827
v 2.151027 -0.581269 2.018938
v 2.161278 0.486316 2.455818
v 2.150950 -0.597135 1.222844
v 2.150704 -0.595106 1.483265
v -1.479999 0.468630 2.548962
v -1.500002 0.514799 2.526495
v -1.540224 0.514431 2.484336
v -1.518020 0.509454 2.513119
v -1.495042 0.560409 2.499642
v -1.487349 0.599375 2.467329
v -1.528213 0.571532 2.424035
v -1.503393 0.532627 2.511006
v -1.499576 0.548594 2.503024
v -1.526528 0.549564 2.451194
v -1.543743 0.514826 2.475855
v -1.428259 0.556896 2.546183
v -1.427045 0.583429 2.534489
v -1.423792 0.501041 2.557868
v -1.426761 0.536706 2.552678
v -1.422003 0.622304 2.506652
v -1.423582 0.468857 2.557718
v -1.419643 0.358818 2.556948
v -1.419683 0.388153 2.557142
v -1.419556 0.284096 2.556548
v -1.419601 0.321464 2.556736
v -1.419386 0.148742 2.555934
v -1.419490 0.243158 2.556359
v -1.424200 -0.626548 0.696648
v -1.428400 -0.627065 0.383782
v -1.424176 -0.625525 0.978477
v -1.421170 -0.624788 1.118766
v -1.418397 -0.621265 1.506358
v -1.418448 -0.623924 1.245819
v -1.418423 -0.616788 1.754660
v -1.418336 -0.610290 1.946611
v -1.418304 -0.594347 2.163886
v -1.418349 -0.603835 2.057745
v -1.418537 -0.535686 2.402880
v -1.418759 -0.421656 2.512366
v -1.419264 -0.148354 2.552979
v -1.423598 0.432948 2.557357
v -1.630800 0.472234 2.482062
v -1.626685 0.478479 2.461593
v -1.727044 0.476317 2.448398
v -1.736926 0.463677 2.485358
v -1.626701 0.492933 2.404835
v -1.610624 0.479859 2.368448
v -1.728696 0.466339 2.323000
v -1.715320 0.474526 2.336678
v -1.600758 0.506963 2.351762
v -1.551317 0.608026 2.335203
v -1.707792 0.567001 2.207363
v -1.719188 0.508077 2.288211
v -1.901858 0.434218 2.416630
v -2.032986 0.389452 2.412731
v -1.876207 0.466146 2.313860
v -1.886736 0.460182 2.239708
v -2.026314 0.424902 2.244547
v -2.029731 0.439626 2.245998
v -1.901799 0.445626 2.422237
v -2.024516 0.462248 2.386555
v -1.885150 0.487586 2.232910
v -1.837687 0.583384 2.181972
v -2.020611 0.611384 2.148531
v -2.009853 0.487557 2.197208
v -2.204868 0.215919 2.429908
v -2.197268 0.300103 2.403113
v -2.199534 0.272231 2.417948
v -2.189819 0.346918 2.381699
v -2.190379 0.323689 2.391615
v -2.125264 0.437862 2.224480
v -2.132668 0.445586 2.248405
v -2.089196 0.569792 2.104733
v -2.127982 0.489945 2.141061
v -2.207054 0.376724 2.360516
v -2.193826 0.432058 2.340510
v -2.200401 0.251647 2.425314
v -2.204589 0.590343 2.022523
v -2.220788 0.477991 2.116076
v -2.297217 0.413711 2.204527
v -2.296407 0.372143 2.275506
v -2.311119 0.241029 2.325385
v -2.313530 0.206609 2.352773
v -2.284079 0.351909 2.289110
v -2.238369 0.426482 2.175209
v -2.295752 0.272623 2.308381
v -2.301898 0.260766 2.316458
v -2.288739 0.325609 2.288859
v -2.290639 0.298845 2.299703
v -2.357674 0.248943 2.226169
v -2.354073 0.233910 2.241125
v -2.356937 0.309648 2.198281
v -2.359972 0.298526 2.199700
v -2.354139 0.215437 2.256144
v -2.280714 0.431178 2.141260
v -2.325055 0.405250 2.162680
v -2.360186 0.281489 2.207429
v -2.289908 0.498847 2.078810
v -2.359188 0.337411 2.190044
v -2.365345 0.184625 2.280333
v -2.457063 0.317330 2.105275
v -2.454416 0.300691 2.105726
v -2.477190 0.167127 2.078124
v -2.374573 0.509538 2.004194
v -2.435776 0.465845 2.090390
v -2.471449 0.233814 2.084288
v -2.474793 0.212902 2.079659
v -2.449142 0.283723 2.109650
v -2.474908 0.193537 2.081886
v -2.457457 0.419636 2.122736
v -2.458951 0.268460 2.099566
v -2.288548 0.626437 1.872419
v -2.501971 0.254898 1.993534
v -2.502152 0.233961 1.991883
v -2.439296 0.595902 1.839107
v -2.508138 0.472897 1.952241
v -2.501595 0.402852 2.003011
v -2.500133 0.345931 2.006532
v -2.503685 0.192023 1.983028
v -2.503764 0.167148 1.981838
v -2.501866 0.324360 1.997012
v -2.502821 0.425044 1.997166
v -2.502589 0.206067 1.988792
v -2.501417 0.294660 1.997821
v -2.535157 0.192073 1.759376
v -2.535223 0.167155 1.757728
v -2.535099 0.346047 1.768833
v -2.534389 0.324258 1.774344
v -2.538706 0.466200 1.745647
v -2.537356 0.424246 1.753782
v -2.534462 0.234003 1.768136
v -2.534803 0.206208 1.763543
v -2.534059 0.294585 1.775619
v -2.536592 0.402591 1.759146
v -2.534656 0.255025 1.767082
v -2.477502 0.600427 1.719839
v -2.553586 0.346272 1.497418
v -2.553286 0.324451 1.501220
v -2.552412 0.167226 1.503371
v -2.555201 0.466632 1.481716
v -2.554612 0.424560 1.486966
v -2.552442 0.234065 1.509860
v -2.552447 0.206209 1.506726
v -2.552969 0.294720 1.504747
v -2.552436 0.192106 1.505496
v -2.554268 0.402900 1.490877
v -2.552643 0.255114 1.507596
v -2.509658 0.595762 1.473950
v -2.562057 0.234045 1.243886
v -2.561972 0.206191 1.242759
v -2.562210 0.325020 1.239070
v -2.562279 0.294852 1.240618
v -2.561945 0.192079 1.241514
v -2.561476 0.425221 1.237739
v -2.561700 0.403332 1.237666
v -2.562172 0.255096 1.242588
v -2.508970 0.610075 1.232142
v -2.560975 0.467019 1.237421
v -2.562112 0.346647 1.239285
v -2.561898 0.167200 1.239261
v -2.564917 0.167200 1.112028
v -2.564965 0.192090 1.114309
v -2.567429 0.192128 0.973741
v -2.567387 0.167225 0.971408
v -2.564766 0.325115 1.111866
v -2.564526 0.346965 1.112108
v -2.567010 0.346914 0.971830
v -2.567215 0.324870 0.971528
v -2.563630 0.425179 1.110755
v -2.563282 0.466895 1.110512
v -2.566401 0.466783 0.970368
v -2.566446 0.424863 0.970664
v -2.564990 0.206219 1.115550
v -2.565050 0.234107 1.116665
v -2.567473 0.234191 0.976110
v -2.567446 0.206257 0.974985
v -2.564989 0.295217 1.113408
v -2.567374 0.295186 0.972993
v -2.563882 0.403542 1.110632
v -2.566572 0.403480 0.970504
v -2.565099 0.255310 1.115358
v -2.567484 0.255348 0.974830
v -2.511516 0.606811 1.105111
v -2.515059 0.604644 0.965733
v -2.571338 0.402928 0.689529
v -2.571100 0.346290 0.690938
v -2.570559 0.192072 0.692975
v -2.570483 0.167192 0.690592
v -2.571023 0.324465 0.690649
v -2.571672 0.466567 0.689396
v -2.571439 0.424558 0.689661
v -2.570689 0.234045 0.695322
v -2.570601 0.206185 0.694219
v -2.570913 0.294723 0.692132
v -2.570769 0.255102 0.694029
v -2.541011 0.612224 0.683516
v -2.572820 0.424577 0.382105
v -2.572733 0.402950 0.381966
v -2.572237 0.255109 0.386441
v -2.572169 0.234052 0.387735
v -2.572362 0.294734 0.384537
v -2.571952 0.167193 0.382979
v -2.535083 0.605640 0.376991
v -2.573021 0.466591 0.381860
v -2.572527 0.346303 0.383357
v -2.572035 0.192075 0.385393
v -2.572457 0.324482 0.383061
v -2.572080 0.206188 0.386637
v 2.457924 -0.504806 1.096018
v 2.458969 -0.505526 0.955717
v 2.559843 -0.236215 0.955880
v 2.557557 -0.236003 1.096218
v 2.415194 -0.482615 2.025653
v 2.417843 -0.502098 1.917681
v 2.510046 -0.222475 1.913541
v 2.491926 -0.204566 2.013479
v 2.442514 -0.509093 1.483803
v 2.456963 -0.503616 1.223081
v 2.554702 -0.235761 1.223254
v 2.545895 -0.235319 1.483773
v 2.459579 -0.506958 0.673884
v 2.562717 -0.236476 0.673975
v 2.444420 -0.496813 1.726159
v 2.532062 -0.223870 1.724869
v 2.346668 -0.465279 2.147913
v 2.442087 -0.173497 2.171482
v 2.459990 -0.507545 0.366568
v 2.564057 -0.236600 0.366599
v 2.562055 0.111745 1.223900
v 2.552973 0.112740 1.484766
v 2.570345 0.105675 0.674115
v 2.567362 0.106633 0.956171
v 2.494610 0.117651 2.022251
v 2.444512 0.136841 2.175170
v 2.537904 0.116261 1.727544
v 2.571743 0.105692 0.366636
v 2.515198 0.116379 1.917626
v 2.565000 0.109312 1.096707
v 2.440758 0.227808 2.185538
v 2.444450 0.451490 2.185461
v 2.443868 0.470431 2.188122
v 2.443816 0.495917 2.190406
v 2.439030 0.524059 2.203778
v 2.442706 0.319981 2.183498
v 2.444243 0.357139 2.181263
v 2.441087 0.278310 2.186004
v 2.442827 0.426148 2.187634
v 2.440150 0.389787 2.191926
v 2.427400 0.550682 2.226237
v 2.425528 0.580691 2.218604
v 2.493458 0.222424 2.029793
v 2.495646 0.490225 2.036567
v 2.496220 0.518012 2.038201
v 2.492189 0.272905 2.036521
v 2.493469 0.314589 2.033001
v 2.494844 0.420624 2.033307
v 2.495006 0.445959 2.034645
v 2.494540 0.384210 2.032142
v 2.495113 0.464832 2.035944
v 2.493750 0.351745 2.033555
v 2.497162 0.542340 2.039504
v 2.476373 0.615649 2.035941
v 2.516696 0.445934 1.926598
v 2.516839 0.464801 1.927902
v 2.517340 0.490199 1.928360
v 2.517930 0.517995 1.929740
v 2.516026 0.272864 1.918807
v 2.516031 0.314561 1.920783
v 2.516514 0.420603 1.925202
v 2.516194 0.384183 1.924112
v 2.516005 0.351719 1.923041
v 2.516151 0.222396 1.915945
v 2.518808 0.542428 1.930818
v 2.489074 0.618913 1.924809
v 2.539221 0.314689 1.725693
v 2.539292 0.351872 1.727955
v 2.539968 0.446204 1.731520
v 2.540127 0.465117 1.732827
v 2.539482 0.384382 1.729046
v 2.539778 0.420838 1.730067
v 2.540544 0.490611 1.733136
v 2.541072 0.518592 1.734282
v 2.539118 0.272969 1.723874
v 2.539115 0.222488 1.720209
v 2.541795 0.543924 1.735128
v 2.515538 0.609271 1.733968
v 2.553973 0.314675 1.484341
v 2.554092 0.351842 1.486595
v 2.554703 0.446172 1.490154
v 2.554857 0.465084 1.491460
v 2.555187 0.490624 1.491547
v 2.555622 0.518686 1.492434
v 2.553824 0.272933 1.482775
v 2.554523 0.420807 1.488669
v 2.554269 0.384397 1.487695
v 2.553576 0.214469 1.482038
v 2.551271 0.562230 1.492325
v 2.515038 0.613011 1.491842
v 2.563497 0.420909 1.224864
v 2.563651 0.446288 1.226364
v 2.563782 0.465218 1.227670
v 2.563999 0.491144 1.227759
v 2.562649 0.214505 1.218254
v 2.562871 0.272983 1.219035
v 2.563133 0.351907 1.222797
v 2.563285 0.384475 1.223902
v 2.563784 0.521998 1.228139
v 2.556824 0.567274 1.227580
v 2.521339 0.611316 1.228042
v 2.563013 0.314724 1.220547
v 2.565932 0.314736 1.091824
v 2.565790 0.272988 1.090352
v 2.568129 0.273003 0.948564
v 2.568263 0.314756 0.950016
v 2.566535 0.446324 1.097900
v 2.566377 0.420986 1.093571
v 2.535067 0.446619 0.939824
v 2.518264 0.469005 0.941423
v 2.565573 0.213178 1.089503
v 2.567916 0.211717 0.947675
v 2.557588 0.508633 1.096254
v 2.566265 0.468232 1.099195
v 2.514052 0.477958 0.944962
v 2.500421 0.499622 0.949565
v 2.566129 0.387431 1.095148
v 2.566056 0.351939 1.094058
v 2.567902 0.351964 0.951746
v 2.559068 0.402604 0.947438
v 2.531188 0.562131 1.092362
v 2.547268 0.534771 1.092292
v 2.484550 0.521075 0.956699
v 2.469685 0.542197 0.960492
v 2.501930 0.593712 1.098054
v 2.441964 0.578888 0.952874
v 2.566541 0.278937 0.674682
v 2.518847 0.344788 0.664724
v 2.403281 0.413629 0.677825
v 2.381856 0.436339 0.683900
v 2.570765 0.211718 0.673274
v 2.364862 0.461356 0.682797
v 2.349761 0.490766 0.682695
v 2.478240 0.366204 0.673952
v 2.417818 0.402186 0.671936
v 2.333711 0.520216 0.681385
v 2.323270 0.541551 0.686568
v 2.315427 0.563252 0.679555
v 2.567469 0.273027 0.367625
v 2.558481 0.319337 0.370179
v 2.419021 0.430318 0.380314
v 2.378272 0.458059 0.386846
v 2.465875 0.405138 0.386824
v 2.357784 0.484647 0.388515
v 2.335125 0.510545 0.393486
v 2.532470 0.373666 0.377244
v 2.572148 0.211739 0.364887
v 2.321575 0.536036 0.395116
v 2.322739 0.545499 0.381912
v 2.308486 0.597994 0.370888
v 2.572700 0.315190 0.125176
v 2.572653 0.273024 0.126141
v 2.572659 0.273025 -0.116454
v 2.572201 0.317078 -0.117345
v 2.556590 0.394955 0.132976
v 2.566459 0.371749 0.127665
v 2.558741 0.371896 -0.111188
v 2.543142 0.403646 -0.109574
v -2.572299 0.167196 0.146124
v -2.572385 0.192077 0.148549
v -2.572415 0.192076 -0.094015
v -2.571478 0.163845 -0.097148
v 0.155660 -0.632916 0.152541
v -0.138789 -0.632923 0.152540
v -0.138789 -0.632945 -0.090017
v 0.155659 -0.632938 -0.090017
v 0.340647 -0.632782 0.152540
v 0.308562 -0.632818 0.152540
v 0.308562 -0.632840 -0.090017
v 0.340647 -0.632804 -0.090016
v 2.387638 0.594836 0.131100
v 2.424388 0.561176 0.136023
v 2.423533 0.564308 -0.106765
v 2.398624 0.593933 -0.111970
v -2.572432 0.206188 0.149793
v -2.572520 0.234056 0.150890
v -2.572551 0.234077 -0.091674
v -2.572463 0.206189 -0.092772
v -1.428403 -0.627229 0.146988
v -1.465047 -0.626746 0.146112
v -1.465047 -0.626762 -0.096438
v -1.428404 -0.627245 -0.095562
v -0.495140 -0.632566 0.152540
v -0.495140 -0.632588 -0.090017
v 0.455720 -0.632630 0.152540
v 0.432276 -0.632668 0.152540
v 0.432275 -0.632689 -0.090017
v 0.455720 -0.632651 -0.090017
v 2.431828 0.553085 0.138707
v 2.461416 0.521151 0.137339
v 2.454215 0.517489 -0.110627
v 2.442883 0.537507 -0.114956
v -2.572585 0.255293 0.149631
v -2.572704 0.294740 0.147690
v -2.572732 0.294739 -0.094876
v -2.572615 0.255114 -0.092969
v 1.795157 -0.620226 0.152952
v 1.457254 -0.626848 0.152957
v 1.457255 -0.626867 -0.089594
v 1.795158 -0.620243 -0.089593
v -1.615889 -0.624405 0.145764
v -1.725255 -0.622117 0.146407
v -1.725256 -0.622131 -0.096139
v -1.615890 -0.624419 -0.096784
v -0.892734 -0.631375 0.152539
v -0.892734 -0.631395 -0.090016
v 2.486254 0.494529 0.135779
v 2.472865 0.493355 -0.110323
v -2.572859 0.346312 0.146514
v -2.573053 0.402956 0.145131
v -2.573077 0.402961 -0.097427
v -2.572885 0.346311 -0.096049
v -1.322346 -0.628395 0.149529
v -1.322347 -0.628413 -0.093023
v -2.573136 0.424583 0.145273
v -2.573324 0.466598 0.145037
v -2.573347 0.466600 -0.097515
v -2.573160 0.424584 -0.097283
v 2.139160 -0.600951 0.129777
v 2.139161 -0.600955 -0.112764
v 2.512389 0.463034 0.133179
v 2.494234 0.467758 -0.111682
v -2.058625 -0.607827 0.146400
v -2.171975 -0.597409 0.146397
v -2.171976 -0.597421 -0.096136
v -2.058626 -0.607839 -0.096137
v -1.506433 -0.626195 0.145120
v -1.506434 -0.626211 -0.097429
v 2.536208 0.434899 0.130937
v 2.515655 0.441937 -0.111795
v -2.536664 0.607513 0.140583
v -2.538701 0.608912 -0.102086
v 0.714927 -0.632045 0.152957
v 0.686467 -0.632123 0.152956
v 0.686461 -0.632145 -0.089594
v 0.714928 -0.632066 -0.089595
v -2.458163 -0.417084 0.152178
v -2.536753 -0.147916 0.152247
v -2.423793 -0.138354 -0.088873
v -2.359933 -0.423417 -0.081689
v 0.407330 -0.632705 0.152540
v 0.407330 -0.632727 -0.090017
v -1.870599 -0.617698 0.146404
v -1.870600 -0.617711 -0.096138
v -2.572792 0.324488 0.146216
v -2.572819 0.324488 -0.096348
v 0.374995 -0.632743 0.152540
v 0.374996 -0.632764 -0.090017
v -2.260833 -0.584122 0.146273
v -2.343801 -0.559105 0.147956
v -2.308822 -0.539145 -0.090623
v -2.258840 -0.574793 -0.096179
v 0.231586 -0.632877 0.152540
v 0.231587 -0.632898 -0.090017
v 0.516633 -0.632530 0.152540
v 0.516635 -0.632552 -0.090017
v 2.564363 -0.236629 0.129788
v 2.460088 -0.507684 0.129780
v 2.460091 -0.507689 -0.112768
v 2.564373 -0.236629 -0.112775
v -2.572223 0.148222 0.146394
v -2.569549 0.142400 -0.097710
v 1.110374 -0.630161 0.152959
v 0.801326 -0.631749 0.152966
v 0.801308 -0.631771 -0.089595
v 1.110379 -0.630181 -0.089595
v -2.394690 -0.530513 0.149150
v -2.330587 -0.511978 -0.087852
v 0.627503 -0.632285 0.152540
v 0.627503 -0.632307 -0.090017
v 2.572065 0.105692 0.129798
v 2.572076 0.105693 -0.112786
v 2.572464 0.211733 0.128041
v 2.572472 0.211733 -0.114548
v -2.058585 -0.607429 -0.605567
v -1.870572 -0.617261 -0.605588
v -1.428393 -0.626719 -0.605040
v -1.322336 -0.627879 -0.602507
v 2.570705 0.105695 -0.622453
v 2.571105 0.211781 -0.624137
v -2.542048 0.198940 -0.611149
v -2.538381 0.183590 -0.609321
v -1.615871 -0.623919 -0.606252
v -1.506423 -0.625692 -0.606904
v -2.552271 0.245634 -0.612293
v -2.547943 0.225681 -0.610650
v -1.725233 -0.621651 -0.605599
v -2.530260 0.156868 -0.608794
v -2.174043 -0.584516 -0.606038
v -2.222181 -0.544277 -0.601232
v -2.560175 0.286630 -0.610294
v -2.263063 -0.476169 -0.592645
v -2.242108 -0.513812 -0.592825
v -2.571855 0.402856 -0.607027
v -2.565614 0.341502 -0.608039
v -2.572176 0.466631 -0.607107
v -2.571969 0.424557 -0.606875
v -2.296819 -0.408111 -0.584820
v 0.374993 -0.632181 -0.599518
v 0.407328 -0.632144 -0.599518
v -2.392565 -0.167041 -0.595306
v -2.528684 0.576153 -0.611556
v 0.432272 -0.632107 -0.599517
v 0.455718 -0.632070 -0.599516
v -2.563842 0.321012 -0.609700
v 0.516632 -0.631972 -0.599517
v 0.627501 -0.631730 -0.599516
v -2.523139 0.138320 -0.607923
v 0.308560 -0.632256 -0.599518
v 0.340646 -0.632220 -0.599517
v 2.459679 -0.507110 -0.622252
v 2.563064 -0.236505 -0.622343
v 2.139106 -0.600536 -0.622194
v 0.155659 -0.632351 -0.599519
v 0.231585 -0.632312 -0.599518
v 2.571640 0.387504 -0.622699
v 2.571634 0.412928 -0.632773
v 0.686496 -0.631572 -0.599102
v 2.571295 0.273062 -0.626074
v 0.714954 -0.631494 -0.599095
v 2.571425 0.314836 -0.626955
v 2.571552 0.352101 -0.624722
v 0.801319 -0.631203 -0.599099
v 1.110366 -0.629634 -0.599088
v 1.457240 -0.626355 -0.599074
v 2.567653 0.556624 -0.633191
v 2.524581 0.622455 -0.629861
v 1.795132 -0.619787 -0.599054
v 2.571847 0.491281 -0.635548
v 2.571510 0.521270 -0.634448
v -0.138788 -0.632358 -0.599517
v 2.571766 0.465617 -0.630568
v -1.465032 -0.626240 -0.605915
v -0.495138 -0.632007 -0.599516
v -0.892729 -0.630832 -0.599511
v 2.571657 0.437074 -0.637642
v -2.563819 0.234037 -1.166284
v -2.563253 0.205585 -1.167355
v -2.253848 -0.563710 -1.167972
v -2.173476 -0.593607 -1.166406
v -2.564235 0.294705 -1.166457
v -2.564065 0.255081 -1.166880
v -2.336924 -0.509887 -1.175527
v -2.315594 -0.529281 -1.179004
v -2.564577 0.403268 -1.168830
v -2.564403 0.346296 -1.167508
v -2.563872 0.467481 -1.168922
v -2.564480 0.425014 -1.168695
v -2.413993 -0.408699 -1.210220
v -2.468393 -0.150383 -1.173701
v -2.522166 0.600004 -1.168378
v 0.432264 -0.629568 -1.161038
v 0.455709 -0.629533 -1.161038
v -2.564318 0.324467 -1.167867
v 0.516620 -0.629441 -1.161037
v 0.627486 -0.629212 -1.161033
v -2.559316 0.162189 -1.165453
v -2.556491 0.141668 -1.164698
v 0.308556 -0.629708 -1.161040
v 0.340639 -0.629674 -1.161040
v 2.458977 -0.502593 -1.183779
v 2.555702 -0.235840 -1.183973
v 0.374987 -0.629638 -1.161039
v 2.138868 -0.598659 -1.183552
v 0.155656 -0.629798 -1.161043
v 0.231581 -0.629762 -1.161042
v 2.549972 0.112151 -1.203852
v 0.407322 -0.629603 -1.161039
v 2.542517 0.384446 -1.197417
v 2.547253 0.409783 -1.197755
v 0.686481 -0.629064 -1.160625
v 2.538784 0.214307 -1.192272
v 2.530469 0.273444 -1.195047
v 0.714939 -0.628991 -1.160624
v 2.531673 0.313695 -1.195641
v 2.535920 0.349649 -1.197335
v 0.801300 -0.628714 -1.160621
v 1.110335 -0.627218 -1.160600
v 1.457181 -0.624080 -1.160554
v 2.555824 0.552734 -1.198540
v 2.533262 0.610710 -1.198405
v 1.795025 -0.617742 -1.160491
v 2.557046 0.488635 -1.202604
v 2.556171 0.520763 -1.208096
v -0.138785 -0.629805 -1.161043
v 2.554403 0.462466 -1.201795
v -1.506369 -0.623410 -1.168371
v -1.464973 -0.623940 -1.167388
v -0.495129 -0.629474 -1.161037
v -1.428346 -0.624403 -1.166515
v -0.892709 -0.628360 -1.161020
v 2.551001 0.433770 -1.199057
v -1.725147 -0.619520 -1.167040
v -1.615796 -0.621708 -1.167703
v -1.322290 -0.625527 -1.163993
v -2.058403 -0.605576 -1.166930
v -1.870454 -0.615255 -1.166997
v -2.561964 0.188193 -1.165809
v -2.545610 0.234125 -1.630449
v -2.545681 0.255172 -1.630636
v -2.453436 0.255040 -2.157334
v -2.453432 0.234008 -2.156857
v -1.464857 -0.618856 -1.630742
v -1.428249 -0.619288 -1.629873
v -0.892670 -0.622948 -1.624441
v -0.495114 -0.623954 -1.624476
v -1.506333 -0.618360 -1.631714
v -1.615647 -0.616810 -1.631031
v -1.615231 -0.593482 -2.151295
v -1.505974 -0.594737 -2.152082
v -1.724943 -0.614787 -1.630329
v -1.322201 -0.620342 -1.627372
v 2.379976 0.079527 -1.613881
v 2.534062 -0.233849 -1.648374
v 2.398634 -0.244649 -2.156180
v 2.237615 -0.078529 -2.203663
v -2.058016 -0.601398 -1.630076
v -1.870212 -0.610779 -1.630243
v 0.231574 -0.624211 -1.624486
v 0.155652 -0.624244 -1.624487
v 0.155642 -0.600278 -2.145335
v 0.231555 -0.600253 -2.145331
v -2.545376 0.206244 -1.632471
v -2.545357 0.192117 -1.631817
v -2.545221 0.167242 -1.632276
v -2.171555 -0.591012 -1.629932
v -2.259154 -0.577893 -1.629751
v -2.545894 0.294810 -1.630141
v -2.365899 -0.548385 -1.628469
v -2.344091 -0.556410 -1.629352
v -2.546564 0.402946 -1.632298
v -2.546147 0.346295 -1.631161
v -2.546978 0.466780 -1.632283
v -2.546816 0.424559 -1.632060
v -2.497689 -0.431956 -1.641034
v -2.538912 -0.152487 -1.631135
v -2.507460 0.601107 -1.637219
v 0.432248 -0.624038 -1.624480
v 0.455692 -0.624006 -1.624477
v -2.545972 0.324479 -1.631554
v 0.516599 -0.623924 -1.624475
v 0.627460 -0.623718 -1.624469
v -2.545150 0.148401 -1.632002
v 0.308548 -0.624164 -1.624484
v 0.340628 -0.624133 -1.624484
v 2.452308 -0.494233 -1.647047
v 0.374975 -0.624100 -1.624482
v 2.138350 -0.594375 -1.646686
v 0.407310 -0.624070 -1.624481
v -2.451880 0.206130 -2.159783
v -2.451722 0.192020 -2.159852
v 0.686453 -0.623588 -1.624082
v -1.428004 -0.595688 -2.150324
v -1.321977 -0.596800 -2.147911
v 0.714906 -0.623523 -1.624081
v 2.135698 -0.569282 -2.164879
v 2.398999 -0.454713 -2.147717
v 0.801264 -0.623273 -1.624072
v 0.340600 -0.600193 -2.145324
v 0.374948 -0.600166 -2.145321
v 1.110269 -0.621916 -1.624028
v -2.056399 -0.578855 -2.149209
v -1.869403 -0.588207 -2.150068
v 1.457020 -0.619054 -1.623880
v -0.892569 -0.599235 -2.145200
v 1.794803 -0.613186 -1.623780
v -0.138781 -0.624250 -1.624488
v 0.308529 -0.600216 -2.145326
v 0.407282 -0.600143 -2.145317
v 0.432209 -0.600118 -2.145314
v -1.724363 -0.591783 -2.150453
v -2.450989 0.167165 -2.161026
v 0.627393 -0.599862 -2.145281
v 0.686387 -0.599770 -2.145088
v -2.168448 -0.567230 -2.147768
v 0.714821 -0.599717 -2.145082
v -2.252589 -0.550915 -2.145103
v -2.453029 0.294572 -2.159269
v 0.801181 -0.599514 -2.145056
v -2.357132 -0.504774 -2.136258
v -2.323557 -0.525569 -2.137382
v -2.456082 0.402704 -2.156194
v -2.453840 0.346071 -2.159009
v 1.110096 -0.598397 -2.144917
v -2.458125 0.466409 -2.155035
v -2.456909 0.424255 -2.155323
v 1.456761 -0.596000 -2.144625
v -2.416757 -0.414703 -2.153635
v 1.794122 -0.590919 -2.144037
v -2.448542 -0.151413 -2.158592
v -2.380438 0.570916 -2.286921
v -2.450877 0.148346 -2.160923
v 0.455654 -0.600092 -2.145311
v -2.454506 0.324338 -2.156775
v -0.138771 -0.600283 -2.145334
v -1.464549 -0.595248 -2.151154
v 0.516546 -0.600027 -2.145302
v -0.495074 -0.600051 -2.145304
v -0.495053 -0.580415 -2.280411
v -0.138766 -0.580647 -2.280463
v -2.369682 0.346242 -2.303294
v -2.369729 0.324336 -2.302905
v -1.505738 -0.573990 -2.286435
v -1.464351 -0.574641 -2.285583
v -2.298225 -0.500274 -2.245470
v -2.237446 -0.523521 -2.262103
v 0.155637 -0.580642 -2.280462
v -2.369657 0.294519 -2.302430
v -1.427808 -0.575208 -2.284829
v -2.312346 -0.486360 -2.250598
v -2.365799 0.167131 -2.305259
v -2.363908 0.148303 -2.307180
v -1.723932 -0.570809 -2.284467
v -1.614946 -0.572654 -2.285504
v -2.161936 -0.541322 -2.273441
v 0.686472 -0.580100 -2.280375
v 0.714424 -0.580042 -2.280378
v 2.263995 -0.423354 -2.350757
v 2.270674 -0.194482 -2.385254
v -1.321834 -0.576657 -2.282602
v -2.054278 -0.555366 -2.279938
v -1.868686 -0.566672 -2.283260
v 0.627873 -0.580220 -2.280369
v 2.131953 -0.544633 -2.280834
v -2.368024 0.206082 -2.303012
v -2.368119 0.191985 -2.302673
v -2.355392 -0.151936 -2.311812
v 0.405628 -0.580510 -2.280432
v 0.432188 -0.580483 -2.280427
v 2.125655 0.017667 -2.415189
v -2.369594 0.254958 -2.301757
v -2.369550 0.233926 -2.301452
v 0.231545 -0.580618 -2.280457
v 0.373718 -0.580533 -2.280438
v 0.340585 -0.580558 -2.280443
v 0.308520 -0.580582 -2.280448
v 0.800541 -0.579828 -2.280339
v 0.517365 -0.580390 -2.280406
v -0.892512 -0.579564 -2.280225
v -2.370774 0.402528 -2.303007
v 1.108748 -0.578643 -2.280084
v 0.455146 -0.580458 -2.280421
v -2.367613 0.465678 -2.309517
v -2.372356 0.423998 -2.301736
v 1.455989 -0.576033 -2.279518
v 1.792818 -0.570368 -2.278304
v -2.330794 -0.417474 -2.292212
v -2.276842 0.167021 -2.387482
v -2.275426 0.148202 -2.388361
v -2.263091 -0.152205 -2.393057
v -2.280391 0.294349 -2.386405
v -2.280769 0.254808 -2.385546
v -2.282288 0.402140 -2.387133
v -2.280423 0.345755 -2.387267
v -2.244510 -0.420887 -2.366063
v -2.278867 0.465257 -2.391864
v -2.284430 0.423558 -2.386113
v -2.226840 -0.504107 -2.306781
v -2.279025 0.205954 -2.386259
v -2.279020 0.191862 -2.386101
v -2.262041 0.578916 -2.392928
v -2.280825 0.233786 -2.385229
v -2.280227 0.323988 -2.387021
v -2.183389 0.324193 -2.442812
v -2.183805 0.294432 -2.442244
v -2.184745 0.233845 -2.441166
v -2.182965 0.206018 -2.441682
v -2.168974 -0.152093 -2.443965
v -2.155265 -0.418765 -2.414380
v -2.180105 0.167079 -2.442594
v -2.178219 0.148260 -2.443265
v -2.184607 0.254876 -2.441443
v -2.150812 -0.515301 -2.335111
v -2.185378 0.402292 -2.443277
v -2.183498 0.345866 -2.443084
v -2.180882 0.465561 -2.446879
v -2.187849 0.423969 -2.442677
v -2.182806 0.191919 -2.441623
v -2.178676 0.582485 -2.444354
v -2.068349 0.255794 -2.482909
v -2.068924 0.234512 -2.482877
v -2.062466 0.348076 -2.482748
v -2.064029 0.326081 -2.482937
v -2.067242 0.191808 -2.483331
v -2.064106 0.166555 -2.483943
v -2.066167 0.295901 -2.482999
v -2.067508 0.206362 -2.483342
v -2.051338 -0.152406 -2.484393
v -2.042769 -0.422304 -2.450389
v -2.059702 0.147561 -2.484825
v -2.044402 -0.520611 -2.366152
v -2.060518 0.405174 -2.481275
v -2.048597 0.468826 -2.479670
v -2.062114 0.426843 -2.480258
v -2.057419 0.588176 -2.461640
v -1.866295 0.256159 -2.401073
v -1.865948 0.235232 -2.403125
v -1.863809 0.345074 -2.395798
v -1.863993 0.325675 -2.396960
v -1.864156 0.194023 -2.408405
v -1.860606 0.170991 -2.412142
v -1.855947 -0.145863 -2.488451
v -1.856896 -0.429153 -2.480525
v -1.859954 -0.528809 -2.387038
v -1.864625 0.295606 -2.399366
v -1.864568 0.208556 -2.406328
v -1.862258 0.144805 -2.417143
v -1.865399 0.400587 -2.396544
v -1.857668 0.467772 -2.394696
v -1.866268 0.424649 -2.397153
v -1.855977 0.552123 -2.381335
v -1.728076 0.243267 -2.396444
v -1.728197 0.214377 -2.401350
v -1.730836 0.189514 -2.404565
v -1.733002 0.168903 -2.414459
v -1.726978 0.297548 -2.395171
v -1.726715 0.251828 -2.396511
v -1.700609 -0.150016 -2.483859
v -1.701973 -0.432254 -2.493391
v -1.734445 0.393496 -2.402182
v -1.728363 0.347315 -2.398497
v -1.705098 -0.534996 -2.390450
v -1.724922 0.468014 -2.401782
v -1.736034 0.425278 -2.405673
v -1.726891 0.197409 -2.403311
v -1.718696 0.558922 -2.374158
v -1.728309 0.320228 -2.397132
v -1.602306 -0.538655 -2.389498
v -1.612061 0.560671 -2.366668
v -1.614065 0.473795 -2.403692
v -1.622542 0.261937 -2.429198
v -1.623302 0.240146 -2.432600
v -1.621205 0.354179 -2.408777
v -1.619877 0.337907 -2.412390
v -1.627205 0.208282 -2.437579
v -1.626871 0.173620 -2.445799
v -1.619315 0.306952 -2.421026
v -1.624210 0.210191 -2.437510
v -1.625143 0.154080 -2.449609
v -1.598347 -0.149969 -2.470209
v -1.598811 -0.433871 -2.498445
v -1.611177 0.407909 -2.408461
v -1.615470 0.435000 -2.407630
v -1.516077 0.478264 -2.393091
v -1.523049 0.413437 -2.394041
v -1.519672 0.157670 -2.460173
v -1.499648 -0.150945 -2.467214
v -1.496211 -0.432381 -2.502305
v -1.520931 0.403257 -2.396464
v -1.529690 0.225345 -2.442161
v -1.529294 0.211265 -2.447449
v -1.502715 -0.540437 -2.390277
v -1.516435 0.548575 -2.353376
v -1.522682 0.263384 -2.424868
v -1.526125 0.254734 -2.427037
v -1.521790 0.354656 -2.406250
v -1.521762 0.333221 -2.411070
v -1.522569 0.176494 -2.456577
v -1.522521 0.302010 -2.417423
v -1.488362 0.256251 -2.430158
v -1.483900 0.225882 -2.445858
v -1.453204 -0.435646 -2.499065
v -1.459912 -0.541045 -2.390544
v -1.478518 0.176738 -2.457932
v -1.476158 0.157878 -2.461323
v -1.482789 0.303833 -2.418039
v -1.485728 0.267411 -2.425181
v -1.482348 0.407319 -2.394958
v -1.483234 0.356852 -2.407449
v -1.471141 0.472585 -2.389058
v -1.483109 0.409791 -2.390692
v -1.456857 -0.150872 -2.467397
v -1.481434 0.203666 -2.452805
v -1.473086 0.543293 -2.352508
v -1.483185 0.334232 -2.412380
v -1.436703 0.541482 -2.351269
v -1.435129 0.474082 -2.383990
v -1.452187 0.278173 -2.423889
v -1.452990 0.257865 -2.434874
v -1.447508 0.359041 -2.409610
v -1.447263 0.333657 -2.415089
v -1.420300 -0.431436 -2.500027
v -1.424171 -0.539428 -2.395512
v -1.447214 0.301562 -2.420354
v -1.448006 0.224746 -2.448434
v -1.442681 0.175852 -2.458932
v -1.440112 0.156139 -2.462404
v -1.421525 -0.150192 -2.468141
v -1.445470 0.415593 -2.393839
v -1.443731 0.435506 -2.389619
v -1.445628 0.202717 -2.453734
v -1.346123 0.419359 -2.397683
v -1.343166 0.366212 -2.417897
v -1.318312 -0.540673 -2.396017
v -1.339945 0.472115 -2.382595
v -1.349116 0.440893 -2.390448
v -1.327924 0.152009 -2.461828
v -1.318624 -0.147720 -2.479214
v -1.336787 0.202708 -2.456238
v -1.329758 0.173376 -2.459649
v -1.333693 0.539096 -2.349676
v -1.337255 0.216849 -2.453540
v -1.343391 0.333752 -2.425535
v -1.336560 0.234548 -2.327027
v -1.342171 0.245520 -2.448421
v -1.344382 0.305831 -2.430712
v -1.316803 -0.435107 -2.504850
v -0.922328 0.252760 -2.466738
v -0.923114 0.231309 -2.465225
v -0.915629 0.338149 -2.462831
v -0.915786 0.299798 -2.470622
v -0.920317 0.202811 -2.463922
v -0.919109 0.168998 -2.461634
v -0.920552 0.149935 -2.461803
v -0.889582 -0.146105 -2.537797
v -0.918583 0.412265 -2.442104
v -0.917196 0.360636 -2.456083
v -0.918978 0.186570 -2.462209
v -2.195543 0.638297 0.940280
v -2.187770 0.638328 1.105153
v -1.904868 0.657991 1.106032
v -1.913498 0.657180 0.916569
v -0.913825 0.475814 -2.427787
v -0.919486 0.433720 -2.437108
v -0.882989 -0.394781 -2.533417
v -0.888311 -0.534718 -2.415301
v -2.219485 0.638133 0.659830
v -1.918394 0.657565 0.635922
v -0.902140 0.545936 -2.379602
v -0.511071 0.402921 -2.571981
v -0.509329 0.346248 -2.571743
v -0.503595 0.147231 -2.565573
v -0.495360 -0.152133 -2.568342
v -0.506271 0.515492 -2.572412
v -0.513572 0.424551 -2.572090
v -0.493381 -0.407671 -2.531487
v -0.504737 -0.540913 -2.406120
v -0.503484 0.606729 -2.520828
v -0.512967 0.203525 -2.560932
v -0.511815 0.192347 -2.560331
v -0.509147 0.323844 -2.571427
v -0.512969 0.250521 -2.566149
v -0.514038 0.229362 -2.563661
v -0.510350 0.292046 -2.569977
v -0.507160 0.167748 -2.562227
v -0.333223 0.294855 -2.571476
v -0.332415 0.324559 -2.571523
v -0.153208 0.324554 -2.571648
v -0.154005 0.294865 -2.571605
v -0.333539 0.206358 -2.571437
v -0.334753 0.234216 -2.571439
v -0.155519 0.234232 -2.571583
v -0.154282 0.206350 -2.571590
v -0.334539 0.255257 -2.571445
v -0.155313 0.255274 -2.571584
v -0.330087 0.167404 -2.571434
v -0.333076 0.192254 -2.571435
v -0.153806 0.192246 -2.571597
v -0.150802 0.167397 -2.571608
v -0.332594 0.346360 -2.571576
v -0.334354 0.402916 -2.571795
v -0.155149 0.402921 -2.571905
v -0.153388 0.346362 -2.571696
v -0.318651 -0.152377 -2.568844
v -0.328248 0.148576 -2.571431
v -0.149434 0.148565 -2.571613
v -0.139223 -0.152611 -2.569035
v -0.336856 0.424541 -2.571914
v -0.329344 0.515544 -2.572222
v -0.149979 0.519653 -2.570889
v -0.157635 0.424550 -2.572014
v -0.318361 -0.580575 -2.280447
v -0.328029 -0.541302 -2.405809
v -0.148629 -0.541464 -2.405687
v -0.138984 -0.580647 -2.280463
v -0.316669 -0.409258 -2.531275
v -0.137252 -0.410769 -2.530821
v -0.326308 0.604141 -2.524925
v -0.148406 0.605526 -2.528112
v 0.153031 0.607729 -2.525086
v 0.148545 0.519630 -2.570413
v 0.144197 0.206198 -2.572352
v 0.144670 0.192135 -2.572316
v 0.145069 0.346341 -2.572716
v 0.145251 0.324513 -2.572654
v 0.143154 0.255169 -2.572474
v 0.142952 0.234112 -2.572423
v 0.144455 0.294793 -2.572573
v 0.147690 0.167225 -2.572247
v 0.149053 0.148441 -2.572188
v 0.153498 -0.541462 -2.405689
v 0.143308 0.402955 -2.572916
v 0.161199 -0.410763 -2.530811
v 0.140820 0.424597 -2.573004
v 0.159242 -0.152609 -2.569023
v 0.221325 0.167225 -2.572242
v 0.218327 0.192082 -2.572334
v 0.292921 0.192081 -2.572233
v 0.295919 0.167224 -2.572140
v 0.216830 0.255132 -2.572535
v 0.218131 0.294770 -2.572648
v 0.292726 0.294766 -2.572554
v 0.291424 0.255127 -2.572437
v 0.234779 -0.410738 -2.530765
v 0.232832 -0.152607 -2.568959
v 0.307425 -0.152604 -2.568858
v 0.309373 -0.410707 -2.530690
v 0.218744 0.346337 -2.572802
v 0.220371 0.402978 -2.572608
v 0.297247 0.405338 -2.569386
v 0.293413 0.346809 -2.572639
v 0.222689 0.148389 -2.572169
v 0.297283 0.148389 -2.572067
v 0.219194 0.426999 -2.572561
v 0.225509 0.520996 -2.568437
v 0.299484 0.519507 -2.562340
v 0.296355 0.426429 -2.568476
v 0.227069 -0.541416 -2.405722
v 0.301663 -0.541341 -2.405778
v 0.226643 0.599092 -2.527536
v 0.300023 0.587905 -2.528771
v 0.217852 0.206198 -2.572382
v 0.292446 0.206196 -2.572281
v 0.218929 0.324512 -2.572735
v 0.293524 0.324509 -2.572642
v 0.216626 0.234068 -2.572472
v 0.291221 0.234064 -2.572373
v 0.339780 0.518314 -2.556375
v 0.333503 0.426301 -2.565767
v 0.343940 -0.152601 -2.568777
v 0.345877 -0.410673 -2.530632
v 0.334090 0.405203 -2.567320
v 0.338152 -0.541285 -2.405823
v 0.342300 0.576134 -2.526950
v 0.328965 0.206196 -2.572215
v 0.329441 0.192081 -2.572165
v 0.333804 0.148389 -2.571996
v 0.329969 0.346808 -2.572490
v 0.330159 0.324509 -2.572526
v 0.327944 0.255127 -2.572372
v 0.327741 0.234064 -2.572308
v 0.329243 0.294766 -2.572489
v 0.332440 0.167224 -2.572070
v 0.359659 0.234064 -2.572234
v 0.360884 0.206195 -2.572140
v 0.361359 0.192082 -2.572091
v 0.364358 0.167224 -2.571996
v 0.361161 0.294766 -2.572417
v 0.359861 0.255127 -2.572299
v 0.365722 0.148388 -2.571921
v 0.362262 0.410618 -2.564361
v 0.362205 0.348772 -2.572242
v 0.375857 -0.152595 -2.568703
v 0.369408 0.525594 -2.546827
v 0.362062 0.432106 -2.562132
v 0.377795 -0.410650 -2.530577
v 0.370070 -0.541229 -2.405867
v 0.368909 0.576163 -2.514547
v 0.361960 0.325222 -2.572428
v 0.391772 0.255125 -2.572225
v 0.391570 0.234062 -2.572160
v 0.393871 0.325221 -2.572355
v 0.393072 0.294764 -2.572344
v 0.392794 0.206195 -2.572066
v 0.393270 0.192080 -2.572017
v 0.396269 0.167224 -2.571921
v 0.397633 0.148389 -2.571846
v 0.393894 0.407086 -2.562410
v 0.394697 0.352383 -2.571064
v 0.407768 -0.152593 -2.568630
v 0.400890 0.525963 -2.536973
v 0.393917 0.430419 -2.559098
v 0.409705 -0.410627 -2.530522
v 0.401981 -0.541174 -2.405911
v 0.404100 0.576816 -2.496610
v 0.425781 0.148389 -2.571765
v 0.424417 0.167224 -2.571842
v 0.445357 0.167225 -2.571767
v 0.446722 0.148389 -2.571690
v 0.423191 0.430746 -2.555178
v 0.423162 0.409527 -2.559086
v 0.437829 -0.410599 -2.530452
v 0.430088 -0.541110 -2.405962
v 0.427521 0.571654 -2.489622
v 0.427062 0.525377 -2.528325
v 0.420941 0.206195 -2.571992
v 0.421418 0.192080 -2.571942
v 0.433719 -0.580482 -2.280426
v 0.422684 0.352272 -2.570320
v 0.422801 0.325217 -2.572127
v 0.419917 0.255125 -2.572153
v 0.419717 0.234062 -2.572087
v 0.435908 -0.152590 -2.568537
v 0.421213 0.294764 -2.572271
v 0.443909 0.409247 -2.556501
v 0.443611 0.352194 -2.569795
v 0.456848 -0.152584 -2.568463
v 0.458772 -0.410560 -2.530403
v 0.450533 0.533632 -2.513797
v 0.446180 0.434759 -2.549584
v 0.451029 -0.541055 -2.406007
v 0.451352 0.579237 -2.468979
v 0.441881 0.206193 -2.571917
v 0.442358 0.192081 -2.571867
v 0.442949 0.330792 -2.571340
v 0.440857 0.255125 -2.572079
v 0.440657 0.234062 -2.572013
v 0.442154 0.294764 -2.572197
v 0.507606 0.358014 -2.565939
v 0.506012 0.330760 -2.571124
v 0.503921 0.255122 -2.571856
v 0.503720 0.234061 -2.571789
v 0.519974 -0.152576 -2.568232
v 0.521877 -0.410488 -2.530228
v 0.505217 0.294762 -2.571975
v 0.504944 0.206194 -2.571692
v 0.505421 0.192080 -2.571641
v 0.508420 0.167223 -2.571541
v 0.509785 0.148389 -2.571464
v 0.510993 0.419970 -2.539838
v 0.516241 0.545933 -2.478377
v 0.514431 0.444520 -2.523858
v 0.514092 -0.540888 -2.406139
v 0.521040 0.579790 -2.405849
v 0.631068 -0.152552 -2.567641
v 0.632951 -0.410286 -2.529794
v 0.633577 0.505897 -2.383465
v 0.627213 0.433674 -2.429840
v 0.620970 0.148390 -2.570893
v 0.625152 0.397778 -2.454623
v 0.625166 -0.540456 -2.406480
v 0.633513 0.572472 -2.303902
v 0.616035 0.206193 -2.571142
v 0.616775 0.192078 -2.571086
v 0.629916 0.363568 -2.496468
v 0.626027 0.353903 -2.515840
v 0.615010 0.255232 -2.571284
v 0.614812 0.234060 -2.571243
v 0.620888 0.312463 -2.562315
v 0.619648 0.167222 -2.570972
v 0.681066 0.249062 -2.562321
v 0.680623 0.214169 -2.569320
v 0.685280 0.148401 -2.570441
v 0.689784 -0.152533 -2.567237
v 0.691673 -0.410135 -2.529503
v 0.680965 0.192685 -2.570434
v 0.683919 0.167424 -2.570488
v 0.688723 0.320187 -2.528667
v 0.684868 0.255219 -2.561994
v 0.692051 0.386393 -2.421066
v 0.691776 0.351132 -2.458303
v 0.688501 0.504368 -2.339493
v 0.692244 0.431790 -2.377527
v 0.683886 -0.540154 -2.406709
v 0.682273 0.582105 -2.269421
v 0.683474 0.339582 -2.483283
v 0.712617 0.591700 -2.236100
v 0.722844 0.500424 -2.326116
v 0.711575 0.214113 -2.568984
v 0.711920 0.192683 -2.570186
v 0.711483 -0.540012 -2.406814
v 0.718424 0.349757 -2.445028
v 0.717169 0.330270 -2.470467
v 0.714262 0.264579 -2.556397
v 0.711942 0.248519 -2.560845
v 0.713762 0.318543 -2.513239
v 0.717466 -0.152527 -2.567041
v 0.719325 -0.410073 -2.529353
v 0.714874 0.167424 -2.570270
v 0.716552 0.148401 -2.570216
v 0.720462 0.393157 -2.400090
v 0.722034 0.440118 -2.354067
v 0.805553 0.506136 -2.316366
v 0.795980 0.422408 -2.340400
v 0.796252 0.391267 -2.370625
v 0.804847 -0.409802 -2.528790
v 0.797035 -0.539659 -2.406817
v 0.797009 0.594083 -2.186320
v 0.797555 0.210637 -2.567786
v 0.797949 0.193131 -2.568469
v 0.788986 0.346883 -2.425581
v 0.790719 0.314977 -2.465774
v 0.797412 0.275449 -2.544836
v 0.795492 0.252168 -2.558010
v 0.797304 0.314789 -2.502314
v 0.801852 0.149324 -2.569225
v 0.802979 -0.152495 -2.566269
v 0.800688 0.168643 -2.568904
v 1.105670 0.244682 -2.518844
v 1.105919 0.217892 -2.531832
v 1.110316 -0.152320 -2.561741
v 1.106547 -0.408209 -2.525557
v 1.105960 0.206974 -2.536922
v 1.108817 0.184924 -2.546475
v 1.104942 0.289187 -2.490505
v 1.106642 0.264851 -2.507763
v 1.111590 0.168347 -2.552689
v 1.090193 0.373617 -2.372499
v 1.102028 0.356773 -2.426684
v 1.079312 0.452014 -2.258798
v 1.077852 0.412402 -2.315371
v 1.104143 -0.538052 -2.406031
v 1.072096 0.546649 -2.143678
v 1.110610 0.308566 -2.473928
v 1.452290 -0.534352 -2.404192
v 1.434233 0.397538 -2.219884
v 1.427912 0.347261 -2.291966
v 1.440421 0.314813 -2.346588
v 1.454725 -0.404761 -2.517723
v 1.414856 0.466054 -2.087915
v 1.454144 0.203277 -2.509563
v 1.454676 0.189405 -2.517902
v 1.452319 0.275845 -2.400332
v 1.449789 0.261567 -2.423679
v 1.454702 0.229240 -2.479341
v 1.453113 0.212270 -2.501201
v 1.453330 0.243692 -2.452851
v 1.459550 0.160307 -2.532483
v 1.458533 -0.151937 -2.551236
v 1.457747 0.177588 -2.523981
v 1.790279 0.207968 -2.368699
v 1.800508 0.228654 -2.439820
v 1.785866 0.117185 -2.286190
v 1.786249 0.173988 -2.331052
v 1.803201 0.221740 -2.467089
v 1.803871 0.203710 -2.494693
v 1.804335 0.179273 -2.511847
v 1.804560 0.156434 -2.520291
v 1.785681 0.126148 -2.173977
v 1.798610 0.077807 -2.254494
v 1.798240 -0.152217 -2.528188
v 1.789587 -0.525499 -2.400761
v 1.768797 0.218092 -1.992484
v 1.800741 0.160033 -2.133244
v 1.793737 -0.407649 -2.496141
v 1.777997 0.236584 -1.922182
v 2.067285 0.054985 -2.273054
v 2.114033 0.038836 -2.278199
v 1.969875 0.111751 -1.968176
v 2.000669 0.067953 -2.034973
v 2.015610 0.010416 -2.127023
v 2.056308 0.036363 -2.249998
v 2.026290 0.032746 -2.069049
v 2.144424 0.022764 -2.282532
v 1.934073 0.154531 -1.905313
v 1.885288 0.195058 -1.800442
v 1.901461 0.183463 -1.818455
v 1.848788 0.230196 -1.761639
v 2.257391 0.125532 -1.531286
v 2.207740 0.145629 -1.530063
v 2.081075 0.216408 -1.546837
v 2.043054 0.233016 -1.551801
v 2.117710 0.201193 -1.540007
v 2.010820 0.249261 -1.550534
v 1.976510 0.261969 -1.544451
v 2.161927 0.176640 -1.532068
v 2.318160 0.117031 -1.529641
v 1.968112 0.263642 -1.540766
v 1.935826 0.276760 -1.542699
v 1.896586 0.292681 -1.538349
v 2.193894 0.638375 -0.112273
v 2.254296 0.637901 -0.631179
v 1.914788 0.660288 -0.631369
v 1.916755 0.661581 -0.112292
v -2.190997 0.638157 1.461259
v -2.171086 0.638149 1.655268
v -1.875997 0.649018 1.593775
v -1.883999 0.653841 1.449692
v 0.684482 0.638466 2.181851
v 0.706059 0.638343 2.194235
v 0.706035 0.658132 1.916425
v 0.684465 0.659049 1.915435
v 2.241680 0.637910 -1.192435
v 1.754627 0.418824 -1.518518
v 1.693055 0.535359 -1.432405
v 1.921906 0.650883 -1.192501
v -2.005811 0.638832 1.905350
v -1.935004 0.639102 1.950540
v -1.791527 0.649097 1.755205
v -1.810779 0.648709 1.735834
v 0.398126 0.638691 2.163608
v 0.422736 0.638695 2.163177
v 0.422776 0.661133 1.916099
v 0.398161 0.660202 1.917011
v -1.655970 0.639514 2.048686
v -1.783514 0.639193 2.033240
v 2.241107 0.637939 1.051953
v 2.241466 0.637954 0.923657
v 1.913836 0.659325 0.750211
v 1.910360 0.659894 0.878873
v -2.228955 0.637664 -0.611762
v -2.221117 0.638139 -0.102250
v -1.926612 0.655118 -0.102265
v -1.922190 0.655831 -0.611778
v 2.231574 0.637940 1.314780
v 1.898325 0.661946 1.142385
v -1.332237 0.638312 -2.109127
v -1.438071 0.637974 -2.107926
v -1.440468 0.654442 -1.883545
v -1.334096 0.657092 -1.890302
v -2.152929 0.638139 1.754497
v -1.866324 0.647785 1.651044
v -2.061912 0.638220 -1.955074
v -2.194243 0.638083 -1.541692
v -1.874264 0.656982 -1.451700
v -1.776515 0.660947 -1.693037
v 1.690449 0.427987 -1.644405
v 1.554015 0.542263 -1.552561
v 2.231490 0.637852 1.554863
v 1.882353 0.658191 1.382599
v 0.342987 0.638472 2.183578
v 0.374170 0.638593 2.172155
v 0.374178 0.662058 1.915754
v 0.342981 0.664806 1.914366
v -1.747917 0.635748 -2.113407
v -1.676393 0.638180 -2.093966
v -2.194293 0.638252 -1.172893
v -1.903004 0.657066 -1.173941
v -1.990239 0.638245 -2.030795
v 0.629284 0.638710 2.160375
v 0.629323 0.661872 1.913648
v 0.151364 0.638062 -2.231400
v -0.147049 0.638062 -2.231400
v -0.147047 0.678121 -1.910269
v 0.151362 0.678120 -1.910266
v 2.144471 0.638940 0.367016
v 2.184503 0.638467 0.130253
v 1.916334 0.662166 0.130281
v 1.916400 0.661107 0.367121
v -2.087250 0.638545 1.805480
v -1.849359 0.647853 1.686659
v 0.448485 0.638702 2.162392
v 0.523439 0.638764 2.156918
v 0.523492 0.662803 1.914245
v 0.448532 0.661243 1.915857
v 1.412397 0.514838 -1.932186
v 1.068841 0.587983 -2.002542
v 1.066678 0.696629 -1.853730
v 1.413062 0.622821 -1.681175
v -1.421511 0.638222 2.185498
v -1.311927 0.638229 2.191000
v -1.311488 0.657525 1.891648
v -1.418771 0.673096 1.865713
v 2.201262 0.637877 1.745766
v 1.846272 0.656434 1.573657
v -2.221116 0.638139 0.140275
v -1.926607 0.655105 0.140290
v 0.616762 0.639241 -2.099250
v 0.505748 0.636009 -2.171450
v 0.505118 0.671386 -1.910693
v 0.616375 0.663546 -1.912767
v -1.536138 0.639144 2.091407
v -1.469226 0.638259 2.177474
v -1.463404 0.655659 1.875711
v -1.535206 0.654294 1.864529
v 2.226264 0.637125 0.771995
v 1.914719 0.660743 0.600133
v -2.221116 0.638135 0.377036
v -1.924560 0.655664 0.377095
v 0.422212 0.635364 -2.209074
v 0.394190 0.636732 -2.209075
v 0.392928 0.675081 -1.910329
v 0.421016 0.675034 -1.910172
v -1.621866 0.650807 1.854189
v -1.886124 0.638931 2.006833
v -1.767944 0.648460 1.787208
v 2.188062 0.637822 1.852222
v 1.829013 0.650712 1.679256
v -1.516676 0.634945 -2.127024
v -1.598116 0.638432 -2.095156
v -1.583002 0.651611 -1.862929
v -1.518673 0.652516 -1.875772
v -1.473876 0.636726 -2.118450
v -1.475657 0.653184 -1.881882
v 0.790807 0.638559 -2.043941
v 0.790725 0.676755 -1.905007
v 0.442323 0.635842 -2.199830
v 0.441979 0.676128 -1.909722
v 0.360980 0.638071 -2.226286
v 0.334328 0.638004 -2.231557
v 0.334310 0.678003 -1.909803
v 0.360957 0.677779 -1.909743
v 0.792422 0.638363 2.191066
v 1.101264 0.638300 2.191068
v 1.101160 0.654697 1.912567
v 0.792397 0.659065 1.913470
v 2.152660 0.638811 0.601816
v 1.916260 0.660010 0.525332
v 2.121912 0.637841 1.994534
v 1.827412 0.645272 1.776474
v 1.958373 0.637931 2.119329
v 1.780114 0.644947 1.830612
v -0.326423 0.638060 -2.231400
v -0.504087 0.636252 -2.232414
v -0.503165 0.657972 -1.919126
v -0.326432 0.664013 -1.914833
v -1.897431 0.638244 -2.072255
v 0.231280 0.638361 2.195193
v 0.307988 0.638404 2.190554
v 0.307985 0.667096 1.913484
v 0.231264 0.671332 1.912130
v 0.706130 0.638392 -2.079930
v 0.677895 0.639487 -2.088304
v 0.675157 0.667642 -1.910117
v 0.704922 0.675988 -1.906824
v -0.902135 0.633910 -2.151997
v -0.902954 0.658313 -1.911708
v 1.447826 0.638158 2.191067
v 1.447589 0.648306 1.913101
v -0.138764 0.638344 2.197126
v 0.155635 0.638318 2.199766
v 0.155617 0.675981 1.910831
v -0.138767 0.679610 1.909901
v -1.846001 0.636057 -2.105366
v -0.495044 0.638512 2.179122
v -0.495088 0.680278 1.908242
v -1.698545 0.650257 1.821646
v -0.892491 0.638185 2.209587
v -0.892537 0.679334 1.901864
v -2.184541 0.638315 1.232250
v -1.896528 0.658468 1.233142
v 0.297876 0.638031 -2.231397
v 0.297840 0.678039 -1.909945
v 1.731007 0.637950 2.184794
v 1.677497 0.645165 1.886894
v 1.609366 0.432285 -1.812669
v 1.466457 0.581557 -1.637072
v 0.224094 0.638061 -2.231400
v 0.224090 0.678089 -1.910144
v -1.632584 0.651647 -1.845194
v -1.714211 0.656399 -1.775514
v -1.654477 0.651111 -1.838587
v -0.902666 1.217865 -1.809598
v -0.498288 1.212807 -1.825006
v -1.801257 1.246766 0.635552
v -1.809057 1.239069 0.376914
v 0.629161 1.255932 1.786775
v 0.523487 1.257035 1.785291
v -1.799306 1.245874 0.916141
v -0.325076 1.205373 -1.838042
v 1.799435 1.233776 0.601480
v 1.805494 1.237220 0.750853
v 0.684077 1.253120 1.789277
v -0.150620 1.204353 -1.833932
v 0.144988 1.199993 -1.821212
v 1.798208 1.232832 0.525926
v 0.705584 1.252331 1.789629
v 0.219719 1.198102 -1.819686
v 1.794950 1.239855 0.366049
v 0.790893 1.250284 1.785035
v 0.295642 1.195733 -1.820289
v 0.333764 1.195032 -1.820804
v 1.797067 1.242749 0.130607
v 1.094664 1.221780 1.756394
v -1.631058 1.221008 1.672252
v -1.794097 1.248807 1.104921
v 0.360093 1.193397 -1.822473
v -1.812378 1.239459 0.139873
v -1.816807 1.240914 -0.102395
v 1.444660 1.223844 1.705443
v -1.752880 1.170606 -1.615253
v 0.393143 1.197297 -1.817881
v -1.789515 1.247773 1.231677
v 1.795594 1.235548 -0.110961
v 1.692128 1.236368 1.630853
v 0.421089 1.197039 -1.818243
v -1.420486 1.243745 1.739603
v -1.462119 1.243994 1.736820
v 0.441590 1.199436 -1.815328
v -1.730920 1.213478 1.596381
v -1.814481 1.233283 -0.611382
v -1.310887 1.241029 1.746803
v 0.505479 1.200586 -1.814355
v 1.810118 1.233586 -0.633670
v 0.617823 1.202420 -1.813827
v 0.676861 1.201960 -1.816109
v 0.706950 1.198875 -1.821451
v 0.792315 1.206314 -1.813509
v 1.067156 1.222671 -1.805585
v 1.498654 1.226226 -1.719056
v 0.155989 1.253082 1.780720
v -0.139232 1.233309 1.749329
v -1.748866 1.221937 1.563294
v -0.507034 1.239727 1.739382
v 1.665337 1.225517 -1.622936
v -1.774361 1.239023 1.444775
v -0.890162 1.251991 1.754655
v 1.761323 1.209283 -1.495646
v 1.792383 1.237200 -1.191653
v 0.308401 1.253702 1.782610
v 0.231719 1.253297 1.781534
v 0.374650 1.252526 1.785894
v 0.343386 1.253120 1.784249
v -1.491710 1.212387 -1.779087
v 0.398456 1.252198 1.787209
v -1.455010 1.213079 -1.787795
v 1.774574 1.230087 1.378550
v -1.421403 1.216970 -1.792800
v 1.787171 1.241460 1.138032
v 0.423051 1.253826 1.785904
v -1.325023 1.218005 -1.808572
v 1.805870 1.242368 0.878130
v 0.448791 1.254370 1.786328
v 0.303263 1.324243 1.371331
v 0.228093 1.314366 1.394677
v 0.297872 1.324461 -1.365129
v 0.334356 1.325053 -1.346260
v 1.063390 1.328642 0.878376
v 0.963288 1.328470 1.016661
v 0.369452 1.324154 1.371207
v 0.338263 1.324145 1.372737
v 0.361006 1.325204 -1.340410
v 1.177627 1.327789 0.749888
v 0.393428 1.324200 1.368629
v 0.392924 1.325340 -1.333561
v -1.258653 1.326855 0.593484
v -1.327123 1.325582 0.377118
v 0.421011 1.325479 -1.326643
v 1.239549 1.327250 0.600047
v 0.418034 1.324314 1.363993
v 0.446997 1.299613 -1.332905
v 1.276109 1.326638 0.525289
v 0.443766 1.324175 1.366702
v 0.462185 1.326067 -1.302578
v 1.333762 1.325405 0.367080
v 0.518744 1.325161 1.331260
v 0.583014 1.326891 -1.255451
v -1.250430 1.848670 0.589624
v -1.328157 1.853514 0.377719
v 1.379534 1.324099 0.130265
v 0.624737 1.326529 1.267313
v 0.654600 1.327194 -1.229883
v 0.435955 1.857848 -1.306518
v 0.459869 1.855745 -1.297049
v -1.391929 1.323609 0.140290
v -1.389592 1.323719 -0.102266
v 0.654425 1.326552 1.261875
v 0.671079 1.327237 -1.224736
v 1.386627 1.323836 -0.112292
v 0.665797 1.326574 1.259080
v 0.684706 1.327249 -1.221505
v 0.686291 1.326963 1.236927
v 0.708692 1.327281 -1.215017
v -1.320657 1.325499 -0.505441
v 0.700840 1.327069 1.228532
v 0.734378 1.327391 -1.204223
v 1.269968 1.326440 -0.631287
v -1.309687 1.325751 -0.530260
v 0.725819 1.327367 1.208433
v 0.832511 1.327927 -1.139520
v 0.415907 1.858412 -1.316558
v 0.922324 1.328325 -1.061807
v -0.754836 1.318913 1.197968
v -0.499852 1.326342 1.290892
v -0.493066 1.848072 1.272816
v -0.743261 1.845132 1.176574
v -0.791695 1.328231 1.136314
v -0.812459 1.328411 1.115222
v 0.959539 1.328549 -1.012678
v 0.389689 1.860614 -1.325569
v -0.793294 1.855970 1.139065
v 1.277077 1.836020 0.591500
v 1.205384 1.824037 0.725091
v -0.847855 1.328467 1.094974
v -0.876270 1.328387 1.085233
v -1.263250 1.326675 -0.612333
v -0.145127 1.325654 1.410312
v -0.129077 1.852494 1.343254
v 1.072520 1.831375 0.891946
v -1.214140 1.327442 -0.683660
v 0.359347 1.861872 -1.333645
v -0.986005 1.328614 0.983294
v -1.069039 1.328423 0.898087
v -1.168511 1.327842 -0.769182
v -0.898848 1.328404 1.070053
v -0.923713 1.328425 1.052779
v -1.148357 1.327963 0.806546
v -1.071492 1.328355 -0.902512
v -0.951972 1.328496 1.024059
v -0.902322 1.328585 -1.053155
v 0.151863 1.320784 1.407977
v -0.503220 1.325827 -1.309460
v 0.144870 1.847319 1.341808
v -0.326481 1.324842 -1.352991
v 0.824071 1.328261 1.120138
v 0.817261 1.832405 1.110855
v 0.715069 1.839113 1.196933
v -0.147062 1.323393 -1.397132
v 0.151383 1.323427 -1.396255
v 0.224112 1.324000 -1.380713
v 0.692107 1.839748 1.217137
v 1.304805 1.828865 0.517139
v 0.298911 1.830535 1.347889
v 0.213584 1.843842 1.331821
v 0.579498 1.855920 -1.244335
v 1.363671 1.822927 0.357067
v 0.343569 1.827443 1.337461
v 0.328629 1.831765 1.339165
v 0.650656 1.857659 -1.219271
v 1.399581 1.831975 0.131380
v 0.360435 1.818658 1.337496
v 0.665987 1.857622 -1.213069
v -1.378634 1.838826 0.136883
v -1.384271 1.844993 -0.101439
v -0.870661 1.851434 1.079754
v -0.890463 1.849184 1.061952
v 0.678746 1.855880 -1.209739
v 1.406439 1.808977 -0.110705
v 0.394166 1.803130 1.334943
v 0.699724 1.853259 -1.201609
v 0.403800 1.799428 1.333373
v 0.722369 1.850639 -1.189294
v -1.305933 1.837819 -0.500247
v 0.503688 1.796614 1.296545
v 1.269155 1.827367 -0.594880
v 0.622862 1.835409 1.259168
v 0.882622 1.835714 -1.041279
v 0.955330 1.810799 -1.001270
v -1.292931 1.842036 -0.524555
v 0.648602 1.835260 1.249255
v -0.912215 1.847602 1.041401
v -0.941221 1.847140 1.013017
v 0.656904 1.838160 1.242316
v 0.680869 1.837123 1.228524
v 0.814168 1.842858 -1.119627
v -0.978492 1.848512 0.975519
v -1.060820 1.848630 0.890830
v -0.824397 1.857623 1.115003
v -1.254873 1.849461 -0.609322
v -0.849056 1.855383 1.095817
v -1.211586 1.852626 -0.682091
v -1.148854 1.832239 -0.747768
v -1.064322 1.799097 -0.841876
v -0.893243 1.797081 -0.939787
v -0.445588 1.826885 -1.299140
v -0.326953 1.854898 -1.353763
v -0.146543 1.850624 -1.390540
v 0.159959 1.840995 -1.374699
v 0.223295 1.851365 -1.365314
v -1.140331 1.848267 0.799907
v 0.296220 1.856098 -1.352526
v 0.333221 1.861630 -1.339292
v 0.956995 1.849874 1.005823
v -0.788695 1.889051 -0.820728
v -0.669627 1.885287 -0.931192
v 0.914086 1.885276 0.697306
v 0.854608 1.885876 0.765522
v 1.139740 1.886456 -0.113713
v 1.136796 1.886751 0.131817
v -0.394322 1.885108 -1.080627
v 0.743326 1.886930 0.869322
v 0.227412 1.889178 1.115137
v 0.196520 1.888409 1.121950
v -0.256483 1.888566 -1.110117
v 0.161749 1.886738 1.129050
v 0.406330 1.888829 1.063881
v 0.301751 1.889070 1.097586
v -0.114013 1.888409 -1.134110
v 0.151994 1.884709 -1.130561
v -1.136752 1.888905 -0.067526
v -1.020748 1.773676 -0.420919
v 0.787579 1.883499 -0.848424
v 0.889546 1.883686 -0.739431
v 0.251383 1.889367 1.109683
v 1.028549 1.883851 -0.527738
v 0.230235 1.888678 -1.115216
v -1.125484 1.887715 0.190584
v -1.134076 1.887440 0.136995
v -0.738349 1.887513 0.871306
v -0.763217 1.887790 0.848543
v 0.305346 1.888659 -1.097037
v 0.329916 1.889248 -1.089115
v 0.603525 1.888455 0.966867
v 0.589389 1.888529 0.975338
v 0.276133 1.889165 1.104120
v 0.356539 1.889214 -1.080768
v 0.623709 1.888164 0.954789
v 0.577514 1.888578 0.982306
v 0.112079 1.885978 1.135654
v -0.975864 1.887116 0.595770
v -1.063556 1.888550 0.408875
v 0.387885 1.889397 -1.069561
v 0.516527 1.889322 1.013991
v -0.589043 1.888454 0.975751
v -0.639760 1.887986 0.944638
v 0.415687 1.888848 -1.060228
v -0.908489 1.887168 0.693795
v -0.803907 1.887142 0.812658
v -0.838734 1.887337 0.775848
v 0.436392 1.888795 -1.052025
v 1.118540 1.884394 0.279122
v 0.453126 1.888046 -1.046837
v -0.510009 1.888461 1.019263
v 1.115439 1.864683 0.382437
v 0.581497 1.887566 -0.982920
v -0.687136 1.887319 0.912996
v -0.717001 1.887319 0.889668
v -0.147808 1.885546 1.131797
v 0.609241 1.887341 -0.966692
v 0.624974 1.887066 -0.957573
v 0.638654 1.886659 -0.950038
v 0.662300 1.886247 -0.935376
v 0.062706 1.885086 1.140022
v 0.684083 1.886904 -0.916847
v 0.967237 1.883760 -0.633957
v -0.664001 1.887402 0.929672
v 1.043313 1.883487 0.502022
v 0.970491 1.885602 0.614129
v -1.043388 1.887504 -0.464598
v -1.000779 1.888243 -0.546477
v -0.969099 1.889292 -0.596642
v -0.911080 1.888885 -0.683073
v 0.652997 1.887755 0.936257
v 0.344551 2.258130 -1.042211
v 0.375654 2.258416 -1.033301
v 0.155339 2.274434 1.086259
v 0.107280 2.278934 1.089029
v 0.402766 2.258590 -1.024844
v -0.571338 2.258075 0.948611
v -0.621031 2.250635 0.917367
v 0.422558 2.259055 -1.017769
v -0.778279 2.264041 0.784850
v -0.810667 2.265848 0.751017
v 0.439575 2.251786 -1.015003
v -0.495639 2.253778 0.990338
v 0.561756 2.249056 -0.948764
v 1.002414 2.250139 0.481085
v 0.937102 2.256855 0.594056
v 0.589483 2.249963 -0.932510
v -0.149192 2.273883 1.078250
v 0.585485 2.247692 0.937975
v 0.571626 2.248187 0.944805
v 0.605241 2.249584 -0.924115
v -1.018485 2.241771 0.406081
v -1.067892 2.269997 0.166804
v 0.559307 2.248807 0.951412
v 0.618857 2.248617 -0.917236
v 0.602853 2.250049 0.924893
v 0.500736 2.257550 0.985358
v 0.641673 2.250130 -0.902779
v -0.875390 2.262337 0.669743
v -0.936576 2.263393 0.573612
v 0.395337 2.258709 1.032327
v 0.663564 2.253626 -0.886597
v -0.666902 2.250082 0.885448
v -0.695190 2.253154 0.862111
v 0.881188 2.248344 0.670206
v 0.856145 2.240037 -0.710135
v 0.928021 2.242045 -0.608950
v 0.982896 2.246174 -0.513643
v 1.105442 2.252376 -0.110454
v 0.825613 2.249274 0.742119
v -0.740204 2.257901 0.821974
v -0.715620 2.255746 0.843920
v 0.721232 2.249301 0.843122
v -1.099174 2.260716 -0.065311
v -1.024906 2.253079 -0.422180
v 0.061140 2.280181 1.089857
v -1.092011 2.257574 0.123698
v -0.644698 2.248529 0.902387
v 1.104997 2.246378 0.128889
v 0.756490 2.243993 -0.817207
v -1.010039 2.257125 -0.449327
v 0.288908 2.263523 1.063547
v -0.968976 2.259873 -0.529270
v -0.940136 2.262127 -0.579106
v 0.267703 2.266187 1.069797
v -0.882776 2.265063 -0.662036
v 0.246826 2.266003 1.073237
v 0.628662 2.242549 0.909803
v -0.761598 2.267539 -0.793219
v -0.647534 2.269133 -0.885785
v 0.187942 2.270360 1.082937
v -0.362422 2.243016 -1.021277
v 0.214855 2.266906 1.072986
v -0.247963 2.275334 -1.071395
v 1.081622 2.238704 0.266943
v -0.111325 2.272595 -1.085139
v 0.148848 2.264818 -1.091707
v 1.047655 2.242785 0.382648
v 0.219730 2.264169 -1.069619
v 0.293481 2.266153 -1.050306
v 0.318470 2.258085 -1.048983
v 0.170093 2.330488 -0.895215
v 0.203607 2.328798 -0.890923
v 0.864032 2.330357 0.295478
v 0.838702 2.331357 0.351558
v 0.240913 2.334559 -0.866718
v 0.285138 2.318616 -0.851640
v 0.176588 2.331101 0.892842
v 0.145101 2.331241 0.898047
v 0.290455 2.314234 -0.851046
v 0.647145 2.331158 -0.639648
v 0.677793 2.217060 -0.549881
v 0.312523 2.313693 -0.839941
v 0.106163 2.331117 0.903863
v 0.083837 2.331352 0.905561
v 0.341165 2.295476 -0.851035
v -0.437736 2.330983 0.798550
v -0.469374 2.331147 0.779701
v 0.377559 2.274962 -0.840319
v -0.642983 2.331249 0.643461
v -0.663083 2.220031 0.554849
v 0.394596 2.274892 -0.832021
v -0.400621 2.331050 0.817498
v 0.465060 2.306500 -0.774807
v 0.785755 2.327734 0.469655
v 0.490789 2.321380 -0.755199
v -0.146173 2.331404 0.897405
v 0.441949 2.329997 0.797237
v 0.426145 2.327108 0.809670
v 0.528923 2.323605 -0.729683
v -0.868210 2.331437 0.269687
v -0.889501 2.330969 0.193356
v 0.409727 2.323006 0.822458
v 0.529716 2.323244 -0.705375
v 0.456079 2.330897 0.787881
v 0.352729 2.322416 0.834694
v 0.546968 2.323339 -0.694413
v -0.716000 2.331119 0.561645
v -0.783503 2.331456 0.461325
v 0.315603 2.320862 0.846622
v 0.568935 2.324547 -0.675835
v -0.512869 2.330939 0.752664
v -0.549097 2.330919 0.726718
v 0.725915 2.329832 0.552727
v 0.780616 2.330714 -0.470993
v 0.800472 2.330511 -0.438180
v 0.912685 2.329879 -0.068008
v 0.672002 2.330145 0.616305
v -0.606177 2.330781 0.680482
v -0.575946 2.330691 0.706751
v 0.554447 2.331012 0.721880
v -0.907222 2.331240 -0.067926
v -0.837038 2.330630 -0.362097
v 0.061930 2.331108 0.908055
v -0.900303 2.330605 0.139378
v -0.494791 2.330958 0.764573
v 0.917882 2.272955 0.094836
v -0.824115 2.331054 -0.386782
v 0.263573 2.306796 0.897846
v -0.807739 2.331156 -0.419222
v -0.792301 2.331204 -0.447425
v 0.229914 2.329850 0.883077
v -0.751765 2.331241 -0.512384
v 0.201158 2.331086 0.887669
v 0.477815 2.329704 0.777589
v -0.635599 2.330489 -0.652918
v -0.605815 2.330764 -0.679969
v -0.373194 2.331279 -0.829561
v -0.244207 2.320351 -0.889102
v 0.877517 2.330848 0.244862
v -0.101883 2.318784 -0.917434
v 0.783620 2.682643 -0.433652
v 0.886135 2.695696 -0.067885
v 0.707253 2.696190 0.538500
v 0.654640 2.692274 0.600479
v -0.566118 2.683013 0.694628
v -0.596454 2.685375 0.669273
v 0.544799 2.691247 0.709209
v -0.770237 2.687325 0.453220
v -0.855784 2.687007 0.266606
v -0.890016 2.690356 -0.066656
v -0.815890 2.679622 -0.351174
v 0.060772 2.687719 0.888529
v -0.136481 2.676914 0.873087
v -0.870809 2.691351 0.188999
v -0.879221 2.689034 0.136109
v -0.463320 2.684590 0.769902
v -0.488560 2.684474 0.755089
v 0.868732 2.669713 0.075285
v -0.799585 2.678573 -0.370306
v 0.315353 2.682433 0.841618
v 0.248365 2.686550 0.858963
v -0.786632 2.681450 -0.411557
v -0.779968 2.683035 -0.439979
v 0.222361 2.686242 0.865642
v -0.738671 2.685956 -0.503427
v 0.197414 2.686228 0.871337
v -0.622428 2.693485 -0.639375
v 0.339265 2.693712 -0.816788
v 0.359722 2.693718 -0.809180
v -0.593161 2.693358 -0.665772
v 0.142781 2.688754 0.883697
v 0.104088 2.689154 0.887733
v 0.377544 2.694564 -0.801458
v -0.365524 2.689293 -0.812206
v 0.173341 2.686854 0.877110
v 0.471039 2.687294 -0.752080
v -0.234004 2.696533 -0.851921
v 0.860492 2.685719 0.240369
v 0.500191 2.687511 -0.738033
v -0.097524 2.691986 -0.877554
v 0.165950 2.693206 -0.873105
v 0.845826 2.686331 0.289441
v 0.516085 2.684954 -0.728605
v 0.197859 2.694728 -0.865752
v 0.822944 2.692872 0.345021
v 0.529318 2.681869 -0.720822
v 0.230278 2.695089 -0.855825
v 0.253802 2.694463 -0.847755
v 0.550547 2.683559 -0.703521
v 0.279799 2.693054 -0.839258
v 0.638259 2.684021 -0.630926
v 0.695406 2.681943 -0.564272
v 0.571158 2.683227 -0.687617
v 0.311415 2.693389 -0.827230
v 0.082311 2.688439 0.888091
v 0.767199 2.682850 -0.465321
v -0.431127 2.685756 0.786532
v -0.632556 2.689146 0.632927
v -0.686705 2.687320 0.574799
v -0.395431 2.682385 0.806859
v -0.703894 2.688944 0.552364
v 0.757864 2.696037 0.452933
v -0.505803 2.685614 0.742192
v 0.435112 2.686726 0.781902
v 0.420856 2.685707 0.790282
v 0.402921 2.684528 0.800311
v 0.448515 2.687008 0.774229
v 0.355496 2.682702 0.824245
v -0.539423 2.685098 0.714242
v 0.467282 2.691043 0.761213
v -0.681571 2.730673 -0.341502
v -0.647289 2.737134 -0.370547
v 0.216840 2.738650 0.724050
v 0.190179 2.738543 0.731691
v -0.455153 2.739925 0.600350
v -0.481880 2.739797 0.579494
v -0.616743 2.737264 -0.440659
v 0.164119 2.739032 0.737112
v 0.436803 2.739594 0.614690
v 0.406961 2.739778 0.632156
v -0.510985 2.739323 -0.555288
v -0.748578 2.738085 0.107950
v -0.748614 2.739653 -0.089897
v 0.387239 2.741199 0.637594
v -0.482858 2.739625 -0.579154
v 0.107292 2.738535 0.748392
v 0.066162 2.739727 0.750175
v -0.312220 2.739955 -0.685547
v 0.139093 2.739370 0.741610
v -0.210172 2.738925 -0.725518
v 0.709250 2.717493 0.051773
v 0.737004 2.736043 0.137787
v -0.100652 2.739749 -0.747038
v 0.105415 2.739924 -0.745965
v 0.722902 2.739893 0.212123
v 0.142237 2.739907 -0.739832
v 0.707528 2.738509 0.266599
v 0.179717 2.739625 -0.732267
v 0.204380 2.739264 -0.726523
v 0.231521 2.739580 -0.717688
v 0.548630 2.738257 -0.520813
v 0.611423 2.737593 -0.447228
v 0.264649 2.739352 -0.706655
v 0.048904 2.739772 0.750869
v 0.293465 2.739076 -0.695776
v -0.337845 2.739998 0.668400
v -0.388156 2.739867 0.644219
v 0.313344 2.739869 -0.685287
v -0.549513 2.739564 0.516480
v -0.599903 2.739878 0.455916
v 0.331557 2.739627 -0.677286
v -0.303454 2.740182 0.687870
v 0.394166 2.730781 -0.655245
v 0.633619 2.739252 0.385673
v 0.434616 2.695228 -0.630296
v -0.146553 2.739818 0.739311
v 0.374981 2.740753 0.646814
v 0.359963 2.740156 0.659691
v 0.394556 2.723173 -0.611082
v -0.714982 2.739850 0.238072
v -0.732566 2.739855 0.175735
v 0.342532 2.740083 0.670325
v 0.415805 2.733864 -0.607846
v 0.295731 2.739213 0.694535
v 0.459707 2.740557 -0.592639
v -0.621314 2.739605 0.427391
v -0.683923 2.739902 0.316221
v 0.253080 2.739209 0.711159
v 0.479832 2.739442 -0.581780
v -0.430798 2.739786 0.618630
v 0.617263 2.733870 0.446444
v 0.674370 2.740174 -0.333881
v 0.700693 2.739570 -0.280218
v 0.749605 2.738516 -0.024662
v 0.559825 2.737659 0.510110
v -0.512025 2.740077 0.552030
v -0.703739 2.739421 -0.274172
v 0.032143 2.739609 0.752405
v -0.411708 2.739899 0.630819
v -0.690584 2.739843 -0.301710
v 0.468869 3.048365 -0.586694
v 0.484348 3.035949 -0.568544
v -0.423641 3.979257 0.609678
v -0.442082 4.007648 0.583602
v 0.628681 2.958456 0.359827
v 0.600894 2.973763 0.433410
v 0.584326 3.000722 -0.395911
v 0.656641 2.916729 -0.324071
v 0.695753 2.910108 -0.249333
v 0.741973 2.836976 -0.029803
v 0.554285 2.984000 0.497940
v -0.493409 4.028306 0.532227
v -0.523251 4.032135 0.495119
v -0.467602 4.017591 0.561807
v 0.429844 3.069060 0.601757
v -0.657568 4.014399 0.297932
v -0.688325 4.032830 0.228431
v -0.726606 4.007131 -0.086944
v -0.677156 4.023780 -0.261079
v -0.575838 4.008576 0.439385
v -0.601273 3.993623 0.413712
v 0.004573 3.410590 0.770567
v -0.148359 3.499732 0.742382
v -0.704749 4.021027 0.173385
v -0.716947 3.993217 0.097059
v -0.407199 3.963629 0.625969
v -0.384204 3.945826 0.643561
v 0.731921 2.847839 0.063890
v 0.536294 3.000165 -0.501987
v -0.661689 4.024159 -0.284713
v 0.249548 3.184901 0.694986
v 0.209801 3.188685 0.705970
v -0.645319 4.010365 -0.312229
v -0.608942 3.979724 -0.366767
v 0.186788 3.204808 0.708361
v -0.582797 4.018013 -0.418288
v 0.164943 3.267460 0.718342
v 0.407857 3.057753 0.628290
v -0.491300 4.036597 -0.530222
v 0.395582 3.065337 0.630785
v -0.450524 4.014850 -0.569680
v 0.100649 3.254335 0.748322
v 0.079569 3.223617 0.758245
v -0.321089 3.838809 -0.692412
v 0.141474 3.272997 0.733633
v -0.229394 3.525505 -0.709888
v 0.731631 2.849470 0.145185
v -0.105817 3.523063 -0.733626
v 0.078653 3.427825 -0.738361
v 0.696406 2.908214 0.207647
v 0.132805 3.268005 -0.739512
v 0.683700 2.920654 0.257995
v 0.185804 3.212092 -0.720516
v 0.197828 3.171838 -0.725346
v 0.236886 3.170697 -0.716982
v 0.274786 3.153027 -0.697901
v 0.057972 3.353103 0.762825
v 0.303352 3.126709 -0.688318
v -0.351959 3.885218 0.670274
v 0.326948 3.089831 -0.684222
v 0.342790 3.078053 -0.673253
v -0.284815 3.518634 0.676799
v 0.374557 3.064338 -0.649095
v 0.409022 3.068274 -0.609873
v 0.376972 3.064951 0.646297
v 0.373596 3.061055 0.653712
v 0.414530 3.069122 -0.607528
v 0.355931 3.079399 0.660234
v 0.436343 3.061459 -0.608857
v 0.295844 3.156475 0.674785
v 0.124346 3.201236 -0.468653
v 0.138326 3.195992 -0.489541
v 0.369769 3.016639 -0.337395
v 0.405895 3.001868 -0.318857
v 0.166552 3.185575 -0.468802
v 0.041995 3.355191 0.521838
v 0.021509 3.458901 0.526635
v 0.201144 3.180843 -0.468044
v -0.231493 3.909267 0.482631
v -0.262774 3.958008 0.488569
v 0.215768 3.158125 -0.454461
v -0.407864 4.014763 0.370732
v -0.455716 3.987342 0.319794
v 0.232314 3.136226 -0.449055
v -0.324702 3.538657 0.607961
v 0.260657 3.092171 -0.437818
v 0.456022 2.929766 0.181272
v 0.452725 2.942567 0.218814
v 0.278838 3.079078 -0.438394
v -0.051123 3.556618 0.549033
v 0.298756 3.087878 0.428516
v 0.247139 3.084402 0.463003
v 0.258049 3.091659 -0.444583
v -0.541996 4.036376 0.187335
v -0.550564 4.027157 0.126528
v 0.290246 3.081027 0.455796
v 0.283344 3.081330 -0.415644
v 0.311522 3.075022 0.419253
v 0.284035 3.100244 0.462643
v 0.300805 3.064021 -0.399601
v -0.488994 3.987570 0.278221
v -0.502650 4.010712 0.256180
v 0.233173 3.167638 0.474957
v 0.307097 3.053533 -0.386255
v -0.301717 3.989093 0.461786
v -0.325693 4.002766 0.442715
v 0.464176 2.984807 0.240557
v 0.429372 2.926951 -0.222031
v 0.464552 2.933085 -0.172740
v 0.501881 2.886208 -0.029878
v 0.376173 3.000954 0.322642
v -0.378883 4.022817 0.393553
v -0.349593 4.015711 0.420068
v 0.336438 3.040328 0.357404
v -0.573745 4.018570 -0.061694
v -0.536096 4.030569 -0.157564
v 0.000996 3.518618 0.561311
v -0.559349 3.998307 0.059398
v -0.281431 3.974738 0.473637
v 0.502873 2.887090 0.063739
v -0.529251 4.035961 -0.195042
v 0.190561 3.195561 0.479546
v -0.521811 4.034622 -0.237759
v -0.509681 4.028188 -0.282803
v 0.130202 3.196781 0.494706
v -0.413203 4.053689 -0.366458
v 0.126530 3.300846 0.511077
v 0.308034 3.055228 0.385487
v -0.339080 4.044083 -0.444616
v -0.297765 4.018547 -0.467250
v 0.081465 3.312524 0.533532
v -0.249599 3.952220 -0.483223
v 0.109761 3.314299 0.525309
v -0.214149 3.581274 -0.463347
v 0.494888 2.880076 0.094806
v -0.099601 3.529178 -0.501218
v 0.000679 3.458978 -0.512568
v 0.492775 2.917559 0.118762
v 0.045789 3.332330 -0.505180
v 0.106347 3.294559 -0.510650

# UV coordinates
vt 0.864212 0.642593
vt 0.864178 0.617387
vt 0.889033 0.617677
vt 0.889066 0.642553
vt 0.909418 0.642521
vt 0.909384 0.617645
vt 0.913200 0.617639
vt 0.913233 0.642515
vt 0.842140 0.642641
vt 0.842106 0.617764
vt 0.864147 0.594113
vt 0.842081 0.599374
vt 0.842078 0.596663
vt 0.864142 0.590682
vt 0.897021 0.599274
vt 0.889008 0.599287
vt 0.889004 0.596575
vt 0.897017 0.596563
vt 0.864253 0.672698
vt 0.842180 0.672746
vt 0.913274 0.672621
vt 0.909458 0.672627
vt 0.889107 0.672659
vt 0.864298 0.706282
vt 0.842226 0.706331
vt 0.913319 0.706205
vt 0.909504 0.706211
vt 0.889152 0.706243
vt 0.864346 0.741725
vt 0.842274 0.741773
vt 0.913403 0.741652
vt 0.909600 0.741654
vt 0.889544 0.741685
vt 0.842290 0.753817
vt 0.864362 0.753769
vt 0.864367 0.757266
vt 0.842295 0.757315
vt 0.909616 0.753702
vt 0.913450 0.754109
vt 0.913263 0.757643
vt 0.909621 0.757201
vt 0.889294 0.753729
vt 0.889221 0.757227
vt 0.842345 0.766549
vt 0.864418 0.766501
vt 0.864468 0.775719
vt 0.842396 0.775768
vt 0.907988 0.766437
vt 0.911531 0.766696
vt 0.909609 0.776162
vt 0.906358 0.775658
vt 0.889272 0.766462
vt 0.889322 0.775680
vt 0.505606 0.424647
vt 0.502108 0.424653
vt 0.502016 0.415975
vt 0.505514 0.415969
vt 0.641653 0.424402
vt 0.616777 0.424447
vt 0.616686 0.415769
vt 0.641561 0.415724
vt 0.492877 0.423782
vt 0.483662 0.422911
vt 0.483570 0.414233
vt 0.492785 0.415103
vt 0.586673 0.424501
vt 0.586581 0.415823
vt 0.553090 0.424561
vt 0.552998 0.415883
vt 0.517649 0.424625
vt 0.517557 0.415947
vt 0.648018 0.424391
vt 0.647927 0.415712
vt 0.492691 0.388235
vt 0.483477 0.388295
vt 0.482615 0.378419
vt 0.492246 0.378661
vt 0.552902 0.388082
vt 0.517461 0.388146
vt 0.517435 0.378874
vt 0.552876 0.378811
vt 0.616590 0.387968
vt 0.586485 0.388022
vt 0.586459 0.378750
vt 0.616563 0.378696
vt 0.641465 0.387923
vt 0.641439 0.378651
vt 0.505418 0.388168
vt 0.501920 0.388174
vt 0.501894 0.378902
vt 0.505392 0.378896
vt 0.647831 0.387912
vt 0.647804 0.378640
vt 0.641485 0.396797
vt 0.647851 0.396785
vt 0.552922 0.396956
vt 0.586505 0.396895
vt 0.501940 0.397048
vt 0.505438 0.397041
vt 0.616610 0.396841
vt 0.517481 0.397020
vt 0.483495 0.396156
vt 0.492710 0.396601
vt 0.897034 0.592508
vt 0.889021 0.592520
vt 0.888851 0.587515
vt 0.897140 0.587308
vt 0.842147 0.592614
vt 0.834989 0.592664
vt 0.834480 0.587451
vt 0.842160 0.587403
vt 0.666622 0.387361
vt 0.666599 0.378088
vt 0.671809 0.377952
vt 0.671835 0.386946
vt 0.666642 0.396234
vt 0.671855 0.395750
vt 0.864128 0.586623
vt 0.863783 0.582988
vt 0.666719 0.415162
vt 0.671927 0.415281
vt 0.664752 0.415416
vt 0.664676 0.396489
vt 0.889013 0.594486
vt 0.864135 0.588591
vt 0.842113 0.594577
vt 0.664656 0.387615
vt 0.664631 0.378343
vt 0.664843 0.423458
vt 0.666808 0.422606
vt 0.897026 0.594474
vt 0.681261 0.386929
vt 0.681280 0.395733
vt 0.672020 0.422145
vt 0.681353 0.415264
vt 0.680870 0.423967
vt 0.888654 0.578067
vt 0.896982 0.577864
vt 0.681235 0.377935
vt 0.842313 0.578549
vt 0.864090 0.577477
vt 0.471228 0.388317
vt 0.471246 0.396178
vt 0.455438 0.396206
vt 0.455420 0.388346
vt 0.471319 0.413416
vt 0.455509 0.412361
vt 0.842493 0.788027
vt 0.864573 0.787980
vt 0.864708 0.803802
vt 0.842618 0.803848
vt 0.889435 0.787941
vt 0.889580 0.803765
vt 0.835343 0.788078
vt 0.835410 0.803893
vt 0.470730 0.378441
vt 0.455392 0.378468
vt 0.482586 0.362295
vt 0.492217 0.362537
vt 0.662540 0.378613
vt 0.662591 0.362489
vt 0.664696 0.362485
vt 0.671780 0.361937
vt 0.681145 0.361920
vt 0.552847 0.362687
vt 0.586429 0.362626
vt 0.454528 0.362346
vt 0.470336 0.362317
vt 0.616534 0.362572
vt 0.641409 0.362527
vt 0.517406 0.362750
vt 0.647799 0.362516
vt 0.666677 0.362482
vt 0.501864 0.362778
vt 0.505362 0.362772
vt 0.616486 0.341655
vt 0.641361 0.341610
vt 0.517358 0.341833
vt 0.552799 0.341769
vt 0.272395 0.565903
vt 0.272370 0.542098
vt 0.297602 0.542060
vt 0.297641 0.565852
vt 0.659891 0.341577
vt 0.659851 0.319577
vt 0.662583 0.319572
vt 0.662623 0.341572
vt 0.501816 0.341861
vt 0.505314 0.341855
vt 0.586381 0.341709
vt 0.272350 0.530250
vt 0.272332 0.519517
vt 0.297578 0.519466
vt 0.297589 0.530205
vt 0.482538 0.341378
vt 0.492169 0.341619
vt 0.454480 0.341428
vt 0.470288 0.341400
vt 0.272271 0.497509
vt 0.297517 0.497458
vt 0.501776 0.319862
vt 0.505274 0.319855
vt 0.586341 0.319709
vt 0.616446 0.319655
vt 0.271831 0.476816
vt 0.297524 0.476528
vt 0.482497 0.319379
vt 0.492129 0.319620
vt 0.552758 0.319770
vt 0.454440 0.319429
vt 0.470248 0.319401
vt 0.641321 0.319611
vt 0.517317 0.319834
vt 0.504947 0.309124
vt 0.501360 0.309131
vt 0.500900 0.297285
vt 0.504586 0.297278
vt 0.616426 0.308924
vt 0.586383 0.308978
vt 0.586429 0.297131
vt 0.616404 0.297077
vt 0.491911 0.308889
vt 0.482478 0.308647
vt 0.482456 0.296800
vt 0.491670 0.297042
vt 0.552739 0.309038
vt 0.552717 0.297192
vt 0.470229 0.308669
vt 0.454420 0.308697
vt 0.454399 0.296851
vt 0.470207 0.296822
vt 0.641302 0.308879
vt 0.641280 0.297032
vt 0.272514 0.458090
vt 0.297377 0.457547
vt 0.517298 0.309102
vt 0.517276 0.297255
vt 0.659869 0.362494
vt 0.482413 0.272995
vt 0.491627 0.273237
vt 0.552674 0.273386
vt 0.586257 0.273325
vt 0.454355 0.273045
vt 0.470164 0.273017
vt 0.616361 0.273271
vt 0.641237 0.273227
vt 0.517233 0.273450
vt 0.500857 0.273479
vt 0.504542 0.273472
vt 0.454308 0.247083
vt 0.470116 0.247054
vt 0.616314 0.247309
vt 0.641189 0.247264
vt 0.659766 0.273193
vt 0.659719 0.247231
vt 0.662451 0.247226
vt 0.662498 0.273188
vt 0.516350 0.247235
vt 0.552626 0.247424
vt 0.659810 0.296999
vt 0.662542 0.296994
vt 0.500808 0.246890
vt 0.504306 0.246968
vt 0.586209 0.247363
vt 0.482365 0.247032
vt 0.491579 0.246961
vt 0.240886 0.451450
vt 0.250114 0.451608
vt 0.250242 0.459219
vt 0.240340 0.459763
vt 0.429597 0.308742
vt 0.429617 0.319474
vt 0.425404 0.319039
vt 0.425382 0.308742
vt 0.236088 0.519433
vt 0.236138 0.497453
vt 0.239288 0.498580
vt 0.239621 0.519897
vt 0.429485 0.247128
vt 0.429532 0.273090
vt 0.425317 0.273089
vt 0.425269 0.247127
vt 0.236994 0.459629
vt 0.237651 0.450510
vt 0.272375 0.450483
vt 0.297238 0.449653
vt 0.237012 0.476514
vt 0.240235 0.476545
vt 0.429575 0.296896
vt 0.425360 0.296895
vt 0.429705 0.362390
vt 0.429736 0.379276
vt 0.426877 0.379158
vt 0.425489 0.362390
vt 0.238702 0.443356
vt 0.242356 0.438754
vt 0.445021 0.396225
vt 0.445003 0.388365
vt 0.444976 0.378487
vt 0.444946 0.362363
vt 0.864907 0.814242
vt 0.842805 0.814286
vt 0.444817 0.296868
vt 0.444773 0.273062
vt 0.445085 0.408573
vt 0.444898 0.341446
vt 0.889764 0.814203
vt 0.444726 0.247100
vt 0.444858 0.319446
vt 0.444838 0.308715
vt 0.835588 0.814329
vt 0.437481 0.388378
vt 0.437499 0.396239
vt 0.432124 0.395518
vt 0.429759 0.388393
vt 0.437424 0.362377
vt 0.437454 0.378501
vt 0.843037 0.821835
vt 0.865102 0.821786
vt 0.865419 0.829543
vt 0.843315 0.829587
vt 0.437252 0.273076
vt 0.437295 0.296882
vt 0.437795 0.405434
vt 0.430787 0.400120
vt 0.437376 0.341459
vt 0.427406 0.341477
vt 0.889942 0.821745
vt 0.890228 0.829498
vt 0.437204 0.247114
vt 0.437336 0.319460
vt 0.437317 0.308728
vt 0.836051 0.821633
vt 0.835970 0.828656
vt 0.249865 0.435601
vt 0.272055 0.433726
vt 0.296917 0.432635
vt 0.250127 0.476568
vt 0.239388 0.591808
vt 0.239360 0.565847
vt 0.249561 0.565881
vt 0.249589 0.591842
vt 0.239322 0.530195
vt 0.249512 0.519498
vt 0.249523 0.530230
vt 0.248945 0.498209
vt 0.239335 0.542042
vt 0.249536 0.542076
vt 0.272423 0.591865
vt 0.297668 0.591813
vt 0.659831 0.308846
vt 0.662563 0.308841
vt 0.904825 0.787968
vt 0.907850 0.788034
vt 0.905580 0.803355
vt 0.902890 0.803516
vt 0.895792 0.788024
vt 0.898174 0.788082
vt 0.897124 0.804103
vt 0.895220 0.803966
vt 0.903825 0.587300
vt 0.900605 0.587300
vt 0.900586 0.577873
vt 0.903798 0.577872
vt 0.903689 0.594463
vt 0.900512 0.594468
vt 0.900520 0.592502
vt 0.903697 0.592497
vt 0.896742 0.766452
vt 0.899867 0.766448
vt 0.898988 0.775667
vt 0.896235 0.775671
vt 0.897297 0.753718
vt 0.900777 0.753714
vt 0.900747 0.757212
vt 0.897250 0.757217
vt 0.897165 0.706231
vt 0.900652 0.706225
vt 0.900880 0.741667
vt 0.897459 0.741673
vt 0.897120 0.672646
vt 0.900606 0.672641
vt 0.897079 0.642541
vt 0.900566 0.642535
vt 0.903684 0.599264
vt 0.900507 0.599269
vt 0.900504 0.596557
vt 0.903680 0.596552
vt 0.897045 0.617664
vt 0.900532 0.617659
vt 0.909361 0.599255
vt 0.906861 0.599259
vt 0.906857 0.596547
vt 0.909358 0.596544
vt 0.909372 0.592488
vt 0.906874 0.592492
vt 0.906957 0.587290
vt 0.909429 0.587282
vt 0.909365 0.594454
vt 0.906865 0.594458
vt 0.906951 0.577865
vt 0.909761 0.578222
vt 0.900588 0.788121
vt 0.903002 0.788159
vt 0.901290 0.804680
vt 0.899207 0.804196
vt 0.902794 0.766444
vt 0.905720 0.766440
vt 0.904328 0.775661
vt 0.901658 0.775664
vt 0.903949 0.753709
vt 0.907121 0.753705
vt 0.907115 0.757204
vt 0.903931 0.757208
vt 0.903828 0.706220
vt 0.907005 0.706215
vt 0.907143 0.741657
vt 0.904011 0.741662
vt 0.903783 0.672636
vt 0.906960 0.672631
vt 0.903742 0.642530
vt 0.906919 0.642525
vt 0.903709 0.617654
vt 0.906885 0.617649
vt 0.664729 0.341568
vt 0.666710 0.341564
vt 0.664669 0.308837
vt 0.664647 0.296990
vt 0.666628 0.296987
vt 0.666650 0.308833
vt 0.664604 0.273185
vt 0.666585 0.273181
vt 0.664688 0.319569
vt 0.666669 0.319565
vt 0.664556 0.247222
vt 0.666537 0.247219
vt 0.671773 0.296978
vt 0.671794 0.308824
vt 0.671854 0.341555
vt 0.671682 0.247210
vt 0.671729 0.273172
vt 0.671814 0.319556
vt 0.681094 0.273155
vt 0.681138 0.296961
vt 0.681179 0.319539
vt 0.681219 0.341538
vt 0.681047 0.247193
vt 0.681159 0.308807
vt 0.923972 0.741642
vt 0.923805 0.706185
vt 0.925554 0.706182
vt 0.925722 0.741639
vt 0.424492 0.200974
vt 0.424069 0.225848
vt 0.422125 0.225826
vt 0.422753 0.200950
vt 0.923942 0.672623
vt 0.923763 0.642500
vt 0.925584 0.642507
vt 0.925740 0.672626
vt 0.916342 0.706198
vt 0.916321 0.672617
vt 0.919029 0.672613
vt 0.919029 0.706192
vt 0.916274 0.642511
vt 0.918977 0.642506
vt 0.916395 0.617633
vt 0.919235 0.617629
vt 0.916442 0.741647
vt 0.919142 0.741642
vt 0.916500 0.599204
vt 0.916525 0.596486
vt 0.919501 0.596441
vt 0.919453 0.599163
vt 0.920652 0.599184
vt 0.920390 0.597203
vt 0.925244 0.597172
vt 0.925686 0.599189
vt 0.923432 0.604759
vt 0.921853 0.601930
vt 0.925595 0.601815
vt 0.925665 0.604765
vt 0.916408 0.604784
vt 0.916411 0.602089
vt 0.919284 0.602054
vt 0.919276 0.604754
vt 0.909367 0.604824
vt 0.906868 0.604828
vt 0.906864 0.602139
vt 0.909363 0.602135
vt 0.903691 0.604833
vt 0.900515 0.604838
vt 0.900511 0.602149
vt 0.903688 0.602144
vt 0.654220 0.308856
vt 0.654198 0.297009
vt 0.656907 0.297004
vt 0.656929 0.308851
vt 0.654155 0.273203
vt 0.656864 0.273199
vt 0.654107 0.247241
vt 0.656816 0.247236
vt 0.654279 0.362504
vt 0.654279 0.341587
vt 0.656989 0.341582
vt 0.656977 0.362499
vt 0.654239 0.319587
vt 0.656948 0.319582
vt 0.659828 0.378618
vt 0.656948 0.378623
vt 0.659874 0.396764
vt 0.656994 0.396769
vt 0.656974 0.387895
vt 0.659854 0.387890
vt 0.659951 0.415691
vt 0.657070 0.415696
vt 0.660042 0.424369
vt 0.657162 0.424374
vt 0.889015 0.604856
vt 0.864156 0.601162
vt 0.864152 0.597759
vt 0.889012 0.602167
vt 0.897028 0.604843
vt 0.897025 0.602155
vt 0.842089 0.604943
vt 0.842085 0.602255
vt 0.662754 0.424364
vt 0.662662 0.415686
vt 0.662566 0.387885
vt 0.662586 0.396759
vt 0.420979 0.435111
vt 0.420633 0.438119
vt 0.418796 0.438038
vt 0.420243 0.435302
vt 0.920843 0.604753
vt 0.920865 0.602055
vt 0.921967 0.601854
vt 0.922390 0.604752
vt 0.420840 0.440200
vt 0.418342 0.440128
vt 0.920670 0.706190
vt 0.920717 0.672616
vt 0.922385 0.672620
vt 0.922291 0.706187
vt 0.920617 0.642504
vt 0.922237 0.642501
vt 0.920801 0.617626
vt 0.922348 0.617624
vt 0.920785 0.741640
vt 0.922397 0.741637
vt 0.920822 0.611235
vt 0.922369 0.611233
vt 0.864167 0.609331
vt 0.842098 0.611399
vt 0.897037 0.611299
vt 0.889024 0.611311
vt 0.647775 0.341598
vt 0.647735 0.319599
vt 0.647651 0.273215
vt 0.647603 0.247253
vt 0.647694 0.297021
vt 0.647716 0.308867
vt 0.903700 0.611288
vt 0.900524 0.611293
vt 0.909375 0.611279
vt 0.906877 0.611283
vt 0.916402 0.611254
vt 0.919255 0.611236
vt 0.923633 0.611238
vt 0.925623 0.611244
vt 0.654259 0.378628
vt 0.654305 0.396774
vt 0.654285 0.387900
vt 0.654382 0.415701
vt 0.654473 0.424379
vt 0.913191 0.611273
vt 0.913182 0.604818
vt 0.913179 0.602129
vt 0.913178 0.599249
vt 0.913238 0.587276
vt 0.913557 0.578569
vt 0.913174 0.594458
vt 0.913188 0.592482
vt 0.913177 0.596538
vt 0.920187 0.596981
vt 0.920639 0.599057
vt 0.421134 0.425901
vt 0.420956 0.432384
vt 0.419367 0.432383
vt 0.419869 0.425893
vt 0.417071 0.438048
vt 0.418547 0.435255
vt 0.416571 0.440042
vt 0.923832 0.617626
vt 0.416246 0.441981
vt 0.418203 0.442210
vt 0.417758 0.444397
vt 0.416136 0.444016
vt 0.925067 0.595092
vt 0.919838 0.595279
vt 0.918809 0.593266
vt 0.925007 0.592917
vt 0.420191 0.442322
vt 0.419514 0.444546
vt 0.916521 0.594407
vt 0.916362 0.592580
vt 0.421344 0.442825
vt 0.420490 0.444539
vt 0.421301 0.440746
vt 0.416371 0.450597
vt 0.414798 0.450537
vt 0.417401 0.450388
vt 0.916119 0.587223
vt 0.418740 0.450066
vt 0.918860 0.586765
vt 0.925864 0.586572
vt 0.416456 0.459256
vt 0.414762 0.459195
vt 0.417887 0.459065
vt 0.420903 0.458727
vt 0.915532 0.578536
vt 0.918972 0.578105
vt 0.926199 0.577626
vt 0.686033 0.247219
vt 0.686081 0.273181
vt 0.908435 0.572180
vt 0.910747 0.572241
vt 0.686267 0.395921
vt 0.686336 0.414859
vt 0.901935 0.572877
vt 0.904757 0.572876
vt 0.686206 0.341564
vt 0.686131 0.361946
vt 0.686124 0.296987
vt 0.686146 0.308833
vt 0.889033 0.573083
vt 0.897551 0.572881
vt 0.686244 0.386702
vt 0.686165 0.319565
vt 0.686221 0.377962
vt 0.921261 0.573103
vt 0.925493 0.572954
vt 0.864400 0.572909
vt 0.919321 0.578010
vt 0.918019 0.578203
vt 0.919204 0.573119
vt 0.920885 0.573024
vt 0.914162 0.572241
vt 0.915975 0.572383
vt 0.422022 0.464701
vt 0.420264 0.464088
vt 0.842433 0.573560
vt 0.419871 0.464157
vt 0.417545 0.464108
vt 0.685858 0.424653
vt 0.688607 0.341560
vt 0.688532 0.361942
vt 0.688623 0.377957
vt 0.914188 0.569843
vt 0.915995 0.569984
vt 0.864397 0.570594
vt 0.889029 0.570681
vt 0.897548 0.570479
vt 0.901918 0.570474
vt 0.910770 0.569842
vt 0.904874 0.570468
vt 0.908432 0.569779
vt 0.842314 0.571160
vt 0.688482 0.273177
vt 0.688526 0.296982
vt 0.688738 0.414855
vt 0.688257 0.424499
vt 0.922143 0.570503
vt 0.924899 0.571128
vt 0.688435 0.247215
vt 0.688668 0.395917
vt 0.919148 0.570244
vt 0.921047 0.571132
vt 0.688547 0.308829
vt 0.688645 0.386698
vt 0.917586 0.572509
vt 0.917601 0.570110
vt 0.688567 0.319561
vt 0.421362 0.466022
vt 0.420230 0.466648
vt 0.864387 0.563296
vt 0.889019 0.563384
vt 0.897538 0.563182
vt 0.901909 0.563176
vt 0.910760 0.562545
vt 0.914179 0.562546
vt 0.904850 0.563168
vt 0.908399 0.562479
vt 0.842304 0.563862
vt 0.695779 0.273164
vt 0.695823 0.296969
vt 0.696035 0.414842
vt 0.695555 0.424486
vt 0.922335 0.562938
vt 0.924866 0.563832
vt 0.695732 0.247201
vt 0.695965 0.395904
vt 0.919138 0.562947
vt 0.921101 0.563100
vt 0.695845 0.308816
vt 0.695943 0.386685
vt 0.917591 0.562812
vt 0.695864 0.319548
vt 0.695904 0.341547
vt 0.695920 0.377944
vt 0.421125 0.474056
vt 0.419622 0.474218
vt 0.695830 0.361929
vt 0.915985 0.562687
vt 0.914143 0.536449
vt 0.915950 0.536590
vt 0.864352 0.537199
vt 0.888984 0.537287
vt 0.897503 0.537085
vt 0.901873 0.537079
vt 0.910725 0.536448
vt 0.904815 0.537071
vt 0.908364 0.536382
vt 0.842269 0.537765
vt 0.721875 0.273117
vt 0.721919 0.296922
vt 0.722131 0.414795
vt 0.721651 0.424439
vt 0.922300 0.536841
vt 0.925386 0.537734
vt 0.721828 0.247154
vt 0.722061 0.395857
vt 0.919103 0.536850
vt 0.921066 0.537003
vt 0.721941 0.308769
vt 0.722039 0.386638
vt 0.917556 0.536715
vt 0.721960 0.319501
vt 0.722000 0.341500
vt 0.722016 0.377897
vt 0.421382 0.500148
vt 0.419879 0.500310
vt 0.721926 0.361882
vt 0.751202 0.296870
vt 0.751224 0.308716
vt 0.751322 0.386585
vt 0.751345 0.395804
vt 0.917516 0.507431
vt 0.919063 0.507565
vt 0.751243 0.319448
vt 0.751284 0.341447
vt 0.751299 0.377844
vt 0.421671 0.529427
vt 0.420167 0.529589
vt 0.751209 0.361829
vt 0.914104 0.507164
vt 0.915910 0.507306
vt 0.864312 0.507915
vt 0.888945 0.508002
vt 0.897463 0.507800
vt 0.901834 0.507795
vt 0.910685 0.507163
vt 0.904775 0.507787
vt 0.908324 0.507097
vt 0.842229 0.508481
vt 0.751159 0.273064
vt 0.751414 0.414742
vt 0.750934 0.424386
vt 0.922260 0.507557
vt 0.925201 0.508450
vt 0.751111 0.247102
vt 0.921026 0.507719
vt 0.842312 0.480008
vt 0.864274 0.479427
vt 0.908286 0.478610
vt 0.910647 0.478676
vt 0.779645 0.273013
vt 0.779689 0.296819
vt 0.779901 0.414691
vt 0.779415 0.421512
vt 0.922222 0.479069
vt 0.925707 0.479955
vt 0.779598 0.247051
vt 0.779831 0.395753
vt 0.919025 0.479078
vt 0.920988 0.479231
vt 0.779710 0.308665
vt 0.779809 0.386534
vt 0.917478 0.478943
vt 0.779730 0.319397
vt 0.779770 0.341396
vt 0.779786 0.377793
vt 0.421951 0.557909
vt 0.420448 0.558071
vt 0.779695 0.361778
vt 0.914065 0.478677
vt 0.915872 0.478818
vt 0.888906 0.479515
vt 0.897425 0.479313
vt 0.901795 0.479307
vt 0.904737 0.479299
vt 0.809656 0.359766
vt 0.809747 0.375782
vt 0.914322 0.448747
vt 0.916129 0.448888
vt 0.864649 0.449512
vt 0.889175 0.449586
vt 0.897682 0.449383
vt 0.902027 0.449374
vt 0.910904 0.448746
vt 0.904994 0.449369
vt 0.908543 0.448680
vt 0.843593 0.450073
vt 0.809284 0.271002
vt 0.809650 0.294807
vt 0.834342 0.479474
vt 0.837292 0.452478
vt 0.922254 0.449284
vt 0.925749 0.450022
vt 0.808524 0.245041
vt 0.812634 0.393731
vt 0.806930 0.411713
vt 0.919351 0.447837
vt 0.921314 0.447991
vt 0.809671 0.306654
vt 0.809770 0.384523
vt 0.917735 0.449013
vt 0.809691 0.317385
vt 0.809731 0.339385
vt 0.415319 0.589247
vt 0.414762 0.587945
vt 0.916499 0.754891
vt 0.918716 0.755586
vt 0.917686 0.758357
vt 0.916014 0.758113
vt 0.229984 0.848055
vt 0.232729 0.849687
vt 0.230300 0.853414
vt 0.226432 0.847998
vt 0.228294 0.848450
vt 0.227420 0.851774
vt 0.225111 0.850343
vt 0.224940 0.847542
vt 0.224139 0.849626
vt 0.922460 0.750903
vt 0.924006 0.750905
vt 0.923739 0.754847
vt 0.922018 0.755050
vt 0.919179 0.750906
vt 0.920816 0.750903
vt 0.920168 0.755745
vt 0.925788 0.750906
vt 0.926353 0.755307
vt 0.916478 0.750910
vt 0.907127 0.750616
vt 0.909612 0.750612
vt 0.900803 0.750625
vt 0.903965 0.750620
vt 0.889358 0.750641
vt 0.897338 0.750629
vt 0.507797 0.273467
vt 0.507395 0.247036
vt 0.507840 0.297272
vt 0.508114 0.309118
vt 0.508402 0.341849
vt 0.508362 0.319850
vt 0.508450 0.362766
vt 0.508480 0.378890
vt 0.508526 0.397036
vt 0.508506 0.388162
vt 0.508602 0.415963
vt 0.508694 0.424641
vt 0.864358 0.750680
vt 0.913438 0.750915
vt 0.842286 0.750728
vt 0.917288 0.578508
vt 0.918679 0.587176
vt 0.919184 0.592666
vt 0.919497 0.594361
vt 0.420977 0.076280
vt 0.418774 0.076030
vt 0.416921 0.066766
vt 0.419559 0.067028
vt 0.415357 0.075477
vt 0.410958 0.078122
vt 0.405539 0.067918
vt 0.410936 0.067835
vt 0.405923 0.644150
vt 0.413975 0.639722
vt 0.410999 0.652952
vt 0.404555 0.655109
vt 0.403647 0.645015
vt 0.400501 0.655440
vt 0.914300 0.767430
vt 0.912588 0.776731
vt 0.226526 0.860959
vt 0.224139 0.859393
vt 0.234633 0.861589
vt 0.420622 0.085290
vt 0.419794 0.085718
vt 0.418097 0.086565
vt 0.422397 0.085548
vt 0.909920 0.790042
vt 0.908957 0.802449
vt 0.407739 0.054580
vt 0.400317 0.054654
vt 0.397964 0.042523
vt 0.403216 0.041203
vt 0.415822 0.053479
vt 0.412397 0.041218
vt 0.913417 0.790301
vt 0.915356 0.802560
vt 0.405185 0.668407
vt 0.413809 0.666166
vt 0.416646 0.679511
vt 0.405700 0.679545
vt 0.401141 0.668739
vt 0.398969 0.681014
vt 0.914641 0.776978
vt 0.471409 0.421050
vt 0.895385 0.815182
vt 0.901488 0.815313
vt 0.899387 0.815414
vt 0.905724 0.814569
vt 0.903078 0.814735
vt 0.397935 0.033640
vt 0.403184 0.032475
vt 0.413838 0.685599
vt 0.405063 0.688759
vt 0.908658 0.815857
vt 0.409625 0.027357
vt 0.914221 0.816472
vt 0.333552 0.840545
vt 0.331612 0.840778
vt 0.333519 0.829038
vt 0.334950 0.829195
vt 0.897293 0.815320
vt 0.398718 0.689920
vt 0.416646 0.696258
vt 0.405913 0.697437
vt 0.398246 0.021054
vt 0.402044 0.021093
vt 0.896766 0.824115
vt 0.894633 0.823654
vt 0.315202 0.425972
vt 0.320789 0.425893
vt 0.315420 0.433547
vt 0.314150 0.431979
vt 0.390667 0.034557
vt 0.387716 0.025877
vt 0.393473 0.025306
vt 0.900561 0.824695
vt 0.898578 0.824035
vt 0.907645 0.822606
vt 0.904974 0.822762
vt 0.902414 0.822896
vt 0.331612 0.818719
vt 0.334060 0.818046
vt 0.305258 0.428821
vt 0.307252 0.429078
vt 0.304176 0.438327
vt 0.302299 0.436879
vt 0.311497 0.431656
vt 0.310012 0.440728
vt 0.308373 0.440438
vt 0.303480 0.428064
vt 0.300759 0.435734
vt 0.390069 0.021554
vt 0.391904 0.018468
vt 0.308973 0.430865
vt 0.307055 0.439886
vt 0.407236 0.702035
vt 0.316977 0.437333
vt 0.315701 0.443698
vt 0.312155 0.441977
vt 0.865826 0.417732
vt 0.865982 0.416683
vt 0.865479 0.408773
vt 0.870431 0.411441
vt 0.893012 0.830145
vt 0.399414 0.698274
vt 0.399242 0.702072
vt 0.329873 0.872377
vt 0.327785 0.871702
vt 0.329877 0.864296
vt 0.331897 0.864939
vt 0.299766 0.431614
vt 0.298872 0.449804
vt 0.385100 0.021244
vt 0.378893 0.013809
vt 0.386754 0.008805
vt 0.304499 0.450538
vt 0.302750 0.450233
vt 0.310271 0.449082
vt 0.308633 0.449212
vt 0.301090 0.449904
vt 0.389066 0.007947
vt 0.307341 0.449881
vt 0.382316 0.026576
vt 0.369519 0.019369
vt 0.323701 0.872377
vt 0.323541 0.861309
vt 0.869902 0.392282
vt 0.870431 0.392226
vt 0.306361 0.456497
vt 0.304619 0.456423
vt 0.366715 0.006923
vt 0.375615 0.004085
vt 0.312412 0.448592
vt 0.319477 0.446557
vt 0.318922 0.455225
vt 0.314055 0.455404
vt 0.301082 0.457164
vt 0.298969 0.457357
vt 0.312271 0.455884
vt 0.379661 0.004423
vt 0.302249 0.456802
vt 0.309762 0.455790
vt 0.380424 0.003401
vt 0.301152 0.475880
vt 0.299035 0.476072
vt 0.314176 0.475055
vt 0.312328 0.474597
vt 0.320714 0.455970
vt 0.324279 0.459989
vt 0.324367 0.476950
vt 0.320804 0.476292
vt 0.304691 0.475139
vt 0.302342 0.475524
vt 0.309812 0.474501
vt 0.318973 0.475848
vt 0.306470 0.475223
vt 0.334725 0.468793
vt 0.334835 0.478892
vt 0.314293 0.497756
vt 0.312445 0.497440
vt 0.299151 0.497290
vt 0.324484 0.499038
vt 0.320921 0.498615
vt 0.304808 0.496717
vt 0.302459 0.496982
vt 0.309929 0.497149
vt 0.301268 0.497087
vt 0.319090 0.498291
vt 0.306586 0.496907
vt 0.334950 0.499601
vt 0.304832 0.519166
vt 0.302482 0.519262
vt 0.312469 0.519550
vt 0.309953 0.519428
vt 0.301291 0.519369
vt 0.320943 0.519623
vt 0.319113 0.519636
vt 0.306610 0.519272
vt 0.334926 0.519998
vt 0.324506 0.519641
vt 0.314316 0.519523
vt 0.299174 0.519572
vt 0.299186 0.530311
vt 0.301303 0.530108
vt 0.301315 0.541963
vt 0.299199 0.542166
vt 0.312480 0.530289
vt 0.314328 0.530263
vt 0.314341 0.542117
vt 0.312493 0.542144
vt 0.320955 0.530362
vt 0.324518 0.530380
vt 0.324530 0.542235
vt 0.320968 0.542217
vt 0.302494 0.530001
vt 0.304844 0.529905
vt 0.304856 0.541760
vt 0.302506 0.541856
vt 0.309964 0.530167
vt 0.309977 0.542022
vt 0.319124 0.530375
vt 0.319137 0.542230
vt 0.306621 0.530012
vt 0.306634 0.541867
vt 0.334946 0.530739
vt 0.334788 0.542597
vt 0.319162 0.565927
vt 0.314366 0.565814
vt 0.301341 0.565660
vt 0.299224 0.565863
vt 0.312518 0.565841
vt 0.324555 0.565932
vt 0.320993 0.565914
vt 0.304882 0.565457
vt 0.302532 0.565553
vt 0.310002 0.565719
vt 0.306659 0.565564
vt 0.334879 0.566311
vt 0.321020 0.591885
vt 0.319190 0.591899
vt 0.306687 0.591535
vt 0.304909 0.591428
vt 0.310030 0.591691
vt 0.299252 0.591835
vt 0.334907 0.592282
vt 0.324583 0.591903
vt 0.314393 0.591786
vt 0.301368 0.591632
vt 0.312546 0.591813
vt 0.302559 0.591525
vt 0.834431 0.297067
vt 0.834428 0.285226
vt 0.855050 0.284892
vt 0.855050 0.296730
vt 0.836250 0.375050
vt 0.835563 0.366300
vt 0.856091 0.365877
vt 0.857567 0.374625
vt 0.834493 0.329833
vt 0.834434 0.307793
vt 0.855050 0.307453
vt 0.855063 0.329449
vt 0.834428 0.261437
vt 0.855050 0.261104
vt 0.835389 0.350205
vt 0.855965 0.349827
vt 0.839302 0.434634
vt 0.862947 0.424653
vt 0.834428 0.235495
vt 0.855050 0.235161
vt 0.837046 0.384467
vt 0.860470 0.387860
vt 0.830119 0.384466
vt 0.824845 0.393694
vt 0.834337 0.244975
vt 0.834385 0.270937
vt 0.809379 0.415124
vt 0.832887 0.339323
vt 0.832813 0.359705
vt 0.830483 0.375725
vt 0.834428 0.294743
vt 0.834313 0.317321
vt 0.834367 0.306589
vt 0.884320 0.307462
vt 0.884409 0.329452
vt 0.883790 0.261097
vt 0.883871 0.284885
vt 0.884953 0.374688
vt 0.886700 0.387838
vt 0.884744 0.349857
vt 0.883774 0.235138
vt 0.884784 0.365893
vt 0.889155 0.425115
vt 0.884107 0.296731
vt 0.896809 0.425798
vt 0.915728 0.425772
vt 0.917321 0.425758
vt 0.919484 0.425874
vt 0.921833 0.426080
vt 0.904609 0.425831
vt 0.907762 0.425839
vt 0.901065 0.425557
vt 0.913572 0.425847
vt 0.910470 0.425796
vt 0.923882 0.426200
vt 0.926353 0.426255
vt 0.894412 0.388561
vt 0.893871 0.375020
vt 0.919509 0.389870
vt 0.917105 0.388782
vt 0.916564 0.375495
vt 0.918968 0.375575
vt 0.902204 0.388288
vt 0.898666 0.388676
vt 0.898125 0.375659
vt 0.901663 0.375271
vt 0.913328 0.388390
vt 0.911184 0.388607
vt 0.910643 0.375250
vt 0.912787 0.375373
vt 0.908100 0.389094
vt 0.907558 0.375173
vt 0.914932 0.388638
vt 0.914390 0.375481
vt 0.905348 0.388033
vt 0.904806 0.375305
vt 0.921665 0.392226
vt 0.921123 0.375637
vt 0.924114 0.391637
vt 0.924729 0.375706
vt 0.912742 0.366343
vt 0.914345 0.366451
vt 0.916519 0.366466
vt 0.918923 0.366545
vt 0.898080 0.365743
vt 0.901618 0.365868
vt 0.910598 0.366220
vt 0.907513 0.366143
vt 0.904761 0.366054
vt 0.893826 0.365474
vt 0.921079 0.366607
vt 0.924684 0.366676
vt 0.901515 0.349652
vt 0.904658 0.349838
vt 0.912639 0.350127
vt 0.914242 0.350235
vt 0.907410 0.349927
vt 0.910495 0.350004
vt 0.916416 0.350249
vt 0.918820 0.350329
vt 0.897977 0.349527
vt 0.893723 0.349258
vt 0.920975 0.350391
vt 0.924581 0.350460
vt 0.901515 0.329381
vt 0.904658 0.329567
vt 0.912639 0.329856
vt 0.914242 0.329964
vt 0.916405 0.329968
vt 0.918801 0.330040
vt 0.897977 0.329256
vt 0.910495 0.329733
vt 0.907410 0.329655
vt 0.893049 0.329200
vt 0.920955 0.330101
vt 0.924581 0.330189
vt 0.910462 0.307510
vt 0.912606 0.307633
vt 0.914210 0.307741
vt 0.916373 0.307745
vt 0.893017 0.306977
vt 0.897944 0.307033
vt 0.904626 0.307344
vt 0.907378 0.307433
vt 0.918768 0.307817
vt 0.920923 0.307878
vt 0.924548 0.307966
vt 0.901482 0.307158
vt 0.901474 0.296318
vt 0.897939 0.296195
vt 0.897932 0.284230
vt 0.901466 0.284352
vt 0.912606 0.296800
vt 0.910456 0.296672
vt 0.910489 0.284745
vt 0.912657 0.284891
vt 0.892890 0.296131
vt 0.892749 0.284158
vt 0.916373 0.296913
vt 0.914210 0.296908
vt 0.914265 0.285003
vt 0.916450 0.285028
vt 0.907371 0.296594
vt 0.904616 0.296501
vt 0.904604 0.284532
vt 0.907364 0.284629
vt 0.920923 0.297045
vt 0.918768 0.296984
vt 0.918865 0.285118
vt 0.921047 0.285206
vt 0.924575 0.297159
vt 0.924262 0.284673
vt 0.897932 0.261249
vt 0.901511 0.261217
vt 0.910125 0.261798
vt 0.912993 0.261944
vt 0.892749 0.261018
vt 0.914685 0.262134
vt 0.916920 0.262295
vt 0.398588 0.515792
vt 0.398384 0.515703
vt 0.403255 0.492748
vt 0.409671 0.493442
vt 0.906516 0.262070
vt 0.919378 0.262338
vt 0.921538 0.262409
vt 0.923099 0.262218
vt 0.904748 0.261489
vt 0.897932 0.234839
vt 0.901409 0.234710
vt 0.909644 0.235373
vt 0.912318 0.235665
vt 0.907658 0.236076
vt 0.914825 0.235858
vt 0.917078 0.236036
vt 0.401187 0.466151
vt 0.405566 0.467362
vt 0.892740 0.234991
vt 0.919502 0.236047
vt 0.921667 0.236122
vt 0.925329 0.235867
vt 0.905463 0.234939
vt 0.424361 0.612741
vt 0.422165 0.612928
vt 0.422070 0.586292
vt 0.424361 0.586087
vt 0.901421 0.214730
vt 0.897932 0.214847
vt 0.897932 0.194369
vt 0.901453 0.194283
vt 0.907419 0.215218
vt 0.906000 0.214793
vt 0.904618 0.194486
vt 0.907604 0.194645
vt 0.299273 0.611841
vt 0.301390 0.611637
vt 0.301412 0.632130
vt 0.299295 0.632334
vt 0.641153 0.227258
vt 0.616277 0.227303
vt 0.616240 0.206809
vt 0.641115 0.206765
vt 0.656780 0.227230
vt 0.654071 0.227235
vt 0.654033 0.206741
vt 0.656743 0.206737
vt 0.925031 0.215590
vt 0.921275 0.215755
vt 0.921302 0.195302
vt 0.924998 0.195081
vt 0.302581 0.611531
vt 0.304931 0.611434
vt 0.304972 0.631932
vt 0.302603 0.632023
vt 0.507358 0.227030
vt 0.504270 0.226962
vt 0.504232 0.206468
vt 0.507321 0.206537
vt 0.586173 0.227357
vt 0.586135 0.206864
vt 0.666501 0.227213
vt 0.664520 0.227216
vt 0.664482 0.206723
vt 0.666463 0.206719
vt 0.919158 0.215726
vt 0.916658 0.215642
vt 0.916690 0.195195
vt 0.919117 0.195208
vt 0.306708 0.611541
vt 0.310051 0.611696
vt 0.310073 0.632189
vt 0.306730 0.632034
vt 0.779561 0.227044
vt 0.751075 0.227096
vt 0.751037 0.206602
vt 0.779524 0.206551
vt 0.491542 0.226955
vt 0.482329 0.227026
vt 0.482292 0.206533
vt 0.491505 0.206462
vt 0.552590 0.227417
vt 0.552553 0.206924
vt 0.914398 0.215458
vt 0.914455 0.195034
vt 0.314415 0.611792
vt 0.319211 0.611905
vt 0.319233 0.632397
vt 0.314437 0.632285
vt 0.516314 0.227229
vt 0.516276 0.206735
vt 0.321042 0.611891
vt 0.324604 0.611909
vt 0.324626 0.632402
vt 0.321064 0.632384
vt 0.808487 0.225035
vt 0.808450 0.204541
vt 0.911875 0.215250
vt 0.911978 0.194870
vt 0.454271 0.227077
vt 0.444690 0.227094
vt 0.444652 0.206600
vt 0.454234 0.206583
vt 0.500772 0.226884
vt 0.500734 0.206391
vt 0.404946 0.446503
vt 0.403113 0.446278
vt 0.406734 0.425962
vt 0.408655 0.426189
vt 0.334928 0.612288
vt 0.334950 0.632781
vt 0.688390 0.227210
vt 0.685987 0.227215
vt 0.685947 0.206722
vt 0.688353 0.206717
vt 0.249610 0.611848
vt 0.272454 0.611873
vt 0.272222 0.632261
vt 0.249439 0.632186
vt 0.662414 0.227220
vt 0.662377 0.206726
vt 0.470080 0.227048
vt 0.470042 0.206555
vt 0.312567 0.611818
vt 0.312589 0.632311
vt 0.659682 0.227225
vt 0.659645 0.206731
vt 0.437168 0.227107
vt 0.429448 0.227121
vt 0.429411 0.206628
vt 0.437130 0.206614
vt 0.647567 0.227247
vt 0.647529 0.206753
vt 0.671645 0.227203
vt 0.671608 0.206710
vt 0.855050 0.215169
vt 0.834428 0.215503
vt 0.834428 0.195025
vt 0.855050 0.194691
vt 0.297690 0.611819
vt 0.297712 0.632312
vt 0.721792 0.227148
vt 0.695696 0.227195
vt 0.695658 0.206702
vt 0.721754 0.206655
vt 0.236186 0.611783
vt 0.239409 0.611814
vt 0.239325 0.632157
vt 0.236208 0.632276
vt 0.681010 0.227186
vt 0.680973 0.206693
vt 0.883774 0.215147
vt 0.883774 0.194669
vt 0.834301 0.224968
vt 0.834263 0.204475
vt 0.892740 0.215000
vt 0.892740 0.194521
vt 0.400758 0.446410
vt 0.403881 0.425893
vt 0.410406 0.466742
vt 0.425233 0.227121
vt 0.414762 0.467105
vt 0.398384 0.445947
vt 0.454156 0.163540
vt 0.469964 0.163512
vt 0.507242 0.163493
vt 0.516198 0.163692
vt 0.883774 0.151657
vt 0.892687 0.151459
vt 0.302599 0.675403
vt 0.301402 0.675338
vt 0.491426 0.163419
vt 0.500656 0.163347
vt 0.306740 0.675258
vt 0.304963 0.675251
vt 0.482213 0.163490
vt 0.299296 0.675364
vt 0.444574 0.163557
vt 0.437052 0.163571
vt 0.310119 0.675231
vt 0.239371 0.675199
vt 0.236254 0.675317
vt 0.319279 0.675439
vt 0.314483 0.675326
vt 0.429332 0.163585
vt 0.324663 0.675441
vt 0.321110 0.675426
vt 0.249269 0.673429
vt 0.659566 0.163688
vt 0.662298 0.163683
vt 0.271995 0.674654
vt 0.333947 0.675830
vt 0.664404 0.163680
vt 0.666385 0.163676
vt 0.312635 0.675353
vt 0.671529 0.163667
vt 0.680894 0.163650
vt 0.297705 0.675340
vt 0.653955 0.163698
vt 0.656664 0.163694
vt 0.834428 0.152014
vt 0.855050 0.151680
vt 0.808371 0.161498
vt 0.834185 0.161432
vt 0.641037 0.163722
vt 0.647451 0.163710
vt 0.909866 0.194671
vt 0.907512 0.151547
vt 0.909626 0.150654
vt 0.685881 0.163676
vt 0.897879 0.151307
vt 0.688282 0.163672
vt 0.901400 0.151220
vt 0.904541 0.151401
vt 0.695580 0.163659
vt 0.721676 0.163612
vt 0.750959 0.163559
vt 0.920898 0.150561
vt 0.924599 0.150884
vt 0.779445 0.163508
vt 0.916294 0.150457
vt 0.918734 0.150558
vt 0.616161 0.163766
vt 0.914133 0.150891
vt 0.504154 0.163425
vt 0.586057 0.163820
vt 0.552474 0.163881
vt 0.911683 0.150262
vt 0.305040 0.722682
vt 0.302675 0.722834
vt 0.436965 0.116145
vt 0.444487 0.116131
vt 0.310169 0.722656
vt 0.306816 0.722689
vt 0.239422 0.722623
vt 0.236304 0.722742
vt 0.319329 0.722864
vt 0.314533 0.722751
vt 0.429246 0.116159
vt 0.324714 0.722866
vt 0.321160 0.722850
vt 0.249676 0.725526
vt 0.272364 0.723303
vt 0.334100 0.723230
vt 0.664317 0.116254
vt 0.666298 0.116250
vt 0.312685 0.722777
vt 0.671443 0.116241
vt 0.680808 0.116224
vt 0.299373 0.722795
vt 0.297781 0.722771
vt 0.653868 0.116273
vt 0.656577 0.116268
vt 0.834428 0.104623
vt 0.855050 0.104289
vt 0.659480 0.116262
vt 0.808285 0.114072
vt 0.834098 0.114006
vt 0.640950 0.116296
vt 0.647364 0.116284
vt 0.883852 0.104341
vt 0.662212 0.116258
vt 0.907554 0.103811
vt 0.909691 0.103713
vt 0.685794 0.116250
vt 0.892729 0.104109
vt 0.897922 0.103957
vt 0.688196 0.116246
vt 0.901442 0.103870
vt 0.904584 0.103893
vt 0.695493 0.116233
vt 0.721589 0.116186
vt 0.750872 0.116133
vt 0.920898 0.103634
vt 0.924599 0.103493
vt 0.779359 0.116082
vt 0.916313 0.103470
vt 0.918734 0.103400
vt 0.616075 0.116340
vt 0.914133 0.103423
vt 0.500569 0.115922
vt 0.504067 0.115999
vt 0.585970 0.116395
vt 0.507156 0.116068
vt 0.552387 0.116455
vt 0.911720 0.103600
vt 0.482127 0.116064
vt 0.491340 0.115993
vt 0.516111 0.116266
vt 0.454069 0.116114
vt 0.469877 0.116086
vt 0.301479 0.722769
vt 0.305082 0.761799
vt 0.306857 0.761805
vt 0.306668 0.805595
vt 0.304892 0.805589
vt 0.503996 0.076882
vt 0.507084 0.076950
vt 0.552316 0.077338
vt 0.585899 0.077277
vt 0.500498 0.076804
vt 0.491269 0.076875
vt 0.491189 0.033024
vt 0.500418 0.032953
vt 0.482055 0.076946
vt 0.516040 0.077149
vt 0.882240 0.068303
vt 0.855119 0.065268
vt 0.855433 0.021750
vt 0.875061 0.020066
vt 0.453998 0.076997
vt 0.469806 0.076968
vt 0.647293 0.077167
vt 0.640879 0.077178
vt 0.640799 0.033327
vt 0.647213 0.033316
vt 0.302717 0.761950
vt 0.301520 0.761885
vt 0.299414 0.761911
vt 0.444416 0.077014
vt 0.436894 0.077028
vt 0.310211 0.761772
vt 0.239463 0.761739
vt 0.236346 0.761858
vt 0.319371 0.761980
vt 0.314575 0.761867
vt 0.429174 0.077042
vt 0.324756 0.761982
vt 0.321202 0.761966
vt 0.249777 0.762754
vt 0.272484 0.762439
vt 0.334899 0.762345
vt 0.664246 0.077136
vt 0.666227 0.077133
vt 0.312727 0.761894
vt 0.671371 0.077124
vt 0.680737 0.077107
vt 0.297823 0.761887
vt 0.653797 0.077155
vt 0.656506 0.077150
vt 0.834428 0.065535
vt 0.659408 0.077145
vt 0.808213 0.074955
vt 0.834027 0.074889
vt 0.662141 0.077140
vt 0.302527 0.805740
vt 0.301330 0.805675
vt 0.685723 0.077133
vt 0.507004 0.033099
vt 0.515960 0.033298
vt 0.688124 0.077128
vt 0.808133 0.031104
vt 0.833947 0.031037
vt 0.695422 0.077115
vt 0.656426 0.033299
vt 0.659328 0.033294
vt 0.721518 0.077068
vt 0.453918 0.033146
vt 0.469726 0.033117
vt 0.750801 0.077016
vt 0.552236 0.033486
vt 0.779288 0.076965
vt 0.834428 0.021716
vt 0.616003 0.077223
vt 0.653717 0.033304
vt 0.662061 0.033289
vt 0.664166 0.033285
vt 0.481975 0.033095
vt 0.299224 0.805701
vt 0.680657 0.033256
vt 0.685643 0.033282
vt 0.444336 0.033163
vt 0.688044 0.033277
vt 0.436814 0.033176
vt 0.309999 0.805556
vt 0.695342 0.033264
vt 0.239569 0.805604
vt 0.236393 0.805708
vt 0.319166 0.805550
vt 0.314359 0.805561
vt 0.721438 0.033217
vt 0.429094 0.033190
vt 0.324569 0.805773
vt 0.320993 0.805499
vt 0.750721 0.033165
vt 0.249708 0.806575
vt 0.779208 0.033113
vt 0.272366 0.806247
vt 0.333658 0.817992
vt 0.297633 0.805677
vt 0.666147 0.033282
vt 0.312529 0.805539
vt 0.615923 0.033372
vt 0.503916 0.033031
vt 0.671291 0.033272
vt 0.585819 0.033426
vt 0.585798 0.021889
vt 0.615902 0.021834
vt 0.314142 0.817040
vt 0.312298 0.817014
vt 0.500397 0.021416
vt 0.503895 0.021493
vt 0.429073 0.021653
vt 0.436793 0.021639
vt 0.640778 0.021790
vt 0.309788 0.817037
vt 0.506983 0.021562
vt 0.239507 0.817123
vt 0.236405 0.817245
vt 0.299012 0.817181
vt 0.297416 0.817156
vt 0.481954 0.021558
vt 0.491168 0.021487
vt 0.444315 0.021625
vt 0.685631 0.021727
vt 0.687993 0.021731
vt 0.838559 0.003770
vt 0.859409 0.002619
vt 0.515939 0.021760
vt 0.453897 0.021608
vt 0.469705 0.021580
vt 0.680679 0.021718
vt 0.808203 0.020543
vt 0.821108 0.012601
vt 0.302311 0.817219
vt 0.301118 0.817155
vt 0.272082 0.817709
vt 0.661901 0.021752
vt 0.664145 0.021748
vt 0.879532 -0.000000
vt 0.306445 0.817073
vt 0.304667 0.817066
vt 0.647192 0.021778
vt 0.659205 0.021757
vt 0.656405 0.021762
vt 0.653696 0.021767
vt 0.695270 0.021722
vt 0.671342 0.021735
vt 0.552215 0.021949
vt 0.318933 0.817025
vt 0.721311 0.021678
vt 0.666085 0.021744
vt 0.324296 0.817238
vt 0.320766 0.816976
vt 0.750651 0.021625
vt 0.779120 0.021574
vt 0.249460 0.818046
vt 0.797787 0.428876
vt 0.799375 0.428679
vt 0.799174 0.436272
vt 0.797585 0.436469
vt 0.772455 0.429450
vt 0.772253 0.437043
vt 0.806800 0.428298
vt 0.810147 0.428407
vt 0.809946 0.436001
vt 0.806598 0.435892
vt 0.814502 0.428457
vt 0.819288 0.428305
vt 0.819086 0.435899
vt 0.814301 0.436050
vt 0.749821 0.429381
vt 0.749619 0.436974
vt 0.821116 0.428095
vt 0.824656 0.428708
vt 0.824455 0.436301
vt 0.820914 0.435688
vt 0.739842 0.427501
vt 0.739700 0.436844
vt 0.801475 0.428425
vt 0.802664 0.428382
vt 0.802462 0.435976
vt 0.801273 0.436018
vt 0.833861 0.424653
vt 0.833675 0.435319
vt 0.805022 0.428282
vt 0.804821 0.435875
vt 0.736753 0.428062
vt 0.736750 0.435779
vt 0.812660 0.428474
vt 0.812458 0.436068
vt 0.812299 0.443239
vt 0.809786 0.443173
vt 0.804661 0.443047
vt 0.802302 0.443148
vt 0.772093 0.444215
vt 0.749459 0.444146
vt 0.799014 0.443444
vt 0.797425 0.443641
vt 0.806438 0.443063
vt 0.739641 0.444099
vt 0.818927 0.443070
vt 0.814141 0.443222
vt 0.824295 0.443473
vt 0.820755 0.442860
vt 0.437995 0.017811
vt 0.445297 0.016193
vt 0.801113 0.443190
vt 0.833547 0.442517
vt 0.806352 0.452676
vt 0.804575 0.452659
vt 0.814055 0.452834
vt 0.812213 0.452852
vt 0.801028 0.452802
vt 0.798928 0.453056
vt 0.809700 0.452785
vt 0.802217 0.452760
vt 0.772008 0.453827
vt 0.749374 0.453758
vt 0.797340 0.453253
vt 0.739555 0.453375
vt 0.818841 0.452683
vt 0.824209 0.453085
vt 0.820669 0.452472
vt 0.454640 0.013844
vt 0.833502 0.452163
vt 0.806454 0.468554
vt 0.804681 0.468541
vt 0.814207 0.468754
vt 0.812332 0.468745
vt 0.801132 0.468683
vt 0.799037 0.468940
vt 0.771957 0.469578
vt 0.749323 0.469510
vt 0.739504 0.469127
vt 0.809823 0.468681
vt 0.802331 0.468649
vt 0.874864 0.392452
vt 0.874880 0.392226
vt 0.874464 0.408352
vt 0.870431 0.407632
vt 0.819008 0.468616
vt 0.470432 0.012555
vt 0.824409 0.469045
vt 0.820871 0.468434
vt 0.797303 0.469017
vt 0.830651 0.469306
vt 0.804797 0.480441
vt 0.802447 0.480548
vt 0.874880 0.420574
vt 0.872741 0.420300
vt 0.809940 0.480581
vt 0.806590 0.480470
vt 0.771893 0.482285
vt 0.749300 0.482501
vt 0.819044 0.480448
vt 0.814251 0.480594
vt 0.739498 0.482249
vt 0.483559 0.012531
vt 0.824403 0.480843
vt 0.820875 0.480241
vt 0.797478 0.480966
vt 0.801253 0.480587
vt 0.831177 0.481108
vt 0.812423 0.480623
vt 0.799143 0.480832
vt 0.492255 0.012756
vt 0.831357 0.489822
vt 0.824408 0.489542
vt 0.806477 0.489071
vt 0.804692 0.489049
vt 0.814213 0.489258
vt 0.812370 0.489275
vt 0.801132 0.489181
vt 0.798995 0.489404
vt 0.809838 0.489192
vt 0.802320 0.489138
vt 0.797393 0.489590
vt 0.771925 0.491006
vt 0.749294 0.491192
vt 0.819031 0.489133
vt 0.739503 0.490949
vt 0.820872 0.488934
vt 0.824420 0.497970
vt 0.820868 0.497348
vt 0.797389 0.498004
vt 0.771909 0.499411
vt 0.749270 0.499589
vt 0.819027 0.497548
vt 0.802316 0.497553
vt 0.801117 0.497586
vt 0.500673 0.012741
vt 0.831348 0.498236
vt 0.806473 0.497486
vt 0.804689 0.497464
vt 0.814215 0.497677
vt 0.812366 0.497689
vt 0.798992 0.497819
vt 0.739499 0.499363
vt 0.809835 0.497607
vt 0.804687 0.501079
vt 0.802315 0.501168
vt 0.749292 0.503224
vt 0.739498 0.502979
vt 0.798990 0.501434
vt 0.797387 0.501620
vt 0.809860 0.501245
vt 0.806494 0.501120
vt 0.819065 0.501196
vt 0.814233 0.501309
vt 0.823989 0.501604
vt 0.820911 0.501001
vt 0.771908 0.503027
vt 0.801115 0.501202
vt 0.504290 0.012734
vt 0.830397 0.501870
vt 0.812392 0.501327
vt 0.829626 0.504911
vt 0.824015 0.504643
vt 0.806476 0.504122
vt 0.804669 0.504082
vt 0.814233 0.504326
vt 0.812374 0.504330
vt 0.749274 0.506227
vt 0.739480 0.505981
vt 0.809842 0.504247
vt 0.802297 0.504171
vt 0.798972 0.504437
vt 0.797369 0.504622
vt 0.771917 0.506051
vt 0.819064 0.504212
vt 0.820915 0.504021
vt 0.801097 0.504204
vt 0.507306 0.012252
vt 0.819060 0.513155
vt 0.814229 0.513269
vt 0.516252 0.012236
vt 0.824011 0.513585
vt 0.820911 0.512964
vt 0.797365 0.513564
vt 0.771913 0.514994
vt 0.801093 0.513146
vt 0.798968 0.513379
vt 0.829498 0.513853
vt 0.802293 0.513113
vt 0.812370 0.513272
vt 0.806472 0.513065
vt 0.804665 0.513024
vt 0.809838 0.513189
vt 0.749270 0.515169
vt 0.739476 0.514923
vt 0.806342 0.549299
vt 0.804568 0.549286
vt 0.812216 0.549487
vt 0.809670 0.549392
vt 0.802212 0.549389
vt 0.798947 0.549704
vt 0.797335 0.549882
vt 0.771733 0.551187
vt 0.818882 0.549349
vt 0.814087 0.549493
vt 0.801021 0.549430
vt 0.290953 0.027699
vt 0.304878 0.028268
vt 0.304960 0.053677
vt 0.288984 0.052747
vt 0.823846 0.549791
vt 0.820733 0.549158
vt 0.750960 0.551326
vt 0.742098 0.551238
vt 0.267249 0.025762
vt 0.265286 0.052674
vt 0.830810 0.550082
vt 0.552621 0.011693
vt 0.818501 0.582730
vt 0.813704 0.582872
vt 0.796864 0.583187
vt 0.771652 0.584063
vt 0.827836 0.583113
vt 0.820311 0.582504
vt 0.553126 -0.000000
vt 0.586063 0.002821
vt 0.585025 0.012570
vt 0.751047 0.584329
vt 0.834342 0.583440
vt 0.801871 0.582802
vt 0.800645 0.582814
vt 0.811856 0.582884
vt 0.806017 0.582725
vt 0.804244 0.582713
vt 0.809344 0.582818
vt 0.798499 0.583029
vt 0.809342 0.597746
vt 0.811854 0.597812
vt 0.811853 0.612967
vt 0.809341 0.612902
vt 0.801873 0.597733
vt 0.804237 0.597637
vt 0.804230 0.612788
vt 0.801875 0.612891
vt 0.806010 0.597650
vt 0.806003 0.612800
vt 0.798544 0.597995
vt 0.800666 0.597761
vt 0.800687 0.612935
vt 0.798589 0.613189
vt 0.813698 0.597796
vt 0.818489 0.597649
vt 0.818477 0.612796
vt 0.813691 0.612947
vt 0.771664 0.599003
vt 0.796932 0.598133
vt 0.797001 0.613307
vt 0.771677 0.614170
vt 0.820304 0.597428
vt 0.827845 0.598050
vt 0.827854 0.613214
vt 0.820297 0.612579
vt 0.600727 0.021862
vt 0.599955 0.012543
vt 0.615111 0.012516
vt 0.615884 0.021835
vt 0.751052 0.599263
vt 0.751057 0.614424
vt 0.600993 0.003135
vt 0.616150 0.003453
vt 0.834307 0.598364
vt 0.834272 0.613515
vt 0.834023 0.638720
vt 0.827843 0.638420
vt 0.801864 0.638097
vt 0.800676 0.638140
vt 0.813680 0.638152
vt 0.811842 0.638173
vt 0.805992 0.638006
vt 0.804219 0.637993
vt 0.809330 0.638107
vt 0.798578 0.638395
vt 0.796990 0.638512
vt 0.640638 0.012470
vt 0.818466 0.638001
vt 0.641365 0.003408
vt 0.820286 0.637784
vt 0.771666 0.639376
vt 0.751046 0.639630
vt 0.798576 0.644608
vt 0.800674 0.644353
vt 0.800671 0.650654
vt 0.798573 0.650909
vt 0.805990 0.644219
vt 0.809327 0.644320
vt 0.809325 0.650621
vt 0.805987 0.650519
vt 0.751044 0.645843
vt 0.771663 0.645589
vt 0.771661 0.651889
vt 0.751041 0.652143
vt 0.813677 0.644365
vt 0.818456 0.644380
vt 0.818446 0.650849
vt 0.813674 0.650666
vt 0.796987 0.644725
vt 0.796984 0.651026
vt 0.820283 0.644214
vt 0.827841 0.644633
vt 0.827838 0.650934
vt 0.820281 0.650735
vt 0.646853 0.012458
vt 0.647580 0.003397
vt 0.653883 0.003385
vt 0.653156 0.012447
vt 0.833422 0.644864
vt 0.832813 0.651094
vt 0.801862 0.644310
vt 0.801859 0.650611
vt 0.811839 0.644386
vt 0.811836 0.650687
vt 0.804217 0.644207
vt 0.804214 0.650507
vt 0.827836 0.654014
vt 0.820279 0.653815
vt 0.771659 0.654970
vt 0.751040 0.655224
vt 0.818444 0.653930
vt 0.656965 0.003380
vt 0.656238 0.012442
vt 0.831946 0.654175
vt 0.801858 0.653691
vt 0.800669 0.653735
vt 0.796983 0.654106
vt 0.813673 0.653747
vt 0.811835 0.653767
vt 0.805985 0.653600
vt 0.804212 0.653588
vt 0.809323 0.653701
vt 0.798572 0.653989
vt 0.804211 0.656284
vt 0.801856 0.656387
vt 0.800668 0.656431
vt 0.798570 0.656685
vt 0.809322 0.656397
vt 0.805984 0.656296
vt 0.796982 0.656802
vt 0.818477 0.656209
vt 0.813672 0.656443
vt 0.771658 0.657666
vt 0.827869 0.656294
vt 0.820312 0.656095
vt 0.751038 0.657920
vt 0.658935 0.012437
vt 0.659662 0.003375
vt 0.831979 0.656454
vt 0.811834 0.656463
vt 0.805983 0.658992
vt 0.804210 0.658979
vt 0.811833 0.659159
vt 0.809321 0.659093
vt 0.801855 0.659083
vt 0.800667 0.659126
vt 0.798569 0.659381
vt 0.796981 0.659498
vt 0.818476 0.658904
vt 0.813671 0.659138
vt 0.771657 0.660362
vt 0.827889 0.659006
vt 0.820311 0.658790
vt 0.751037 0.660615
vt 0.662359 0.003370
vt 0.661631 0.012432
vt 0.831558 0.659208
vt 0.796980 0.661870
vt 0.798568 0.661753
vt 0.798567 0.663522
vt 0.796979 0.663639
vt 0.820310 0.661162
vt 0.818475 0.661277
vt 0.664732 0.003366
vt 0.664005 0.012428
vt 0.831557 0.661580
vt 0.827888 0.661379
vt 0.801854 0.661455
vt 0.800666 0.661498
vt 0.664274 0.021748
vt 0.813670 0.661510
vt 0.811832 0.661531
vt 0.805982 0.661364
vt 0.804209 0.661352
vt 0.771656 0.662734
vt 0.809320 0.661465
vt 0.751036 0.662988
vt 0.818477 0.663048
vt 0.813669 0.663279
vt 0.771655 0.664503
vt 0.751035 0.664757
vt 0.827956 0.663204
vt 0.820328 0.662947
vt 0.665774 0.012424
vt 0.666501 0.003363
vt 0.831617 0.663400
vt 0.801853 0.663224
vt 0.800665 0.663267
vt 0.811831 0.663300
vt 0.805981 0.663133
vt 0.804208 0.663121
vt 0.809319 0.663234
vt 0.813681 0.668618
vt 0.811828 0.668627
vt 0.805979 0.668459
vt 0.804206 0.668447
vt 0.771653 0.669829
vt 0.751033 0.670083
vt 0.809317 0.668561
vt 0.801851 0.668551
vt 0.800663 0.668594
vt 0.798565 0.668849
vt 0.796977 0.668966
vt 0.818522 0.668414
vt 0.828058 0.668618
vt 0.820392 0.668329
vt 0.671103 0.012415
vt 0.671830 0.003353
vt 0.831144 0.668865
vt 0.771649 0.679207
vt 0.751029 0.679461
vt 0.827266 0.678221
vt 0.820649 0.677923
vt 0.796972 0.678343
vt 0.816868 0.677964
vt 0.681211 0.003336
vt 0.680484 0.012398
vt 0.005460 0.256898
vt 0.009783 0.256951
vt 0.020549 0.266314
vt 0.013241 0.266267
vt 0.801847 0.677928
vt 0.800659 0.677971
vt 0.813795 0.678094
vt 0.811898 0.678065
vt 0.805975 0.677837
vt 0.804202 0.677825
vt 0.809337 0.677959
vt 0.798561 0.678226
vt 0.804207 0.683262
vt 0.801853 0.683366
vt 0.796978 0.683781
vt 0.771646 0.684167
vt 0.751027 0.684421
vt 0.800664 0.683409
vt 0.798567 0.683664
vt 0.809383 0.682958
vt 0.805986 0.683279
vt 0.002430 0.266722
vt 0.006533 0.266407
vt 0.010289 0.271382
vt 0.005894 0.272251
vt 0.826219 0.683305
vt 0.819588 0.682995
vt 0.815393 0.683033
vt 0.686173 0.003327
vt 0.685445 0.012389
vt 0.022405 0.271258
vt 0.017522 0.271233
vt 0.000899 0.266776
vt 0.002885 0.271741
vt 0.811311 0.683083
vt 0.024550 0.273758
vt 0.019179 0.274699
vt 0.801851 0.685981
vt 0.800663 0.686024
vt 0.687777 0.012385
vt 0.007751 0.274589
vt 0.004170 0.274882
vt 0.806002 0.686000
vt 0.804206 0.685877
vt 0.810228 0.686244
vt 0.808414 0.685860
vt 0.771645 0.686498
vt 0.751026 0.686752
vt 0.798565 0.686279
vt 0.796977 0.686396
vt 0.012515 0.274211
vt 0.826723 0.686832
vt 0.819695 0.686089
vt 0.815469 0.685934
vt 0.688504 0.003323
vt 0.826308 0.694085
vt 0.819739 0.693351
vt 0.815526 0.693207
vt 0.695731 0.003310
vt 0.695003 0.012372
vt 0.029002 0.280955
vt 0.020223 0.281928
vt 0.801848 0.693204
vt 0.800660 0.693247
vt 0.009915 0.281828
vt 0.005467 0.282115
vt 0.805999 0.693223
vt 0.804203 0.693101
vt 0.002111 0.274595
vt 0.002142 0.281832
vt 0.796974 0.693619
vt 0.771642 0.693721
vt 0.798562 0.693502
vt 0.000000 0.274845
vt 0.000027 0.282070
vt 0.751023 0.693975
vt 0.014265 0.281430
vt 0.804264 0.719086
vt 0.801889 0.719173
vt 0.771631 0.719647
vt 0.751011 0.719432
vt 0.800701 0.719216
vt 0.798603 0.719471
vt 0.807799 0.693084
vt 0.807853 0.719050
vt 0.806060 0.719209
vt 0.797015 0.719588
vt 0.014367 0.306886
vt 0.010005 0.307748
vt 0.822201 0.717592
vt 0.816933 0.717518
vt 0.017611 0.281392
vt 0.019242 0.305564
vt 0.721197 0.003264
vt 0.720938 0.012325
vt 0.032855 0.304091
vt 0.022909 0.305429
vt 0.005566 0.308055
vt 0.003602 0.307758
vt 0.750335 0.012272
vt 0.025500 0.334894
vt 0.019368 0.335007
vt 0.014493 0.336329
vt 0.750594 0.003212
vt 0.036585 0.333551
vt 0.800797 0.748579
vt 0.799775 0.748608
vt 0.010313 0.337215
vt 0.008447 0.336982
vt 0.802880 0.748645
vt 0.801573 0.748492
vt 0.006221 0.337212
vt 0.797002 0.748974
vt 0.771618 0.749033
vt 0.798590 0.748857
vt 0.002187 0.307994
vt 0.003996 0.337439
vt 0.750998 0.748818
vt 0.002428 0.337358
vt 0.010606 0.365935
vt 0.007103 0.365816
vt 0.018673 0.365610
vt 0.013925 0.365747
vt 0.001846 0.337477
vt 0.005693 0.365919
vt 0.799855 0.777126
vt 0.798640 0.777349
vt 0.797042 0.777458
vt 0.029774 0.365013
vt 0.022784 0.365925
vt 0.771707 0.777558
vt 0.778786 0.012221
vt 0.043398 0.363591
vt 0.034041 0.365525
vt 0.751077 0.777334
vt 0.742044 0.748905
vt 0.742031 0.777345
vt 0.051362 0.362329
vt 0.001484 0.337537
vt 0.004238 0.365974
vt 0.024809 0.391268
vt 0.023390 0.396568
vt 0.047930 0.380082
vt 0.041896 0.383215
vt 0.031122 0.387182
vt 0.026520 0.389556
vt 0.039035 0.385492
vt 0.003185 0.366252
vt 0.021521 0.399599
vt 0.002978 0.366396
vt 0.007577 0.396649
vt 0.052298 0.377858
vt 0.788052 0.807692
vt 0.768472 0.818853
vt 0.062151 0.372395
vt 0.060089 0.374281
vt 0.747686 0.819604
vt 0.736750 0.807038
vt 0.065498 0.369097
vt 0.882859 0.013821
vt 0.639356 0.860440
vt 0.642647 0.861710
vt 0.648735 0.888444
vt 0.645830 0.892209
vt 0.629888 0.856267
vt 0.631764 0.857063
vt 0.638701 0.902132
vt 0.636953 0.905273
vt 0.633700 0.858035
vt 0.640001 0.898386
vt 0.625482 0.854997
vt 0.627626 0.855433
vt 0.635038 0.907213
vt 0.632899 0.909376
vt 0.636396 0.859378
vt 0.642292 0.895656
vt 0.883687 0.075857
vt 0.647680 0.862970
vt 0.651984 0.883641
vt 0.620862 0.854442
vt 0.623015 0.854818
vt 0.631444 0.909823
vt 0.629649 0.911211
vt 0.617168 0.853903
vt 0.625147 0.912359
vt 0.083478 0.385189
vt 0.083599 0.388735
vt 0.083697 0.392698
vt 0.728780 0.836154
vt 0.730125 0.836671
vt 0.730125 0.873228
vt 0.725900 0.867425
vt 0.083780 0.396042
vt 0.083883 0.405014
vt 0.084074 0.410632
vt 0.083262 0.377127
vt 0.083210 0.379045
vt 0.083040 0.374525
vt 0.083781 0.400488
vt 0.083291 0.382719
vt 0.076743 0.415933
vt 0.028201 0.408997
vt 0.083312 0.379956
vt 0.203383 0.398812
vt 0.159555 0.404100
vt 0.159412 0.374131
vt 0.203257 0.373529
vt 0.334966 0.027875
vt 0.351365 0.029495
vt 0.346183 0.054603
vt 0.334005 0.054108
vt 0.396734 0.270514
vt 0.397788 0.272329
vt 0.374426 0.272388
vt 0.374297 0.270566
vt 0.112118 0.403199
vt 0.082915 0.364634
vt 0.088948 0.358471
vt 0.111994 0.376024
vt 0.372536 0.043403
vt 0.376364 0.049350
vt 0.359859 0.061511
vt 0.358218 0.059905
vt 0.395096 0.246348
vt 0.395066 0.248433
vt 0.373627 0.248461
vt 0.373763 0.246383
vt 0.394430 0.056656
vt 0.396409 0.069973
vt 0.384745 0.072833
vt 0.383407 0.062051
vt 0.301775 0.402447
vt 0.290934 0.402519
vt 0.276095 0.372695
vt 0.286933 0.371936
vt 0.159796 0.025330
vt 0.202841 0.025818
vt 0.202933 0.051976
vt 0.159892 0.052344
vt 0.323979 0.401558
vt 0.309138 0.371047
vt 0.034004 0.101598
vt 0.033966 0.092638
vt 0.053803 0.092552
vt 0.053801 0.101482
vt 0.359754 0.030996
vt 0.351031 0.055349
vt 0.046361 0.039913
vt 0.081220 0.028548
vt 0.089138 0.056742
vt 0.069620 0.065247
vt 0.074009 0.356544
vt 0.082433 0.344369
vt 0.344265 0.401481
vt 0.329423 0.370970
vt 0.396773 0.241664
vt 0.395815 0.244309
vt 0.373988 0.244349
vt 0.374118 0.241707
vt 0.012053 0.069051
vt 0.011895 0.057259
vt 0.033517 0.066445
vt 0.034942 0.072492
vt 0.112382 0.028430
vt 0.112475 0.054587
vt 0.009482 0.023286
vt 0.017505 0.012354
vt 0.039987 0.045978
vt 0.394896 0.265876
vt 0.373782 0.265905
vt 0.023681 0.226922
vt 0.023588 0.201710
vt 0.050477 0.201514
vt 0.050570 0.226726
vt 0.243866 0.394459
vt 0.223873 0.397937
vt 0.223747 0.372653
vt 0.243755 0.373096
vt 0.364077 0.036528
vt 0.354038 0.056729
vt 0.395007 0.250612
vt 0.394566 0.256944
vt 0.373500 0.256965
vt 0.373519 0.250638
vt 0.049406 0.333422
vt 0.043954 0.303969
vt 0.056696 0.303738
vt 0.070594 0.333181
vt 0.396390 0.092551
vt 0.396888 0.101817
vt 0.371956 0.101892
vt 0.370665 0.092620
vt 0.360385 0.398865
vt 0.345543 0.368353
vt 0.223334 0.025740
vt 0.223426 0.051898
vt 0.035031 0.266153
vt 0.029303 0.256797
vt 0.052318 0.256615
vt 0.053113 0.266015
vt 0.388393 0.082944
vt 0.395695 0.088537
vt 0.370942 0.088939
vt 0.369513 0.082960
vt 0.278268 0.400637
vt 0.263437 0.373049
vt 0.243340 0.025664
vt 0.243432 0.051822
vt 0.025643 0.249702
vt 0.025634 0.247329
vt 0.051461 0.247137
vt 0.051470 0.249510
vt 0.368278 0.075767
vt 0.381144 0.053390
vt 0.362577 0.063478
vt 0.369374 0.397720
vt 0.354532 0.367209
vt 0.032489 0.086003
vt 0.034875 0.079102
vt 0.055061 0.080535
vt 0.054097 0.085911
vt 0.033132 0.089621
vt 0.053682 0.089533
vt 0.040101 0.280833
vt 0.053703 0.280702
vt 0.026700 0.251467
vt 0.051827 0.251278
vt 0.024192 0.244630
vt 0.023738 0.242380
vt 0.050627 0.242183
vt 0.050565 0.244435
vt 0.397547 0.279626
vt 0.397643 0.305719
vt 0.374281 0.305779
vt 0.374185 0.279686
vt 0.263701 0.395078
vt 0.257124 0.373489
vt 0.381366 0.392062
vt 0.362802 0.367165
vt 0.391848 0.378165
vt 0.367406 0.363190
vt 0.023532 0.186556
vt 0.023477 0.171628
vt 0.050383 0.171479
vt 0.050430 0.186383
vt 0.005920 0.030603
vt 0.036641 0.053838
vt 0.397724 0.232197
vt 0.397355 0.238688
vt 0.373993 0.238748
vt 0.374247 0.232257
vt 0.036745 0.273631
vt 0.036011 0.271126
vt 0.053213 0.270966
vt 0.052559 0.273477
vt 0.030679 0.137934
vt 0.053393 0.137823
vt 0.397751 0.334999
vt 0.374389 0.335059
vt 0.397774 0.200924
vt 0.398089 0.225796
vt 0.374498 0.225856
vt 0.373257 0.200988
vt 0.004794 0.040290
vt 0.033939 0.058153
vt 0.396143 0.170828
vt 0.372781 0.170888
vt 0.365427 0.069377
vt 0.398589 0.137239
vt 0.372436 0.137310
vt 0.315618 0.028497
vt 0.315694 0.053888
vt 0.023727 0.239298
vt 0.050615 0.239102
vt 0.397309 0.358926
vt 0.372198 0.354512
vt 0.059874 0.349780
vt 0.074311 0.337373
vt 0.023704 0.233067
vt 0.050592 0.232871
vt 0.056477 0.076417
vt 0.421151 0.238700
vt 0.419840 0.241665
vt 0.422879 0.363476
vt 0.416739 0.393464
vt 0.012835 0.077740
vt 0.467538 0.908667
vt 0.465664 0.922397
vt 0.447231 0.911818
vt 0.448948 0.898076
vt 0.005029 0.251630
vt 0.003261 0.249868
vt 0.000232 0.233210
vt 0.000206 0.227055
vt 0.421546 0.335008
vt 0.315530 0.002633
vt 0.335933 0.001154
vt 0.013514 0.089788
vt 0.012866 0.086157
vt 0.000276 0.242549
vt 0.000259 0.239452
vt 0.422289 0.101833
vt 0.425233 0.137260
vt 0.304790 0.002403
vt 0.419947 0.170859
vt 0.392441 0.043205
vt 0.011057 0.138089
vt 0.014385 0.101763
vt 0.003252 0.247494
vt 0.001254 0.244797
vt 0.223253 0.000392
vt 0.243259 0.000316
vt 0.421585 0.272344
vt 0.421345 0.279642
vt 0.418860 0.256910
vt 0.419243 0.265845
vt 0.421437 0.305725
vt 0.000000 0.171755
vt 0.223933 0.414782
vt 0.203443 0.415658
vt 0.421642 0.232218
vt 0.073186 0.003231
vt 0.112307 0.003096
vt 0.293293 0.419837
vt 0.270360 0.408861
vt 0.000055 0.186684
vt 0.418038 0.244306
vt 0.416813 0.246343
vt 0.400249 0.417377
vt 0.384407 0.419885
vt 0.243911 0.407317
vt 0.419537 0.088182
vt 0.421013 0.092579
vt 0.014351 0.092816
vt 0.375418 0.421030
vt 0.388565 0.037301
vt 0.407518 0.082932
vt 0.269230 0.000217
vt 0.305964 0.423984
vt 0.202760 0.000469
vt 0.359298 0.423646
vt 0.159633 0.425713
vt 0.112208 0.425893
vt 0.416888 0.248425
vt 0.416876 0.250602
vt 0.000111 0.201839
vt 0.420862 0.270513
vt 0.159722 0.000000
vt 0.339012 0.423723
vt 0.461366 0.890803
vt 0.447231 0.889348
vt 0.356630 0.003930
vt 0.316807 0.424612
vt 0.608947 0.917030
vt 0.608947 0.875053
vt 0.292935 0.002153
vt 0.062331 0.069702
vt 0.056798 0.074453
vt 0.340308 0.540531
vt 0.336984 0.506998
vt 0.392390 0.505861
vt 0.393310 0.539443
vt 0.926354 0.813459
vt 0.926747 0.791593
vt 0.979882 0.791120
vt 0.979489 0.812986
vt 0.926219 0.106165
vt 0.926246 0.097219
vt 0.978112 0.097119
vt 0.978084 0.106064
vt 0.926564 0.767895
vt 0.979698 0.767422
vt 0.341923 0.555425
vt 0.393947 0.554358
vt 0.983796 0.516295
vt 0.983437 0.528951
vt 0.931084 0.527445
vt 0.931443 0.514789
vt 0.926249 0.092552
vt 0.978114 0.092452
vt 0.344055 0.595746
vt 0.343563 0.570545
vt 0.394594 0.569498
vt 0.395641 0.594688
vt 0.983047 0.535268
vt 0.930694 0.533762
vt 0.926265 0.090728
vt 0.978130 0.090628
vt 0.344174 0.601888
vt 0.396079 0.600823
vt 0.982236 0.548590
vt 0.929883 0.547084
vt 0.926257 0.083432
vt 0.978122 0.083331
vt 0.344356 0.611196
vt 0.344296 0.608116
vt 0.396523 0.607045
vt 0.396685 0.610123
vt 0.981688 0.568554
vt 0.929335 0.567048
vt 0.926186 0.057335
vt 0.978082 0.057238
vt 0.425227 0.691699
vt 0.421007 0.691701
vt 0.416646 0.639722
vt 0.926393 0.751916
vt 0.979527 0.751442
vt 0.344397 0.613445
vt 0.396820 0.612370
vt 0.926659 0.853957
vt 0.926505 0.833464
vt 0.979639 0.832991
vt 0.979793 0.853483
vt 0.926107 0.028051
vt 0.978180 0.027975
vt 0.334974 0.449798
vt 0.334950 0.445729
vt 0.390055 0.425893
vt 0.343992 0.616175
vt 0.397029 0.615087
vt 0.927343 0.741167
vt 0.979471 0.740701
vt 0.981179 0.589057
vt 0.928826 0.587551
vt 0.926152 0.008615
vt 0.978789 0.006140
vt 0.344038 0.618547
vt 0.397165 0.617457
vt 0.928733 0.274191
vt 0.928431 0.270519
vt 0.979308 0.270421
vt 0.978884 0.274099
vt 0.984836 0.424653
vt 0.985943 0.429456
vt 0.931407 0.438168
vt 0.344085 0.620325
vt 0.397305 0.619234
vt 0.727231 0.794723
vt 0.725900 0.794245
vt 0.725900 0.739150
vt 0.735129 0.741448
vt 0.926975 0.896995
vt 0.980138 0.896529
vt 0.927322 0.261255
vt 0.979213 0.261157
vt 0.927158 0.994478
vt 0.927042 0.987212
vt 0.981022 0.985044
vt 0.343569 0.625677
vt 0.397278 0.624576
vt 0.925329 0.000000
vt 0.980039 0.632874
vt 0.927687 0.631368
vt 0.925904 0.287450
vt 0.927518 0.280211
vt 0.978292 0.291222
vt 0.342491 0.635101
vt 0.397322 0.633976
vt 0.927264 0.944402
vt 0.343157 0.640051
vt 0.397288 0.638940
vt 0.344410 0.642536
vt 0.397246 0.641452
vt 0.925741 0.299800
vt 0.925329 0.293881
vt 0.927442 0.967728
vt 0.344371 0.649794
vt 0.397727 0.648700
vt 0.419350 0.691720
vt 0.416646 0.692084
vt 0.346613 0.672909
vt 0.398384 0.671789
vt 0.341935 0.702797
vt 0.393239 0.709187
vt 0.928044 0.162115
vt 0.927928 0.137233
vt 0.979793 0.137132
vt 0.976026 0.162022
vt 0.338202 0.707116
vt 0.926398 0.710684
vt 0.926353 0.705833
vt 0.979492 0.705954
vt 0.979533 0.710211
vt 0.928141 0.192223
vt 0.977954 0.192130
vt 0.334950 0.714379
vt 0.394125 0.723828
vt 0.926353 1.000000
vt 0.927204 0.722855
vt 0.979528 0.722388
vt 0.928241 0.225808
vt 0.981749 0.225701
vt 0.336742 0.728679
vt 0.395354 0.734809
vt 0.335667 0.443774
vt 0.978856 0.680316
vt 0.985943 0.702829
vt 0.927528 0.705833
vt 0.926353 0.678659
vt 0.927439 0.130844
vt 0.926943 0.124365
vt 0.978808 0.124264
vt 0.979304 0.130743
vt 0.985661 0.437716
vt 0.926760 0.121408
vt 0.926378 0.118775
vt 0.978243 0.118674
vt 0.978625 0.121307
vt 0.335515 0.455140
vt 0.390853 0.454004
vt 0.985468 0.446744
vt 0.925886 0.116753
vt 0.977751 0.116652
vt 0.335368 0.458746
vt 0.390675 0.457612
vt 0.985143 0.462957
vt 0.932790 0.461451
vt 0.335262 0.461769
vt 0.390729 0.460631
vt 0.984608 0.483221
vt 0.931704 0.481701
vt 0.925980 0.114674
vt 0.977845 0.114573
vt 0.336296 0.470691
vt 0.390907 0.469570
vt 0.984054 0.505437
vt 0.931701 0.503931
vt 0.925915 0.112499
vt 0.977780 0.112398
vt 0.562064 0.738909
vt 0.555573 0.738665
vt 0.555834 0.702441
vt 0.562329 0.703629
vt 0.551705 0.425010
vt 0.554785 0.424995
vt 0.555040 0.471318
vt 0.551970 0.472923
vt 0.428558 0.683689
vt 0.427625 0.661490
vt 0.491392 0.661143
vt 0.499909 0.672778
vt 0.552613 0.738795
vt 0.549971 0.738669
vt 0.550232 0.702445
vt 0.552874 0.702571
vt 0.549455 0.424951
vt 0.549721 0.473419
vt 0.426849 0.650653
vt 0.481701 0.650346
vt 0.547937 0.738447
vt 0.548198 0.702224
vt 0.546766 0.425847
vt 0.547031 0.474007
vt 0.735210 0.617552
vt 0.734392 0.639408
vt 0.687330 0.636061
vt 0.692978 0.617757
vt 0.544394 0.425859
vt 0.544662 0.474601
vt 0.426475 0.637996
vt 0.476413 0.637718
vt 0.545859 0.738314
vt 0.546119 0.701845
vt 0.542629 0.426219
vt 0.542899 0.475351
vt 0.426026 0.631683
vt 0.473301 0.631419
vt 0.543682 0.738210
vt 0.543958 0.702107
vt 0.537301 0.426715
vt 0.541157 0.476744
vt 0.426399 0.618313
vt 0.468379 0.618085
vt 0.537355 0.738201
vt 0.537601 0.699138
vt 0.527922 0.427517
vt 0.531003 0.480697
vt 0.234804 0.770650
vt 0.234303 0.788973
vt 0.186327 0.788720
vt 0.186828 0.770397
vt 0.426810 0.598305
vt 0.464405 0.598093
vt 0.528415 0.738496
vt 0.528582 0.693740
vt 0.522959 0.427629
vt 0.524971 0.482876
vt 0.721076 0.778602
vt 0.718421 0.780342
vt 0.670448 0.780330
vt 0.671603 0.778589
vt 0.734994 0.577054
vt 0.735103 0.597547
vt 0.698310 0.597722
vt 0.698003 0.577231
vt 0.523754 0.739019
vt 0.526076 0.693300
vt 0.520424 0.426988
vt 0.523586 0.483312
vt 0.425903 0.577816
vt 0.463749 0.577613
vt 0.521933 0.739150
vt 0.525126 0.693081
vt 0.513210 0.428139
vt 0.522434 0.483595
vt 0.514635 0.738920
vt 0.523375 0.691221
vt 0.490141 0.429181
vt 0.520411 0.484152
vt 0.735416 0.534009
vt 0.692034 0.543201
vt 0.488538 0.738332
vt 0.522151 0.690527
vt 0.453138 0.441126
vt 0.518248 0.485074
vt 0.425233 0.533972
vt 0.473293 0.533703
vt 0.459236 0.734373
vt 0.736750 0.445494
vt 0.691124 0.541105
vt 0.437332 0.726851
vt 0.520034 0.688842
vt 0.438766 0.449367
vt 0.509988 0.490577
vt 0.718539 0.782132
vt 0.670566 0.782120
vt 0.428113 0.459340
vt 0.502421 0.497211
vt 0.883199 0.831143
vt 0.885174 0.852139
vt 0.837228 0.851065
vt 0.838650 0.830145
vt 0.701678 0.735119
vt 0.692421 0.735796
vt 0.648169 0.682094
vt 0.649897 0.680298
vt 0.427078 0.486537
vt 0.499294 0.501392
vt 0.718646 0.784522
vt 0.670673 0.784509
vt 0.413706 0.563769
vt 0.409572 0.560403
vt 0.409572 0.515827
vt 0.413706 0.515792
vt 0.383901 0.758141
vt 0.384680 0.770994
vt 0.336920 0.771074
vt 0.336142 0.758221
vt 0.722411 0.731234
vt 0.705341 0.734638
vt 0.652884 0.678581
vt 0.655282 0.677748
vt 0.708036 0.428220
vt 0.687178 0.534192
vt 0.882288 0.882233
vt 0.834342 0.881159
vt 0.384693 0.746937
vt 0.336153 0.744653
vt 0.704413 0.427811
vt 0.682999 0.528192
vt 0.718788 0.787234
vt 0.670815 0.787222
vt 0.733450 0.679083
vt 0.733238 0.689824
vt 0.664513 0.669100
vt 0.671483 0.661869
vt 0.701397 0.427935
vt 0.679152 0.520977
vt 0.732588 0.720308
vt 0.731846 0.724562
vt 0.657203 0.676460
vt 0.659296 0.674990
vt 0.734355 0.663106
vt 0.678139 0.654103
vt 0.692452 0.427952
vt 0.670896 0.509763
vt 0.733049 0.708134
vt 0.661667 0.672556
vt 0.656125 0.427595
vt 0.656504 0.497156
vt 0.593267 0.738676
vt 0.568465 0.739150
vt 0.568735 0.704801
vt 0.593616 0.704299
vt 0.622422 0.424653
vt 0.622702 0.475728
vt 0.623392 0.737061
vt 0.623623 0.695276
vt 0.882303 0.907119
vt 0.834357 0.906045
vt 0.607500 0.424729
vt 0.607761 0.472132
vt 0.657039 0.737283
vt 0.644508 0.686194
vt 0.418690 0.638772
vt 0.410440 0.639216
vt 0.410440 0.591258
vt 0.418690 0.590814
vt 0.567150 0.424934
vt 0.592352 0.424806
vt 0.592592 0.468482
vt 0.567391 0.468662
vt 0.428657 0.703979
vt 0.511693 0.681436
vt 0.561011 0.424964
vt 0.561259 0.469981
vt 0.420793 0.639020
vt 0.420793 0.591062
vt 0.384548 0.777422
vt 0.336788 0.777502
vt 0.882569 0.913512
vt 0.882839 0.919995
vt 0.834893 0.918921
vt 0.834623 0.912438
vt 0.718747 0.768277
vt 0.670774 0.768264
vt 0.385417 0.790967
vt 0.337657 0.791046
vt 0.882947 0.922956
vt 0.883263 0.925598
vt 0.835316 0.924524
vt 0.835001 0.921882
vt 0.718444 0.762168
vt 0.670472 0.762156
vt 0.384409 0.811106
vt 0.336650 0.811185
vt 0.883703 0.927631
vt 0.835757 0.926557
vt 0.718174 0.760763
vt 0.670201 0.760751
vt 0.234858 0.730107
vt 0.234737 0.750598
vt 0.186761 0.750345
vt 0.186882 0.729854
vt 0.407465 0.563944
vt 0.405545 0.564805
vt 0.405545 0.516103
vt 0.407465 0.515986
vt 0.718329 0.759605
vt 0.670356 0.759593
vt 0.385952 0.831608
vt 0.338192 0.831687
vt 0.883546 0.929706
vt 0.835600 0.928632
vt 0.718265 0.757563
vt 0.670292 0.757551
vt 0.882743 0.931865
vt 0.834797 0.930791
vt 0.718188 0.755368
vt 0.670215 0.755356
vt 0.235236 0.696097
vt 0.187260 0.695844
vt 0.882981 0.938190
vt 0.835035 0.937116
vt 0.383426 0.875040
vt 0.335666 0.875119
vt 0.885174 0.947157
vt 0.837228 0.946083
vt 0.384203 0.906191
vt 0.382913 0.910221
vt 0.334950 0.910104
vt 0.336240 0.906074
vt 0.234663 0.694004
vt 0.186688 0.693751
vt 0.884781 0.949657
vt 0.836835 0.948583
vt 0.234726 0.825552
vt 0.234677 0.827995
vt 0.186701 0.827742
vt 0.186750 0.825299
vt 0.884068 0.950600
vt 0.836122 0.949526
vt 0.424009 0.585301
vt 0.422070 0.586087
vt 0.422070 0.538124
vt 0.424009 0.537338
vt 0.422022 0.639722
vt 0.422022 0.591764
vt 0.718069 0.746924
vt 0.670097 0.746911
vt 0.234700 0.814833
vt 0.234856 0.822087
vt 0.186880 0.821834
vt 0.186724 0.814580
vt 0.400142 0.565396
vt 0.398384 0.564924
vt 0.398384 0.516966
vt 0.401140 0.516417
vt 0.234786 0.687105
vt 0.186811 0.686852
vt 0.403143 0.565075
vt 0.403143 0.516675
vt 0.235188 0.681119
vt 0.187212 0.680865
vt 0.234303 0.673917
vt 0.186327 0.673664
vt 0.234952 0.662730
vt 0.186976 0.662477
vt 0.720268 0.893198
vt 0.718069 0.907118
vt 0.670097 0.907106
vt 0.672295 0.893185
vt 0.720691 0.860141
vt 0.672718 0.860129
vt 0.409572 0.563750
vt 0.409572 0.515792
vt 0.720492 0.845324
vt 0.672519 0.845312
vt 0.719764 0.805075
vt 0.720289 0.830282
vt 0.672317 0.830269
vt 0.671791 0.805062
vt 0.719409 0.798894
vt 0.671436 0.798882
vt 0.719524 0.739162
vt 0.671552 0.739150
vt 0.234453 0.807046
vt 0.186477 0.806793
vt 0.718858 0.789499
vt 0.719048 0.792626
vt 0.671075 0.792614
vt 0.670885 0.789487
vt 0.398718 0.637205
vt 0.398718 0.589247
vt 0.382913 0.734926
vt 0.334950 0.734809
vt 0.112445 0.426525
vt 0.131568 0.425893
vt 0.118949 0.449370
vt 0.105313 0.447982
vt 0.118154 0.661753
vt 0.103685 0.662477
vt 0.102755 0.638477
vt 0.110309 0.639017
vt 0.037517 0.634974
vt 0.023042 0.620471
vt 0.042598 0.601971
vt 0.056813 0.616730
vt 0.073125 0.433983
vt 0.079804 0.454526
vt 0.132673 0.660021
vt 0.123008 0.638609
vt 0.177181 0.647305
vt 0.175166 0.649019
vt 0.167908 0.623316
vt 0.169920 0.621608
vt 0.059760 0.441570
vt 0.069995 0.461274
vt 0.179252 0.645188
vt 0.171990 0.619494
vt 0.170355 0.653060
vt 0.163684 0.655237
vt 0.154308 0.630565
vt 0.162682 0.626933
vt 0.027918 0.466626
vt 0.046193 0.449272
vt 0.060036 0.468124
vt 0.045067 0.484786
vt 0.169852 0.435856
vt 0.197465 0.456619
vt 0.182872 0.474614
vt 0.157083 0.456920
vt -0.000000 0.531870
vt 0.000990 0.521855
vt 0.021427 0.537211
vt 0.021534 0.549714
vt 0.173530 0.650247
vt 0.166276 0.624537
vt -0.000000 0.581894
vt 0.025312 0.570578
vt 0.024342 0.471780
vt 0.041449 0.489895
vt 0.211694 0.471369
vt 0.221494 0.489638
vt 0.197568 0.490356
vt 0.194795 0.486776
vt 0.236021 0.554439
vt 0.235497 0.556943
vt 0.212798 0.553946
vt 0.213028 0.551149
vt 0.019572 0.480277
vt 0.020716 0.477006
vt 0.037780 0.495075
vt 0.037070 0.497165
vt 0.150438 0.659341
vt 0.147889 0.659179
vt 0.136929 0.635917
vt 0.138236 0.635527
vt 0.171753 0.651392
vt 0.164498 0.625685
vt 0.018270 0.482175
vt 0.035767 0.499063
vt 0.146521 0.659509
vt 0.135043 0.636463
vt 0.151281 0.658852
vt 0.139342 0.635297
vt 0.184806 0.641616
vt 0.175358 0.617133
vt 0.229880 0.506860
vt 0.235502 0.526313
vt 0.212122 0.523494
vt 0.206398 0.507158
vt 0.016708 0.484443
vt 0.034205 0.501331
vt 0.153412 0.657460
vt 0.144731 0.633466
vt 0.232753 0.567229
vt 0.232853 0.572781
vt 0.209472 0.568749
vt 0.210654 0.563960
vt 0.015385 0.486495
vt 0.032882 0.503384
vt 0.235950 0.536531
vt 0.213643 0.533362
vt 0.235804 0.546573
vt 0.236088 0.551041
vt 0.213875 0.546648
vt 0.213915 0.542397
vt 0.014610 0.488248
vt 0.031957 0.504978
vt 0.054082 0.646852
vt 0.066236 0.624798
vt 0.014303 0.490430
vt 0.031298 0.506296
vt 0.223843 0.593627
vt 0.206889 0.575780
vt 0.066788 0.653223
vt 0.074349 0.630767
vt 0.009579 0.500280
vt 0.026751 0.517298
vt 0.234981 0.559182
vt 0.233798 0.561435
vt 0.211991 0.559395
vt 0.212467 0.556272
vt 0.208103 0.620722
vt 0.190826 0.602533
vt 0.006665 0.505994
vt 0.025948 0.519857
vt 0.005951 0.507258
vt 0.025372 0.521275
vt 0.005304 0.508253
vt 0.024954 0.522512
vt 0.004208 0.510042
vt 0.024273 0.524740
vt 0.190283 0.638093
vt 0.178679 0.614804
vt 0.003259 0.512193
vt 0.024129 0.527133
vt 0.000575 0.537059
vt 0.022842 0.560604
vt 0.233521 0.564033
vt 0.211354 0.561695
vt 0.085855 0.661298
vt 0.073365 0.655694
vt 0.083600 0.634204
vt 0.094523 0.636752
vt 0.167755 0.434948
vt 0.154718 0.455728
vt 0.160150 0.432598
vt 0.147333 0.453611
vt 0.152998 0.431075
vt 0.142535 0.452512
vt 0.145259 0.428436
vt 0.134153 0.450487
vt 0.143824 0.659726
vt 0.132254 0.637190
vt 0.043072 0.949079
vt 0.042899 0.946369
vt 0.078665 0.945966
vt 0.078838 0.948677
vt 0.422340 0.811402
vt 0.422980 0.815458
vt 0.387222 0.815440
vt 0.386583 0.811385
vt 0.043207 0.951467
vt 0.078973 0.951065
vt 0.424127 0.749093
vt 0.423680 0.753267
vt 0.387923 0.753250
vt 0.388370 0.749075
vt 0.043337 0.953250
vt 0.079103 0.952847
vt 0.186753 0.831550
vt 0.186327 0.828472
vt 0.222095 0.827995
vt 0.222521 0.831073
vt 0.042611 0.954644
vt 0.078377 0.954241
vt 0.424299 0.759987
vt 0.388542 0.759969
vt 0.043599 0.965649
vt 0.079365 0.965247
vt 0.920935 0.843097
vt 0.921764 0.852693
vt 0.886003 0.852603
vt 0.885174 0.843007
vt 0.043799 0.968029
vt 0.079565 0.967626
vt 0.422053 0.790135
vt 0.386296 0.790117
vt 0.424154 0.850911
vt 0.424209 0.852123
vt 0.388452 0.852105
vt 0.388397 0.850893
vt 0.043811 0.969439
vt 0.079577 0.969036
vt 0.188191 0.880772
vt 0.188372 0.862447
vt 0.224139 0.861970
vt 0.223959 0.880295
vt 0.424121 0.849953
vt 0.388363 0.849935
vt 0.043648 0.970609
vt 0.079414 0.970206
vt 0.424192 0.853863
vt 0.388435 0.853846
vt 0.424141 0.844793
vt 0.388384 0.844775
vt 0.043757 0.972667
vt 0.079523 0.972265
vt 0.187987 0.846592
vt 0.187622 0.838335
vt 0.223390 0.837858
vt 0.223755 0.846115
vt 0.423898 0.835872
vt 0.388141 0.835855
vt 0.043955 0.974465
vt 0.079721 0.974062
vt 0.423492 0.742476
vt 0.423833 0.744975
vt 0.388076 0.744957
vt 0.387734 0.742458
vt 0.921217 0.836010
vt 0.885456 0.835920
vt 0.921578 0.947597
vt 0.921481 0.956149
vt 0.885720 0.956058
vt 0.885817 0.947507
vt 0.921933 0.904545
vt 0.922267 0.938861
vt 0.886444 0.938711
vt 0.886172 0.904455
vt 0.921472 0.830235
vt 0.885711 0.830145
vt 0.422055 0.734826
vt 0.422984 0.738536
vt 0.387227 0.738519
vt 0.386298 0.734809
vt 0.423168 0.740634
vt 0.387411 0.740616
vt 0.423802 0.864048
vt 0.423189 0.873514
vt 0.387432 0.873497
vt 0.388044 0.864030
vt 0.186327 0.932874
vt 0.187780 0.902319
vt 0.223547 0.901843
vt 0.222773 0.932388
vt 0.421709 0.807403
vt 0.385952 0.807386
vt 0.187367 0.885299
vt 0.223135 0.884822
vt 0.424159 0.747020
vt 0.388402 0.747002
vt 0.921521 0.884059
vt 0.886958 0.883972
vt 0.043476 0.983503
vt 0.079242 0.983100
vt 0.186943 0.935345
vt 0.223332 0.934860
vt 0.423118 0.827324
vt 0.387360 0.827307
vt 0.186944 0.941927
vt 0.223161 0.941444
vt 0.187493 0.945989
vt 0.223261 0.945512
vt 0.423090 0.825150
vt 0.387333 0.825133
vt 0.187851 0.953174
vt 0.223619 0.952697
vt 0.423014 0.823073
vt 0.387257 0.823055
vt 0.424299 0.856379
vt 0.388542 0.856361
vt 0.187974 0.964346
vt 0.223742 0.963869
vt 0.045070 0.861097
vt 0.043830 0.852436
vt 0.079596 0.852033
vt 0.079430 0.861816
vt 0.422965 0.818416
vt 0.387207 0.818398
vt 0.044650 0.883747
vt 0.078382 0.884474
vt 0.422965 0.821050
vt 0.387207 0.821032
vt 0.044247 0.895451
vt 0.079027 0.895649
vt 0.923004 0.871693
vt 0.887243 0.871603
vt 0.043100 0.929696
vt 0.043837 0.907333
vt 0.079682 0.906994
vt 0.078866 0.929293
vt 0.922824 0.861718
vt 0.887032 0.861598
vt 0.043524 0.935870
vt 0.079290 0.935467
vt 0.042802 0.944105
vt 0.043955 0.942132
vt 0.079721 0.941729
vt 0.078569 0.943702
vt 0.920935 0.964966
vt 0.885174 0.964876
vt 0.001176 0.775199
vt 0.000000 0.769050
vt 0.019163 0.770398
vt 0.020088 0.773025
vt 0.134429 0.844807
vt 0.125547 0.848324
vt 0.117110 0.829305
vt 0.121647 0.826821
vt 0.003383 0.783394
vt 0.002368 0.781434
vt 0.021026 0.775688
vt 0.021807 0.777629
vt 0.185163 0.773844
vt 0.185000 0.776477
vt 0.167194 0.772240
vt 0.167577 0.769609
vt 0.003849 0.785648
vt 0.022362 0.779884
vt 0.030504 0.831009
vt 0.021416 0.822422
vt 0.039658 0.810109
vt 0.045110 0.815069
vt 0.004402 0.788346
vt 0.023301 0.782585
vt 0.185705 0.766822
vt 0.185074 0.770886
vt 0.167839 0.766341
vt 0.168101 0.764502
vt 0.004965 0.790722
vt 0.024114 0.784963
vt 0.171826 0.704527
vt 0.174460 0.708698
vt 0.159759 0.721061
vt 0.158063 0.718512
vt 0.005473 0.792494
vt 0.024622 0.786734
vt 0.158539 0.687235
vt 0.161577 0.690209
vt 0.146793 0.704056
vt 0.141583 0.699863
vt 0.005967 0.793883
vt 0.025536 0.788126
vt 0.177739 0.715433
vt 0.161193 0.724224
vt 0.010748 0.804785
vt 0.029731 0.795950
vt 0.143835 0.838698
vt 0.131045 0.821732
vt 0.012037 0.807137
vt 0.031020 0.798302
vt 0.185897 0.745553
vt 0.167536 0.745422
vt 0.173243 0.806333
vt 0.172618 0.807545
vt 0.158205 0.793919
vt 0.158877 0.792711
vt 0.012660 0.808535
vt 0.031643 0.799700
vt 0.109691 0.662958
vt 0.127924 0.668235
vt 0.115886 0.685344
vt 0.109526 0.683733
vt 0.173844 0.805376
vt 0.159615 0.791162
vt 0.013263 0.809693
vt 0.032245 0.800858
vt 0.171705 0.809283
vt 0.157533 0.795032
vt 0.176258 0.800222
vt 0.161704 0.787222
vt 0.014397 0.811728
vt 0.033379 0.802893
vt 0.143668 0.675429
vt 0.151837 0.681170
vt 0.139799 0.698278
vt 0.131630 0.692537
vt 0.180803 0.791306
vt 0.162921 0.783826
vt 0.016022 0.813491
vt 0.034387 0.804870
vt 0.167540 0.697893
vt 0.169461 0.700401
vt 0.155898 0.714847
vt 0.153879 0.711729
vt 0.150783 0.833958
vt 0.137993 0.817010
vt 0.039262 0.837612
vt 0.053275 0.821668
vt 0.082778 0.852033
vt 0.048177 0.841199
vt 0.055935 0.823452
vt 0.086666 0.833438
vt 0.156407 0.828886
vt 0.143177 0.812526
vt 0.164234 0.693939
vt 0.150112 0.706897
vt 0.166092 0.696043
vt 0.152323 0.709409
vt 0.164912 0.819447
vt 0.152117 0.803091
vt 0.057526 0.668966
vt 0.088158 0.662646
vt 0.088000 0.682092
vt 0.063384 0.687007
vt 0.186327 0.762814
vt 0.168358 0.762688
vt 0.105188 0.662477
vt 0.105020 0.683264
vt 0.170678 0.702453
vt 0.156743 0.716446
vt 0.103276 0.852033
vt 0.100454 0.831321
vt 0.055028 0.669846
vt 0.061449 0.688350
vt 0.183986 0.782752
vt 0.165390 0.778509
vt 0.048385 0.673707
vt 0.058782 0.689749
vt 0.044271 0.676413
vt 0.056502 0.691143
vt 0.184345 0.780578
vt 0.166061 0.776338
vt 0.037003 0.681052
vt 0.051050 0.694358
vt 0.184750 0.778500
vt 0.166675 0.774261
vt 0.170297 0.811797
vt 0.156207 0.796480
vt 0.025661 0.691240
vt 0.039710 0.704272
vt 0.017798 0.701188
vt 0.037364 0.706600
vt 0.004843 0.724126
vt 0.024448 0.725477
vt 0.002735 0.735342
vt 0.021427 0.736686
vt 0.115615 0.850809
vt 0.112793 0.830097
vt 0.000595 0.746729
vt 0.018360 0.748066
vt 0.150556 0.909561
vt 0.150900 0.939983
vt 0.116623 0.939555
vt 0.116238 0.909093
vt 0.150809 0.852433
vt 0.150484 0.857747
vt 0.116237 0.857347
vt 0.116562 0.852033
vt 0.081643 0.957891
vt 0.081429 0.955387
vt 0.115675 0.955200
vt 0.115889 0.957704
vt 0.081068 0.861688
vt 0.081643 0.852220
vt 0.115889 0.852033
vt 0.115314 0.861501
vt 0.960103 0.378069
vt 0.960228 0.393928
vt 0.925969 0.393823
vt 0.925844 0.377964
vt 0.960413 0.325600
vt 0.959810 0.350133
vt 0.925550 0.350029
vt 0.926154 0.325495
vt 0.080753 0.919408
vt 0.080823 0.902136
vt 0.115068 0.901949
vt 0.114999 0.919221
vt 0.959987 0.367170
vt 0.959588 0.371684
vt 0.925329 0.371580
vt 0.925728 0.367065
vt 0.080770 0.948371
vt 0.080782 0.946307
vt 0.115028 0.946120
vt 0.115016 0.948184
vt 0.151660 0.895733
vt 0.117413 0.895333
vt 0.960494 0.323687
vt 0.926235 0.323582
vt 0.080520 0.886313
vt 0.079721 0.881009
vt 0.113966 0.880822
vt 0.114766 0.886126
vt 0.960740 0.318785
vt 0.960527 0.321043
vt 0.926267 0.320938
vt 0.926480 0.318681
vt 0.080547 0.888485
vt 0.114793 0.888299
vt 0.960556 0.313387
vt 0.926297 0.313283
vt 0.080627 0.890561
vt 0.114872 0.890375
vt 0.960443 0.302212
vt 0.926183 0.302108
vt 0.574692 0.934105
vt 0.574564 0.932322
vt 0.608819 0.931979
vt 0.608947 0.933761
vt 0.960474 0.299904
vt 0.926215 0.299800
vt 0.080657 0.898485
vt 0.080683 0.895216
vt 0.114929 0.895029
vt 0.114903 0.898298
vt 0.573979 0.935510
vt 0.608843 0.935160
vt 0.574038 0.872850
vt 0.574372 0.854246
vt 0.608627 0.853903
vt 0.608293 0.872506
vt 0.080677 0.892583
vt 0.114922 0.892396
vt 0.573895 0.943418
vt 0.608150 0.943074
vt 0.574637 0.883999
vt 0.608618 0.883659
vt 0.152058 0.883367
vt 0.117156 0.882959
vt 0.574092 0.945797
vt 0.608347 0.945454
vt 0.574450 0.917656
vt 0.575245 0.895318
vt 0.608947 0.894981
vt 0.608705 0.917313
vt 0.151799 0.879022
vt 0.116899 0.878615
vt 0.574101 0.947208
vt 0.608357 0.946865
vt 0.574372 0.920301
vt 0.608627 0.919958
vt 0.150837 0.874394
vt 0.116590 0.873994
vt 0.573937 0.948378
vt 0.608192 0.948034
vt 0.574144 0.924938
vt 0.574293 0.922983
vt 0.608548 0.922640
vt 0.608399 0.924595
vt 0.574043 0.950436
vt 0.608606 0.950090
vt 0.574240 0.927205
vt 0.608496 0.926862
vt 0.150558 0.950543
vt 0.150136 0.955833
vt 0.115889 0.955434
vt 0.116310 0.950143
vt 0.575057 0.952442
vt 0.608839 0.952103
vt 0.574424 0.929927
vt 0.608679 0.929583
vt 0.080740 0.900323
vt 0.114986 0.900136
vt 0.150798 0.942586
vt 0.116536 0.942172
vt 0.081041 0.943754
vt 0.115287 0.943567
vt 0.960302 0.409278
vt 0.960436 0.412643
vt 0.926177 0.412539
vt 0.926043 0.409173
vt 0.960740 0.403999
vt 0.926480 0.403895
vt 0.080482 0.940606
vt 0.114728 0.940419
vt 0.960458 0.402190
vt 0.926198 0.402085
vt 0.150136 0.864831
vt 0.115889 0.864431
vt 0.081090 0.949962
vt 0.115336 0.949775
vt 0.080306 0.872101
vt 0.080443 0.870888
vt 0.114688 0.870701
vt 0.114552 0.871914
vt 0.574589 0.957785
vt 0.608844 0.957441
vt 0.080107 0.873655
vt 0.114352 0.873469
vt 0.080483 0.869772
vt 0.114729 0.869585
vt 0.079915 0.877605
vt 0.114161 0.877418
vt 0.081453 0.953068
vt 0.115699 0.952882
vt 0.080727 0.868315
vt 0.114973 0.868128
vt 0.551693 0.760303
vt 0.553670 0.762102
vt 0.544495 0.772286
vt 0.541650 0.769782
vt 0.500598 0.889341
vt 0.498326 0.889304
vt 0.497823 0.875400
vt 0.500095 0.875437
vt 0.560999 0.857405
vt 0.559208 0.859549
vt 0.547995 0.850938
vt 0.549786 0.848795
vt 0.547080 0.755970
vt 0.536994 0.765901
vt 0.502763 0.889348
vt 0.502260 0.875444
vt 0.478501 0.885523
vt 0.471010 0.883449
vt 0.478024 0.871962
vt 0.480597 0.872520
vt 0.534386 0.747861
vt 0.526657 0.758524
vt 0.569205 0.788005
vt 0.572848 0.804672
vt 0.560094 0.805579
vt 0.555628 0.790026
vt 0.480263 0.886391
vt 0.482197 0.872819
vt 0.531494 0.746261
vt 0.523769 0.757555
vt 0.510692 0.888247
vt 0.507482 0.888910
vt 0.506979 0.875006
vt 0.510189 0.874343
vt 0.509755 0.739150
vt 0.508118 0.752155
vt 0.504848 0.889280
vt 0.504346 0.875376
vt 0.498144 0.739393
vt 0.499092 0.752210
vt 0.434080 0.853256
vt 0.429438 0.841761
vt 0.442477 0.835060
vt 0.443413 0.842271
vt 0.465152 0.746660
vt 0.486356 0.739639
vt 0.489930 0.752267
vt 0.473489 0.756708
vt 0.436050 0.857179
vt 0.446030 0.846941
vt 0.462890 0.748283
vt 0.470873 0.758384
vt 0.439695 0.860846
vt 0.448989 0.850535
vt 0.458951 0.751223
vt 0.460595 0.749930
vt 0.468220 0.760083
vt 0.466576 0.761376
vt 0.456942 0.752388
vt 0.464567 0.762541
vt 0.429537 0.784080
vt 0.432772 0.777458
vt 0.444419 0.785263
vt 0.441356 0.792489
vt 0.454612 0.754046
vt 0.462237 0.764199
vt 0.512531 0.887983
vt 0.511613 0.873883
vt 0.452557 0.755492
vt 0.460182 0.765645
vt 0.553869 0.865465
vt 0.551897 0.867807
vt 0.540811 0.859648
vt 0.544343 0.856375
vt 0.450999 0.756476
vt 0.458623 0.766629
vt 0.567155 0.844421
vt 0.564589 0.850597
vt 0.553482 0.842173
vt 0.556350 0.836389
vt 0.449928 0.757736
vt 0.457552 0.767890
vt 0.549262 0.870069
vt 0.538058 0.861452
vt 0.443583 0.763962
vt 0.454291 0.771617
vt 0.447213 0.868442
vt 0.456558 0.858423
vt 0.441686 0.765858
vt 0.452394 0.773513
vt 0.530689 0.882097
vt 0.527069 0.869314
vt 0.482868 0.887030
vt 0.481520 0.886724
vt 0.483610 0.873702
vt 0.485062 0.874373
vt 0.440519 0.766847
vt 0.451227 0.774502
vt 0.573659 0.809129
vt 0.573895 0.815686
vt 0.560789 0.816608
vt 0.560821 0.811305
vt 0.484561 0.887305
vt 0.486711 0.874459
vt 0.439575 0.767750
vt 0.450287 0.775402
vt 0.488929 0.888207
vt 0.490967 0.874941
vt 0.437945 0.769405
vt 0.448651 0.777062
vt 0.571399 0.832814
vt 0.568176 0.842264
vt 0.557187 0.833582
vt 0.560170 0.823527
vt 0.492530 0.888423
vt 0.494672 0.875490
vt 0.436317 0.770935
vt 0.447964 0.778741
vt 0.556780 0.862360
vt 0.546938 0.853288
vt 0.453691 0.873789
vt 0.460656 0.862133
vt 0.425844 0.793667
vt 0.437779 0.802488
vt 0.425233 0.828640
vt 0.425233 0.796619
vt 0.436455 0.807261
vt 0.438006 0.828367
vt 0.459448 0.877509
vt 0.466255 0.866081
vt 0.562791 0.854579
vt 0.551578 0.845968
vt 0.557592 0.765752
vt 0.548838 0.775884
vt 0.514345 0.887722
vt 0.513017 0.873429
vt 0.555482 0.863619
vt 0.545661 0.854611
vt 0.555761 0.764270
vt 0.546853 0.774247
vt 0.736750 0.768105
vt 0.735366 0.768080
vt 0.735366 0.739150
vt 0.736750 0.740397
vt 0.424009 0.537309
vt 0.422022 0.537338
vt 0.422022 0.428466
vt 0.424009 0.425893
vt 0.155741 0.930898
vt 0.155926 0.926096
vt 0.177531 0.924277
vt 0.178171 0.930173
vt 0.152711 0.867159
vt 0.152579 0.858757
vt 0.179093 0.860566
vt 0.171950 0.866552
vt 0.153642 0.891822
vt 0.152058 0.871306
vt 0.170888 0.873047
vt 0.165446 0.891450
vt 0.155643 0.936389
vt 0.179093 0.935649
vt 0.577100 0.853780
vt 0.573944 0.853903
vt 0.573895 0.740166
vt 0.576816 0.739681
vt 0.725900 0.852843
vt 0.723395 0.853043
vt 0.723395 0.740537
vt 0.245767 0.926416
vt 0.236088 0.925789
vt 0.236088 0.902330
vt 0.245767 0.895905
vt 0.599825 0.853587
vt 0.593316 0.853649
vt 0.593267 0.740740
vt 0.599775 0.739150
vt 0.642256 0.853099
vt 0.626824 0.853222
vt 0.626775 0.741895
vt 0.642207 0.739532
vt 0.584405 0.853485
vt 0.581921 0.853752
vt 0.581872 0.741602
vt 0.584357 0.743264
vt 0.293632 0.927198
vt 0.278984 0.926999
vt 0.281414 0.866950
vt 0.293990 0.859458
vt 0.610645 0.853422
vt 0.604927 0.853053
vt 0.604878 0.740161
vt 0.610596 0.742287
vt 0.317175 0.926876
vt 0.315582 0.926991
vt 0.315582 0.819627
vt 0.317175 0.818046
vt 0.313827 0.927117
vt 0.313827 0.821187
vt 0.152963 0.899590
vt 0.165681 0.899189
vt 0.735463 0.863916
vt 0.730125 0.863867
vt 0.730125 0.836154
vt 0.735463 0.838741
vt 0.644361 0.853177
vt 0.644311 0.739610
vt 0.263833 0.926634
vt 0.260778 0.926474
vt 0.260778 0.886156
vt 0.263838 0.885841
vt 0.646876 0.853210
vt 0.646827 0.741018
vt 0.650044 0.853436
vt 0.649996 0.743880
vt 0.266005 0.926619
vt 0.266010 0.883690
vt 0.721076 0.853006
vt 0.721076 0.741632
vt 0.655017 0.853239
vt 0.654968 0.740758
vt 0.268082 0.926551
vt 0.268087 0.878595
vt 0.248090 0.926822
vt 0.248090 0.896786
vt 0.664862 0.853019
vt 0.664812 0.739452
vt 0.249549 0.927048
vt 0.249549 0.896671
vt 0.666566 0.853903
vt 0.670096 0.740262
vt 0.276005 0.926563
vt 0.272736 0.926519
vt 0.272737 0.880210
vt 0.276005 0.881692
vt 0.750055 0.933522
vt 0.736750 0.933110
vt 0.736750 0.819604
vt 0.749986 0.835321
vt 0.270103 0.926511
vt 0.270108 0.878741
vt 0.758688 0.933296
vt 0.755684 0.862164
vt 0.153501 0.906726
vt 0.166794 0.906306
vt 0.784460 0.933584
vt 0.767452 0.933067
vt 0.767405 0.860777
vt 0.782546 0.871212
vt 0.154331 0.911956
vt 0.173096 0.911364
vt 0.787460 0.933535
vt 0.786818 0.885621
vt 0.154805 0.916279
vt 0.173652 0.915684
vt 0.792456 0.933657
vt 0.790502 0.933486
vt 0.790543 0.889380
vt 0.792492 0.894058
vt 0.794724 0.933585
vt 0.794760 0.894339
vt 0.152753 0.852827
vt 0.177912 0.852033
vt 0.797447 0.933431
vt 0.797482 0.895695
vt 0.277505 0.926783
vt 0.277500 0.871468
vt 0.799844 0.933317
vt 0.799877 0.897639
vt 0.309524 0.927198
vt 0.311374 0.826154
vt 0.801628 0.933208
vt 0.801658 0.900708
vt 0.803026 0.933328
vt 0.803055 0.901795
vt 0.306376 0.927128
vt 0.306376 0.856917
vt 0.807258 0.933181
vt 0.807285 0.903736
vt 0.809640 0.933010
vt 0.809668 0.902303
vt 0.251872 0.927279
vt 0.250661 0.927120
vt 0.250664 0.897095
vt 0.251877 0.897495
vt 0.811050 0.933016
vt 0.811079 0.901903
vt 0.253426 0.926937
vt 0.253428 0.895442
vt 0.812218 0.932933
vt 0.812245 0.903141
vt 0.257377 0.926774
vt 0.257383 0.888145
vt 0.814277 0.932931
vt 0.814304 0.903995
vt 0.654275 0.872359
vt 0.651984 0.871939
vt 0.651984 0.853903
vt 0.653754 0.854963
vt 0.388870 0.903148
vt 0.389323 0.893129
vt 0.406276 0.897928
vt 0.405352 0.902380
vt 0.657151 0.872616
vt 0.657235 0.854938
vt 0.326422 0.838861
vt 0.317175 0.843494
vt 0.317175 0.822331
vt 0.324867 0.818046
vt 0.659692 0.872856
vt 0.659108 0.855515
vt 0.827425 0.854772
vt 0.829766 0.859635
vt 0.814304 0.858469
vt 0.814732 0.853469
vt 0.724248 0.870211
vt 0.721076 0.869895
vt 0.721076 0.853602
vt 0.722492 0.853043
vt 0.028129 0.952800
vt 0.023547 0.957551
vt 0.013422 0.943080
vt 0.017092 0.940169
vt 0.725595 0.869651
vt 0.724294 0.853228
vt 0.832127 0.890483
vt 0.814304 0.885166
vt 0.396517 0.877815
vt 0.399049 0.873514
vt 0.413577 0.883329
vt 0.411500 0.884404
vt 0.331355 0.860834
vt 0.321830 0.861309
vt 0.323704 0.843497
vt 0.327768 0.844461
vt 0.395025 0.880016
vt 0.410268 0.885720
vt 0.853116 0.392226
vt 0.853021 0.405575
vt 0.835832 0.407408
vt 0.834428 0.392226
vt 0.830337 0.821482
vt 0.830795 0.822784
vt 0.816104 0.830177
vt 0.816416 0.827845
vt 0.394070 0.881201
vt 0.409829 0.886781
vt 0.040579 0.930558
vt 0.038841 0.935550
vt 0.025317 0.930578
vt 0.026402 0.925549
vt 0.829879 0.819604
vt 0.816050 0.826391
vt 0.393298 0.882280
vt 0.409238 0.888072
vt 0.831179 0.824021
vt 0.816527 0.831426
vt 0.733460 0.834503
vt 0.725900 0.832416
vt 0.725900 0.818367
vt 0.727987 0.818575
vt 0.391990 0.884228
vt 0.408626 0.889557
vt 0.035964 0.941893
vt 0.029804 0.950432
vt 0.019536 0.938979
vt 0.021468 0.936874
vt 0.735666 0.836154
vt 0.733891 0.819181
vt 0.391615 0.886023
vt 0.408236 0.892057
vt 0.015457 0.963816
vt 0.013643 0.965704
vt 0.003515 0.952887
vt 0.005298 0.951008
vt 0.856694 0.413145
vt 0.857657 0.409986
vt 0.861245 0.424530
vt 0.853116 0.424530
vt 0.385952 0.911374
vt 0.405086 0.910012
vt 0.390929 0.936853
vt 0.386586 0.918404
vt 0.405463 0.915555
vt 0.407150 0.928716
vt 0.834135 0.841144
vt 0.834135 0.848283
vt 0.814304 0.853469
vt 0.815604 0.842507
vt 0.020512 0.960281
vt 0.010346 0.946576
vt 0.017872 0.962371
vt 0.007666 0.949367
vt 0.832685 0.828005
vt 0.815933 0.836465
vt 0.040866 0.893163
vt 0.042611 0.908760
vt 0.028552 0.912699
vt 0.025979 0.903470
vt 0.850487 0.418247
vt 0.835638 0.411547
vt 0.041735 0.924919
vt 0.027851 0.919935
vt 0.011978 0.966544
vt 0.001849 0.953727
vt 0.010129 0.967787
vt -0.000000 0.954970
vt 0.396587 0.942576
vt 0.410676 0.935508
vt 0.039526 0.890966
vt 0.025323 0.898276
vt 0.183847 0.869257
vt 0.180684 0.869161
vt 0.179093 0.852033
vt 0.182262 0.852060
vt 0.037915 0.888349
vt 0.025281 0.895469
vt 0.035999 0.885065
vt 0.025560 0.891218
vt 0.186147 0.869411
vt 0.186147 0.852244
vt 0.032923 0.879858
vt 0.017312 0.884165
vt 0.858754 0.392226
vt 0.863908 0.393224
vt 0.865479 0.409986
vt 0.853116 0.409986
vt 0.831788 0.825536
vt 0.815142 0.834228
vt 0.025591 0.869498
vt 0.010270 0.878530
vt 0.023386 0.864062
vt 0.007769 0.874763
vt 0.232326 0.847542
vt 0.229048 0.847482
vt 0.229106 0.830102
vt 0.232326 0.829063
vt 0.010199 0.852033
vt -0.000000 0.873516
vt 0.226303 0.846573
vt 0.224234 0.846327
vt 0.224139 0.827995
vt 0.226435 0.830056
vt 0.425233 0.924574
vt 0.425233 0.897464
vt 0.446388 0.921129
vt 0.398866 0.949476
vt 0.413577 0.938820
vt 0.401707 0.729144
vt 0.398718 0.713879
vt 0.422591 0.713980
vt 0.421450 0.722870
vt 0.317175 0.861646
vt 0.321532 0.879204
vt 0.317175 0.879021
vt 0.412991 0.586790
vt 0.398384 0.585605
vt 0.398384 0.565396
vt 0.409406 0.567007
vt 0.317175 0.861309
vt 0.319049 0.843494
vt 0.730447 0.818367
vt 0.725900 0.816729
vt 0.725900 0.794723
vt 0.734867 0.801792
vt 0.660230 0.854083
vt 0.664200 0.853903
vt 0.665811 0.873853
vt 0.659692 0.873853
vt 0.330897 0.837176
vt 0.330550 0.818523
vt 0.423535 0.232245
vt 0.403133 0.702072
vt 0.424155 0.702072

# vertex normals
vn 0.000000 -0.010400 0.999946
vn 0.000000 -0.003800 0.999993
vn 0.000000 -0.163004 0.986625
vn 0.056299 -0.111398 0.992180
vn 0.002300 -0.003500 0.999991
vn 0.057799 -0.057399 0.996677
vn -0.001700 -0.162696 0.986675
vn -0.005800 -0.000200 0.999983
vn -0.002000 -0.010400 0.999944
vn -0.006600 -0.160794 0.986966
vn -0.004000 -0.000800 0.999992
vn -0.007800 -0.010300 0.999917
vn -0.017800 -0.155301 0.987707
vn -0.020100 -0.006100 0.999779
vn -0.020801 -0.010100 0.999733
vn -0.037500 -0.144499 0.988794
vn -0.043301 -0.008400 0.999027
vn -0.043999 -0.009900 0.998983
vn -0.067199 -0.143397 0.987381
vn -0.131797 0.152496 0.979477
vn -0.070298 -0.009800 0.997478
vn -0.026100 -0.687302 0.725902
vn 0.000000 -0.725364 0.688366
vn -0.052199 -0.702483 0.709783
vn -0.001100 -0.724829 0.688928
vn -0.004200 -0.721794 0.692095
vn -0.010300 -0.710013 0.704113
vn 0.000500 -0.725316 0.688416
vn -0.016600 -0.998270 0.056398
vn -0.005100 -0.998269 0.058598
vn -0.000700 -0.998234 0.059402
vn 0.000000 -0.998234 0.059402
vn -0.010100 -0.998277 0.057799
vn -0.002200 -0.998249 0.059103
vn 0.000400 -0.998234 0.059402
vn 0.000300 -0.974011 0.226502
vn -0.002400 -0.973821 0.227305
vn -0.013300 -0.970706 0.239901
vn 0.000000 -0.974011 0.226502
vn -0.000700 -0.973988 0.226597
vn -0.007200 -0.972690 0.231998
vn -0.012000 -0.973588 0.227997
vn 0.000300 -0.995914 0.090301
vn -0.002100 -0.995939 0.090004
vn -0.009700 -0.995993 0.088899
vn 0.000000 -0.995914 0.090301
vn -0.000700 -0.995914 0.090301
vn -0.004900 -0.995966 0.089597
vn -0.015399 -0.996055 0.087396
vn 0.485169 -0.055696 0.872645
vn 0.280896 -0.600592 0.748590
vn 0.000600 -0.998368 0.057098
vn 0.000900 -0.996156 0.087596
vn 0.208991 -0.262389 0.942059
vn 0.274498 0.121399 0.953894
vn 0.104901 -0.957913 0.267204
vn 0.087802 -0.966818 0.239904
vn 0.311990 0.041699 0.949170
vn 0.284399 -0.193399 0.938996
vn 0.000800 -0.996040 0.088904
vn 0.000900 -0.998316 0.058001
vn 0.323716 -0.669132 0.668932
vn 0.487587 -0.022799 0.872777
vn 0.001500 -0.996242 0.086604
vn -0.216197 -0.645991 0.732089
vn -0.538988 -0.035099 0.841582
vn 0.001600 -0.998396 0.056600
vn -0.079301 -0.964707 0.251102
vn -0.313791 -0.179495 0.932372
vn -0.417501 0.048100 0.907402
vn -0.047499 -0.994889 0.089099
vn -0.062897 -0.969155 0.238289
vn -0.182708 -0.135106 0.973840
vn -0.190200 -0.009700 0.981697
vn -0.119799 -0.686292 0.717392
vn -0.046598 -0.997365 0.055598
vn -0.017401 -0.999330 0.032201
vn 0.000600 -0.999370 0.035499
vn 0.001700 -0.999393 0.034800
vn -0.002300 -0.999374 0.035299
vn -0.048200 -0.998393 0.029800
vn 0.000000 -0.999363 0.035699
vn -0.005400 -0.999387 0.034600
vn 0.000400 -0.999362 0.035699
vn 0.001600 -0.999382 0.035099
vn -0.010600 -0.999379 0.033599
vn -0.000800 -0.999366 0.035599
vn 0.000000 -0.999810 0.019500
vn -0.005900 -0.999808 0.018700
vn -0.999884 -0.010500 0.011000
vn 0.001000 -0.999937 0.011200
vn -0.011400 -0.999775 0.017900
vn -0.000800 -0.999810 0.019500
vn -0.999666 -0.010300 0.023699
vn -0.018500 -0.999688 0.016800
vn -0.002500 -0.999813 0.019200
vn -0.049902 -0.998637 0.015301
vn -0.999307 -0.010200 0.035800
vn -0.012200 -0.999875 0.010100
vn -0.000900 -0.999937 0.011200
vn -0.997757 -0.009900 0.066197
vn -0.019399 -0.999767 0.009500
vn -0.002700 -0.999936 0.011000
vn -0.050898 -0.998668 0.008500
vn 0.000000 -0.999937 0.011200
vn -0.006300 -0.999923 0.010700
vn -0.012800 -0.999903 0.005400
vn -0.000900 -0.999981 0.006100
vn -0.020200 -0.999783 0.005100
vn -0.002800 -0.999978 0.006000
vn -0.051698 -0.998653 0.004500
vn 0.000000 -0.999981 0.006100
vn -0.990582 -0.009400 0.136598
vn -0.006600 -0.999961 0.005800
vn 0.001000 -0.999811 0.019400
vn -0.020500 -0.999784 0.003400
vn -0.002900 -0.999988 0.004000
vn -0.052002 -0.998642 0.003000
vn 0.000000 -0.999992 0.004100
vn -0.006700 -0.999970 0.003800
vn -0.013000 -0.999909 0.003600
vn -0.001000 -0.999991 0.004000
vn -0.052302 -0.998630 0.001500
vn 0.000000 -0.999998 0.002100
vn 0.001100 -0.999997 0.002000
vn -0.006800 -0.999975 0.001900
vn 0.001100 -0.999991 0.004000
vn -0.013200 -0.999911 0.001800
vn -0.001000 -0.999997 0.002000
vn -0.020800 -0.999782 0.001700
vn -0.003000 -0.999994 0.002000
vn -0.748214 -0.645312 0.154103
vn -0.364314 -0.931235 0.008700
vn -0.381507 -0.924316 0.009600
vn -0.354398 -0.935093 0.001700
vn -0.454889 -0.884478 0.103797
vn -0.968412 -0.005100 0.249303
vn -0.413207 -0.910216 0.027700
vn -0.356496 -0.934290 0.003700
vn -0.966462 -0.131495 0.220591
vn -0.426721 -0.902944 0.051002
vn -0.543172 -0.811657 0.214889
vn -0.098899 -0.990388 0.096699
vn -0.091602 -0.995322 0.030701
vn -0.340599 -0.127700 0.931496
vn -0.091203 -0.995828 0.002800
vn -0.110199 -0.960694 0.254799
vn -0.091400 -0.995701 0.015000
vn -0.341300 -0.010100 0.939900
vn -0.093005 -0.994050 0.056703
vn -0.091401 -0.995813 0.001400
vn -0.091002 -0.995817 0.008200
vn -0.091003 -0.995835 0.005600
vn -0.269091 -0.657379 0.703877
vn -0.328099 -0.935697 0.129700
vn -0.270791 -0.961769 0.040899
vn -0.722399 -0.118200 0.681299
vn -0.232002 -0.972710 0.003100
vn -0.395194 -0.870786 0.292495
vn -0.260398 -0.965394 0.014400
vn -0.725996 -0.001700 0.687696
vn -0.300105 -0.950315 0.082701
vn -0.230895 -0.972978 0.001500
vn -0.250411 -0.968043 0.013701
vn -0.234805 -0.972021 0.006400
vn -0.619730 -0.576128 0.532926
vn -0.415525 -0.632738 0.653439
vn -0.146206 -0.989238 0.005700
vn -0.146804 -0.989130 0.008400
vn -0.145298 -0.989387 0.001400
vn -0.169107 -0.983543 0.063603
vn -0.519194 -0.010600 0.854591
vn -0.149295 -0.988670 0.015600
vn -0.234389 -0.933957 0.269788
vn -0.145606 -0.989339 0.002800
vn -0.528801 -0.125600 0.839401
vn -0.156002 -0.987212 0.032800
vn -0.189707 -0.975235 0.113704
vn -0.908682 -0.116198 0.400992
vn -0.901525 0.003600 0.432712
vn -0.763525 -0.575019 0.293910
vn -0.743010 -0.663509 0.087701
vn -0.657312 -0.753614 0.002600
vn -0.672717 -0.739819 0.010900
vn -0.708890 -0.704190 0.039899
vn -0.661405 -0.750006 0.005800
vn -0.679018 -0.733920 0.017200
vn -0.982693 -0.185199 0.003900
vn -0.984053 -0.176792 0.019599
vn -0.981689 -0.139798 0.129399
vn -0.985644 -0.161507 0.049202
vn -0.983109 -0.182802 0.009000
vn -0.984255 -0.173592 0.033298
vn -0.999933 -0.010500 0.004800
vn 0.001100 -0.999981 0.006100
vn -0.253107 0.201006 0.946326
vn -0.144398 0.293195 0.945085
vn -0.237108 0.159905 0.958233
vn 0.471518 -0.027301 0.881434
vn 0.473520 -0.057002 0.878937
vn -0.070201 -0.005500 0.997518
vn -0.043901 -0.004900 0.999024
vn -0.020700 -0.003900 0.999778
vn -0.007200 -0.000800 0.999974
vn -0.002600 -0.000600 0.999996
vn 0.002300 -0.003000 0.999993
vn 0.000000 -0.003000 0.999995
vn 0.002200 -0.003600 0.999991
vn 0.323507 -0.278806 0.904218
vn 0.278886 -0.122694 0.952454
vn -0.112399 -0.619394 0.776993
vn -0.140303 0.400209 0.905620
vn -0.071403 -0.003100 0.997443
vn -0.043701 -0.006000 0.999027
vn -0.020400 -0.004400 0.999782
vn -0.005700 0.001100 0.999983
vn -0.004100 0.001300 0.999991
vn 0.000000 -0.003100 0.999995
vn 0.001300 -0.999811 0.019400
vn 0.001500 -0.999981 0.006000
vn 0.001600 -0.999991 0.004000
vn 0.001400 -0.999936 0.011200
vn 0.001600 -0.999997 0.002000
vn 0.001000 -0.999813 0.019300
vn 0.001500 -0.999937 0.011100
vn 0.002100 -0.999990 0.004000
vn 0.002000 -0.999936 0.011100
vn 0.002200 -0.999996 0.002000
vn 0.002100 -0.999980 0.006000
vn 0.001800 -0.999814 0.019200
vn -0.057301 0.375104 0.925210
vn 0.015000 0.772518 0.634815
vn -0.074304 0.700134 0.710135
vn 0.126596 0.367989 0.921172
vn 0.008800 0.142704 0.989726
vn -0.019500 0.143200 0.989502
vn 0.000000 -0.005800 0.999983
vn -0.019599 -0.010000 0.999758
vn 0.002100 -0.006400 0.999977
vn 0.435596 0.708294 0.555495
vn 0.450828 0.720044 0.527532
vn 0.001900 -0.006200 0.999979
vn 0.002100 -0.003500 0.999992
vn 0.002200 -0.003000 0.999993
vn 0.000900 -0.999809 0.019500
vn 0.000900 -0.999366 0.035599
vn 0.000800 -0.995914 0.090301
vn 0.000800 -0.974010 0.226502
vn 0.000800 -0.998234 0.059402
vn 0.001300 -0.724974 0.688775
vn 0.097599 -0.016200 0.995094
vn 0.002200 -0.003500 0.999991
vn 0.121500 -0.156999 0.980096
vn 0.001300 -0.724829 0.688928
vn 0.000800 -0.998240 0.059302
vn 0.000800 -0.973988 0.226597
vn 0.628903 0.635503 0.447902
vn 0.002000 -0.006300 0.999978
vn 0.066901 -0.041200 0.996909
vn 0.064499 -0.126398 0.989881
vn 0.228294 0.966476 -0.117497
vn 0.526592 0.458793 0.715689
vn 0.550292 0.834288 -0.033800
vn 0.063898 0.319688 0.945366
vn -0.071000 0.366001 0.927902
vn 0.001200 0.112198 0.993685
vn -0.022699 0.083198 0.996274
vn 0.043199 0.366091 0.929576
vn 0.019900 -0.159402 0.987013
vn 0.001400 -0.003400 0.999993
vn 0.020300 -0.013700 0.999700
vn 0.000700 -0.999937 0.011200
vn 0.000600 -0.999810 0.019500
vn 0.000700 -0.999998 0.002000
vn 0.000700 -0.999992 0.004000
vn 0.000700 -0.999981 0.006100
vn 0.001300 -0.003000 0.999995
vn 0.001300 -0.003400 0.999993
vn 0.001200 -0.006000 0.999981
vn 0.043402 0.827742 0.559428
vn 0.000800 -0.999366 0.035599
vn 0.000700 -0.995914 0.090301
vn 0.001200 -0.725071 0.688673
vn 0.002300 -0.003100 0.999993
vn 0.002200 -0.003100 0.999993
vn 0.000000 -0.003400 0.999994
vn -0.002200 -0.002900 0.999993
vn -0.007600 -0.003100 0.999966
vn -0.020799 -0.004100 0.999775
vn -0.044101 -0.004700 0.999016
vn -0.070400 -0.005200 0.997505
vn -0.163699 0.079599 0.983294
vn -0.398899 0.255099 0.880797
vn 0.467105 0.018500 0.884009
vn 0.469500 0.058400 0.880999
vn 0.001300 -0.003200 0.999994
vn 0.002300 -0.003200 0.999992
vn 0.002100 -0.003200 0.999993
vn 0.000000 -0.002900 0.999996
vn -0.003300 0.000900 0.999994
vn -0.006500 0.000600 0.999979
vn -0.020600 -0.004100 0.999779
vn -0.043801 -0.005300 0.999026
vn -0.070102 -0.005900 0.997522
vn -0.123595 0.266190 0.955964
vn 0.002200 -0.003200 0.999992
vn 0.409704 -0.186702 0.892908
vn 0.401008 -0.088202 0.911818
vn -0.081201 -0.295103 0.952009
vn 0.001200 -0.003900 0.999992
vn 0.002200 -0.004000 0.999990
vn 0.002100 -0.004000 0.999990
vn -0.253906 -0.143504 0.956524
vn 0.258408 -0.003900 0.966028
vn 0.297604 -0.068701 0.952214
vn 0.002200 -0.004100 0.999989
vn -0.194803 0.446708 0.873215
vn -0.087799 0.057399 0.994483
vn -0.043501 -0.007000 0.999029
vn -0.020300 -0.005100 0.999781
vn -0.004900 0.000800 0.999988
vn -0.005000 0.001200 0.999987
vn 0.001200 -0.005600 0.999984
vn -0.019299 -0.008900 0.999774
vn -0.000200 -0.004400 0.999990
vn -0.033599 0.366089 0.929973
vn 0.022300 0.365308 0.930620
vn -0.392915 0.616924 0.681926
vn 0.282107 0.443111 0.850922
vn 0.283902 0.626004 0.726305
vn 0.031100 0.764899 0.643399
vn 0.124505 -0.908539 0.398817
vn 0.531500 0.500200 0.683600
vn -0.316292 -0.722581 0.614684
vn 0.090694 0.381176 0.920043
vn -0.094503 0.421414 0.901931
vn 0.005100 0.456185 0.889870
vn -0.030699 0.342088 0.939166
vn -0.417882 -0.498278 -0.759667
vn 0.517312 0.481611 0.707417
vn -0.027700 0.986712 -0.160102
vn 0.261908 0.010900 0.965031
vn 0.264589 0.772568 0.577176
vn 0.401879 0.566070 0.719762
vn 0.151396 0.000000 0.988473
vn -0.378299 0.924599 0.044800
vn -0.693790 0.434694 0.574192
vn -0.371505 -0.928012 -0.027900
vn 0.139895 -0.000200 0.990166
vn 0.235099 -0.041200 0.971098
vn 0.271015 0.006400 0.962554
vn 0.001500 -0.999997 0.002000
vn 0.001300 -0.999936 0.011200
vn 0.001500 -0.999991 0.004000
vn 0.001400 -0.999981 0.006000
vn 0.001200 -0.999811 0.019400
vn 0.172205 -0.051202 0.983730
vn 0.271507 -0.014700 0.962324
vn 0.000700 -0.999373 0.035399
vn 0.283891 -0.012900 0.958770
vn 0.178503 -0.706811 0.684511
vn 0.000900 -0.998264 0.058898
vn 0.000800 -0.995960 0.089796
vn 0.196304 -0.151803 0.968721
vn 0.228202 -0.003700 0.973607
vn 0.060798 -0.971173 0.230494
vn 0.007900 0.893799 -0.448399
vn 0.091704 0.990445 -0.103005
vn 0.252804 0.027900 0.967115
vn 0.111601 0.902811 0.415305
vn -0.134604 -0.156104 0.978526
vn 0.005700 0.998865 0.047298
vn 0.035499 0.907668 0.418185
vn 0.255089 0.964158 -0.072997
vn -0.287712 0.036002 0.957040
vn -0.075901 -0.304706 0.949417
vn 0.708921 -0.692421 -0.134104
vn -0.066599 -0.450496 0.890291
vn -0.007300 -0.976457 0.215590
vn -0.381907 0.096802 0.919117
vn 0.002300 -0.999815 0.019100
vn 0.002600 -0.999979 0.006000
vn 0.104499 0.055200 0.992992
vn -0.147201 0.358102 0.922006
vn 0.002800 -0.996248 0.086504
vn 0.002500 -0.999935 0.011100
vn 0.001800 -0.998407 0.056400
vn -0.367602 -0.096100 0.925005
vn 0.002100 -0.999392 0.034800
vn -0.642634 -0.051503 0.764440
vn 0.006600 -0.010200 0.999926
vn -0.524595 0.593994 0.609894
vn -0.027999 -0.114997 0.992971
vn 0.002700 0.005100 0.999983
vn -0.270898 0.641394 0.717794
vn -0.011200 -0.155593 0.987758
vn 0.002600 -0.999989 0.004000
vn -0.335517 0.924047 0.183209
vn 0.042000 -0.726200 0.686200
vn 0.008700 -0.016001 0.999834
vn 0.006900 -0.010000 0.999926
vn -0.222498 0.054800 0.973392
vn -0.582627 -0.228911 0.779837
vn -0.006400 -0.012400 0.999903
vn -0.390791 0.000300 0.920479
vn -0.255300 0.076900 0.963799
vn 0.021499 -0.153194 0.987962
vn -0.085298 -0.137097 0.986878
vn 0.002700 -0.999988 0.004000
vn -0.021100 -0.727492 0.685792
vn -0.543306 0.506006 0.669908
vn -0.899189 -0.429695 -0.082599
vn 0.002200 -0.976700 0.214600
vn -0.651710 -0.015400 0.758312
vn 0.001900 -0.996250 0.086496
vn -0.271786 0.304984 0.912753
vn 0.002000 -0.998412 0.056301
vn -0.515721 0.658727 0.547823
vn 0.009200 -0.010000 0.999908
vn 0.005500 -0.000100 0.999985
vn -0.020500 0.037699 0.999079
vn 0.013900 0.013500 0.999812
vn -0.030801 -0.031801 0.999020
vn -0.029300 0.027700 0.999187
vn 0.007200 -0.153796 0.988076
vn -0.007700 -0.061897 0.998053
vn 0.003300 -0.999987 0.004000
vn 0.005700 -0.728608 0.684907
vn -0.043601 0.636521 0.770026
vn 0.003400 -0.999992 0.002000
vn 0.002800 -0.976656 0.214790
vn -0.041102 0.310315 0.949745
vn 0.003300 -0.999977 0.006000
vn 0.002400 -0.996258 0.086396
vn -0.000900 0.037899 0.999281
vn 0.003100 -0.999935 0.011000
vn 0.002500 -0.998411 0.056301
vn -0.107699 0.678791 0.726391
vn 0.002900 -0.999813 0.019100
vn 0.002700 -0.999394 0.034700
vn 0.016300 -0.039300 0.999095
vn 0.014100 -0.031500 0.999404
vn 0.014701 -0.009800 0.999844
vn 0.014900 -0.003300 0.999884
vn 0.015200 -0.002600 0.999881
vn 0.014401 0.011000 0.999836
vn 0.015400 -0.002700 0.999878
vn 0.015300 0.000200 0.999883
vn 0.012300 -0.150896 0.988473
vn 0.015701 -0.008100 0.999844
vn 0.005000 -0.999980 0.003900
vn 0.008600 -0.723485 0.690286
vn 0.026400 0.785499 0.618299
vn 0.005100 -0.999985 0.002000
vn 0.004400 -0.976384 0.215997
vn 0.025199 0.298283 0.954145
vn 0.004900 -0.999971 0.005900
vn 0.003700 -0.996263 0.086297
vn 0.016201 -0.006900 0.999845
vn 0.004700 -0.999931 0.010800
vn 0.003800 -0.998423 0.056001
vn 0.022599 0.727565 0.685667
vn 0.004400 -0.999814 0.018800
vn 0.004000 -0.999400 0.034400
vn 0.009200 -0.999942 0.005600
vn 0.007000 -0.996279 0.085898
vn 0.027000 -0.009300 0.999592
vn 0.008700 -0.999908 0.010400
vn 0.007200 -0.998444 0.055302
vn 0.010600 0.633317 0.773820
vn 0.008200 -0.999801 0.018200
vn 0.007600 -0.999406 0.033600
vn 0.027500 -0.008200 0.999588
vn 0.030100 -0.009700 0.999500
vn 0.029901 -0.003700 0.999546
vn 0.029499 -0.003300 0.999559
vn 0.028100 -0.005900 0.999588
vn 0.029099 -0.003700 0.999570
vn 0.028899 -0.003700 0.999575
vn 0.026499 -0.144395 0.989165
vn 0.028699 -0.004900 0.999576
vn 0.009300 -0.999950 0.003700
vn 0.016200 -0.710605 0.703405
vn -0.001200 0.792144 0.610334
vn 0.009500 -0.999953 0.001900
vn 0.008800 -0.975553 0.219589
vn 0.008300 0.238196 0.971182
vn 0.064901 -0.138603 0.988219
vn 0.068003 -0.009700 0.997638
vn 0.019200 -0.999810 0.003400
vn 0.028801 -0.692521 0.720822
vn 0.020799 0.663071 0.748267
vn 0.019500 -0.999808 0.001700
vn 0.021500 -0.972693 0.231098
vn 0.060900 0.029700 0.997702
vn 0.019000 -0.999806 0.005200
vn 0.015201 -0.996248 0.085204
vn 0.065198 -0.014100 0.997773
vn 0.018200 -0.999787 0.009700
vn 0.015500 -0.998404 0.054300
vn 0.041301 0.425506 0.904013
vn 0.017300 -0.999706 0.017000
vn 0.016199 -0.999353 0.032099
vn 0.066797 -0.014699 0.997658
vn 0.066901 -0.009700 0.997712
vn 0.067003 -0.004200 0.997744
vn 0.067202 -0.005100 0.997726
vn 0.067497 -0.011499 0.997653
vn 0.067002 -0.007000 0.997728
vn 0.067500 -0.005300 0.997705
vn 0.054399 -0.998089 0.029300
vn 0.212897 -0.023700 0.976787
vn 0.256694 -0.068298 0.964077
vn 0.211396 -0.006000 0.977382
vn 0.211101 -0.010900 0.977404
vn 0.214391 -0.019099 0.976561
vn 0.210107 -0.009500 0.977632
vn 0.212895 0.000100 0.977075
vn 0.337894 -0.199097 0.919885
vn 0.215591 -0.015499 0.976361
vn 0.056998 -0.998369 0.003300
vn 0.334298 -0.574797 0.746896
vn 0.179609 0.482925 0.857044
vn 0.056500 -0.998400 0.002200
vn 0.171294 -0.907268 0.384087
vn 0.219312 0.014201 0.975551
vn 0.056998 -0.998364 0.004500
vn 0.061101 -0.993319 0.097902
vn 0.214004 0.054401 0.975317
vn 0.056299 -0.998378 0.008500
vn 0.054398 -0.997164 0.051998
vn 0.221697 0.062899 0.973085
vn 0.055298 -0.998356 0.015099
vn -0.623303 0.233501 0.746304
vn -0.768713 0.491308 0.409507
vn -0.700278 0.568482 0.431786
vn -0.656401 0.497301 0.567301
vn -0.793614 0.443508 0.416507
vn -0.515527 0.379320 0.768341
vn -0.397788 0.289292 0.870675
vn -0.487704 0.351303 0.799207
vn -0.540801 0.567901 0.620501
vn -0.265004 0.200303 0.943214
vn -0.040498 -0.006800 0.999156
vn -0.040898 -0.005200 0.999150
vn -0.041202 -0.004600 0.999140
vn -0.040698 -0.005800 0.999155
vn -0.041002 -0.004700 0.999148
vn -0.013000 -0.999914 0.001800
vn -0.012700 -0.999913 0.003600
vn -0.012400 -0.999908 0.005500
vn -0.011700 -0.999880 0.010200
vn -0.011000 -0.999777 0.018000
vn -0.010300 -0.999376 0.033799
vn -0.009500 -0.995986 0.088999
vn -0.012700 -0.970987 0.238797
vn -0.009800 -0.998274 0.057899
vn -0.025200 -0.690803 0.722603
vn -0.041200 -0.010000 0.999101
vn -0.040602 -0.008100 0.999143
vn -0.035101 -0.146205 0.988631
vn -0.029100 -0.149099 0.988394
vn -0.034200 -0.007500 0.999387
vn -0.034901 -0.010000 0.999341
vn -0.020901 -0.696323 0.717424
vn -0.008200 -0.998277 0.058099
vn -0.010700 -0.971425 0.237106
vn -0.007900 -0.995991 0.089099
vn -0.008700 -0.999384 0.033999
vn -0.009300 -0.999791 0.018200
vn -0.009900 -0.999898 0.010300
vn -0.010400 -0.999931 0.005500
vn -0.010600 -0.999937 0.003700
vn -0.010900 -0.999939 0.001800
vn -0.034799 -0.004500 0.999384
vn -0.034600 -0.005500 0.999386
vn -0.034999 -0.004400 0.999378
vn -0.034700 -0.004900 0.999386
vn -0.034400 -0.006400 0.999388
vn -0.034799 -0.008300 0.999360
vn -0.061098 0.599183 0.798277
vn -0.073000 0.194400 0.978202
vn -0.052898 0.086297 0.994864
vn -0.071697 0.434184 0.897967
vn -0.033999 -0.009600 0.999376
vn -0.108396 0.062098 0.992166
vn -0.286296 0.297495 0.910786
vn 0.211706 -0.020101 0.977127
vn 0.065999 -0.016600 0.997682
vn 0.027099 -0.010300 0.999580
vn 0.016100 -0.014200 0.999770
vn 0.010900 -0.013901 0.999844
vn -0.020201 0.033501 0.999234
vn -0.143702 0.482707 0.863912
vn -0.126202 0.513408 0.848814
vn 0.346112 0.324111 0.880431
vn 0.207006 0.046601 0.977229
vn 0.359394 0.134898 0.923384
vn 0.001200 -0.004700 0.999988
vn 0.002100 -0.004900 0.999986
vn 0.002000 -0.004800 0.999986
vn 0.002100 -0.005000 0.999985
vn -0.019899 -0.007800 0.999771
vn 0.000000 -0.004600 0.999989
vn -0.006400 -0.003100 0.999975
vn -0.003300 -0.004000 0.999987
vn -0.063702 0.952529 0.297709
vn 0.070500 0.919506 -0.386702
vn -0.135507 0.988648 0.064903
vn -0.520609 0.579610 0.626911
vn -0.354403 0.621906 0.698306
vn -0.158799 0.648696 0.744296
vn -0.249202 0.579405 0.776007
vn -0.790108 0.476405 0.385704
vn -0.788120 0.469612 0.397910
vn -0.423206 0.878212 0.222803
vn -0.503114 0.863624 0.032101
vn -0.403897 0.848593 0.341697
vn -0.062097 0.015199 0.997954
vn -0.052999 -0.005500 0.998579
vn -0.053298 -0.004900 0.998567
vn -0.052799 -0.006200 0.998586
vn -0.053099 -0.005100 0.998576
vn -0.016199 -0.999867 0.001700
vn -0.015999 -0.999866 0.003500
vn -0.015699 -0.999863 0.005300
vn -0.014801 -0.999842 0.009900
vn -0.013899 -0.999750 0.017499
vn -0.012900 -0.999369 0.033099
vn -0.011500 -0.996018 0.088402
vn -0.009100 -0.971590 0.236497
vn -0.012500 -0.998279 0.057299
vn -0.034801 -0.691110 0.721911
vn -0.053401 -0.009900 0.998524
vn -0.101699 0.060200 0.992992
vn -0.053602 -0.143906 0.988139
vn -0.253603 0.587306 0.768608
vn -0.148502 0.957310 -0.248003
vn -0.031701 0.999437 -0.011000
vn -0.176196 0.250394 0.951976
vn -0.160604 0.429810 0.888521
vn -0.167994 0.532380 0.829669
vn -0.371489 0.521585 0.768078
vn -0.202093 0.678477 0.706277
vn -0.288186 0.801760 0.523574
vn -0.124501 0.990205 0.063200
vn 0.008700 0.986852 -0.161392
vn -0.384504 0.502905 0.774108
vn -0.354713 0.096003 0.930033
vn -0.284704 0.150602 0.946712
vn -0.147304 0.069802 0.986625
vn -0.332186 0.081797 0.939660
vn -0.216910 0.169608 0.961344
vn -0.351489 0.108597 0.929872
vn -0.030201 -0.999543 0.001600
vn -0.029901 -0.999548 0.003200
vn -0.029599 -0.999550 0.004800
vn -0.028701 -0.999547 0.009100
vn -0.027600 -0.999489 0.016100
vn -0.026199 -0.999173 0.031099
vn -0.024801 -0.998134 0.055802
vn -0.061099 -0.707384 0.704184
vn -0.106803 -0.009800 0.994232
vn -0.103596 -0.141094 0.984561
vn -0.026401 -0.974045 0.224810
vn -0.024201 -0.995923 0.086902
vn -0.352311 0.010000 0.935829
vn -0.334708 0.510412 0.792118
vn -0.314105 0.367406 0.875415
vn 0.126898 0.769191 -0.626293
vn -0.496797 0.391598 0.774496
vn -0.293309 0.476814 0.828624
vn -0.079297 0.995162 -0.057998
vn -0.298005 0.367907 0.880816
vn -0.280006 0.617414 0.735117
vn -0.368900 0.116800 0.922101
vn -0.171599 0.749397 0.639498
vn -0.369817 0.247111 0.895640
vn -0.349780 0.591166 0.726758
vn -0.380489 0.909674 0.166495
vn -0.601726 0.379416 0.702830
vn -0.663481 0.310591 0.680681
vn -0.552396 0.049800 0.832093
vn -0.285506 0.789217 0.543712
vn -0.660277 0.475183 0.581580
vn -0.693489 0.110198 0.711989
vn -0.646184 0.419290 0.637685
vn -0.130898 0.988985 -0.069099
vn -0.684405 0.308102 0.660805
vn -0.679400 0.410200 0.608400
vn -0.787893 0.441896 0.428896
vn -0.800614 0.182503 0.570710
vn -0.816138 0.436020 0.379217
vn -0.259701 0.946104 0.193501
vn -0.791580 0.270593 0.547886
vn -0.796716 0.284106 0.533411
vn -0.203504 0.643712 0.737714
vn -0.757798 0.548499 0.353399
vn -0.799510 0.466306 0.378605
vn -0.798669 0.030899 0.600977
vn -0.769195 0.073300 0.634796
vn -0.265311 0.697628 0.665527
vn -0.676091 0.068899 0.733590
vn -0.868371 0.230892 0.438885
vn -0.139899 0.815293 0.561895
vn -0.789802 0.164101 0.591002
vn -0.702265 0.078596 0.707564
vn -0.800631 0.251710 0.543721
vn -0.120799 0.661897 0.739797
vn -0.726038 0.176809 0.664535
vn -0.761489 0.145698 0.631591
vn -0.418995 0.773591 0.475394
vn -0.473995 0.144498 0.868590
vn -0.810973 0.356688 0.463785
vn -0.934155 0.109606 0.339620
vn -0.343191 0.770279 0.537485
vn -0.928672 -0.043099 0.368389
vn -0.961930 0.017901 0.272709
vn -0.920823 -0.110803 0.373909
vn -0.964128 -0.004000 0.265408
vn -0.533489 0.783184 0.319393
vn -0.952606 0.025900 0.303102
vn -0.912999 -0.071200 0.401700
vn -0.958335 0.004500 0.285610
vn -0.842082 0.432091 0.322793
vn -0.914392 0.067899 0.399096
vn -0.990253 -0.005000 0.139193
vn -0.989383 0.009900 0.144997
vn -0.990299 -0.011200 0.138500
vn -0.989662 0.011000 0.142995
vn -0.989821 -0.005800 0.142203
vn -0.989414 -0.007900 0.144902
vn -0.990080 0.001400 0.140497
vn -0.989927 -0.008800 0.141304
vn -0.989523 -0.008900 0.144103
vn -0.989734 -0.002300 0.142905
vn -0.838037 0.517323 0.173408
vn -0.989567 -0.009000 0.143795
vn -0.997615 -0.008500 0.068501
vn -0.997753 -0.000800 0.066997
vn -0.997905 -0.012900 0.063400
vn -0.997611 -0.003400 0.069001
vn -0.997582 -0.005300 0.069299
vn -0.997671 -0.000900 0.068198
vn -0.997811 -0.011600 0.065101
vn -0.997588 -0.001600 0.069399
vn -0.997588 -0.003900 0.069299
vn -0.919649 0.383520 0.084605
vn -0.997720 -0.009600 0.066801
vn -0.997697 -0.004300 0.067700
vn -0.999339 -0.004200 0.036101
vn -0.999400 -0.001200 0.034600
vn -0.999342 -0.004500 0.036001
vn -0.999597 -0.000300 0.028400
vn -0.999361 -0.003300 0.035599
vn -0.940864 0.338187 0.020099
vn -0.999513 -0.000100 0.031200
vn -0.999345 -0.004600 0.035902
vn -0.999437 -0.001900 0.033501
vn -0.999348 -0.003900 0.035902
vn -0.999672 0.000700 0.025599
vn -0.999841 -0.003400 0.017501
vn -0.999796 0.009900 0.017600
vn -0.999837 -0.004000 0.017601
vn -0.999764 0.004800 0.021199
vn -0.999848 -0.002200 0.017301
vn -0.999825 0.007300 0.017200
vn -0.999842 -0.003000 0.017501
vn -0.999770 0.008700 0.019599
vn -0.999849 0.003600 0.017001
vn -0.999854 -0.000400 0.017099
vn -0.937105 0.348502 0.019500
vn -0.999781 0.010000 0.018400
vn -0.999873 0.002100 0.015800
vn -0.999933 -0.003400 0.011100
vn -0.999897 0.002700 0.014100
vn -0.999830 -0.002100 0.018301
vn -0.999933 -0.002500 0.011300
vn -0.999913 0.001500 0.013100
vn -0.999932 -0.003100 0.011200
vn -0.999848 0.000500 0.017401
vn -0.999927 0.000100 0.012100
vn -0.999932 -0.001500 0.011600
vn -0.999932 -0.003900 0.011000
vn -0.958521 0.279306 0.056801
vn -0.999980 -0.004400 0.004500
vn -0.999983 -0.003200 0.004800
vn -0.999984 -0.003200 0.004700
vn -0.999981 -0.003800 0.004800
vn -0.972212 0.233903 -0.009700
vn -0.999982 -0.003800 0.004600
vn -0.999982 -0.003700 0.004800
vn -0.999984 -0.003400 0.004600
vn -0.999982 -0.003500 0.004800
vn -0.999977 -0.005100 0.004400
vn -0.999983 -0.003400 0.004800
vn 0.937004 -0.349102 0.012300
vn 0.948030 -0.282909 0.145605
vn 0.936752 -0.347882 0.038398
vn 0.935409 -0.353503 0.006800
vn 0.944638 -0.306312 0.117605
vn 0.943329 -0.329510 0.039401
vn 0.609919 -0.278209 0.742023
vn 0.933940 -0.357415 0.003100
vn 0.869144 -0.270814 0.413821
vn 0.412003 -0.893507 0.178601
vn 0.281793 -0.959475 -0.000700
vn 0.440619 -0.627727 0.641727
vn 0.294797 -0.955089 0.030000
vn 0.304012 -0.952439 0.020901
vn 0.286585 -0.958051 0.002800
vn 0.287613 -0.957745 0.001800
vn 0.321707 -0.940120 0.112602
vn 0.289398 -0.957193 0.005500
vn 0.999195 -0.020800 0.034300
vn 0.999702 -0.022100 0.010400
vn 0.951289 -0.013700 0.307996
vn 0.998004 -0.019100 0.060200
vn 0.999739 -0.022401 0.004500
vn 0.982184 -0.015300 0.187297
vn 0.677328 -0.039302 0.734631
vn 0.999621 -0.021800 0.016800
vn 0.992947 -0.017201 0.117306
vn 0.688297 -0.032600 0.724697
vn 0.687681 -0.036799 0.725080
vn 0.681391 -0.096799 0.725490
vn 0.689164 -0.040698 0.723462
vn 0.686399 0.006100 0.727199
vn 0.680513 -0.139603 0.719314
vn 0.690494 0.008100 0.723293
vn 0.685471 -0.084596 0.723169
vn 0.660906 -0.038000 0.749506
vn 0.688285 0.009100 0.725384
vn 0.600587 0.323293 0.731284
vn 0.685577 -0.005900 0.727976
vn 0.948640 -0.005200 0.316313
vn 0.946101 -0.015500 0.323500
vn 0.946752 -0.009701 0.321818
vn 0.947203 -0.028100 0.319401
vn 0.946582 -0.025000 0.321494
vn 0.947024 -0.027201 0.320008
vn 0.947413 0.002600 0.320004
vn 0.946497 -0.014200 0.322399
vn 0.940553 0.039998 0.337283
vn 0.918683 0.235796 0.316894
vn 0.947557 -0.015999 0.319186
vn 0.947479 -0.021500 0.319093
vn 0.980217 -0.020100 0.196903
vn 0.980046 -0.031201 0.196309
vn 0.980177 -0.011400 0.197795
vn 0.980311 -0.017300 0.196702
vn 0.980397 -0.014500 0.196499
vn 0.980146 -0.024101 0.196809
vn 0.980306 -0.013800 0.197001
vn 0.980390 -0.005200 0.196998
vn 0.980912 -0.004500 0.194402
vn 0.979600 -0.046100 0.195600
vn 0.933759 0.324586 0.150793
vn 0.980284 -0.010800 0.197297
vn 0.992948 -0.007800 0.118294
vn 0.992823 -0.016100 0.118503
vn 0.992896 -0.011800 0.118400
vn 0.992729 -0.025201 0.117703
vn 0.993015 -0.006600 0.117802
vn 0.992869 -0.013900 0.118396
vn 0.992794 -0.019700 0.118199
vn 0.993100 -0.006400 0.117100
vn 0.992907 -0.009700 0.118501
vn 0.993049 -0.005100 0.117594
vn 0.992477 -0.036399 0.116897
vn 0.922560 0.369784 0.110195
vn 0.998112 -0.006300 0.061101
vn 0.998066 -0.012500 0.060898
vn 0.997992 -0.019400 0.060300
vn 0.998129 -0.005500 0.060902
vn 0.998079 -0.010800 0.060999
vn 0.998042 -0.015101 0.060703
vn 0.998089 -0.009200 0.061099
vn 0.998096 -0.007700 0.061200
vn 0.998097 -0.005700 0.061400
vn 0.997323 0.052001 0.051401
vn 0.998139 -0.004700 0.060802
vn 0.879752 0.473928 0.037802
vn 0.999388 -0.008600 0.033900
vn 0.999378 -0.010700 0.033599
vn 0.999402 -0.004500 0.034300
vn 0.999396 -0.006200 0.034200
vn 0.991580 0.126497 0.027699
vn 0.999392 -0.007300 0.034100
vn 0.797381 0.603086 0.021699
vn 0.999401 -0.005300 0.034200
vn 0.999377 -0.009800 0.033899
vn 0.999392 -0.004400 0.034600
vn 0.999475 -0.004400 0.032099
vn 0.999400 -0.004700 0.034300
vn 0.999856 -0.003900 0.016499
vn 0.921052 0.343919 -0.182710
vn 0.999857 -0.003800 0.016499
vn 0.888163 0.327823 -0.322023
vn 0.994837 0.100704 -0.012600
vn 0.955578 0.282693 -0.083398
vn 0.999852 -0.004100 0.016699
vn 0.752080 0.512986 -0.413789
vn 0.713504 0.584603 -0.386202
vn 0.999889 0.002400 0.014700
vn 0.941087 0.181397 -0.285396
vn 0.800457 0.465675 -0.377380
vn 0.982030 0.177505 -0.064102
vn 0.999779 0.002100 0.020900
vn 0.999731 -0.004700 0.022701
vn 0.739739 0.648034 -0.181210
vn 0.944291 0.298597 -0.138399
vn 0.999727 -0.004200 0.023001
vn 0.999740 -0.006400 0.021901
vn 0.999743 -0.004000 0.022301
vn 0.991980 0.126297 -0.005000
vn 0.999734 -0.004000 0.022701
vn 0.999716 -0.008700 0.022200
vn 0.999733 -0.004200 0.022701
vn 0.999506 -0.021400 0.023000
vn 0.291116 -0.956652 0.008300
vn 0.938426 -0.345110 0.016000
vn -0.999788 0.009800 0.018100
vn -0.938616 0.344706 0.013300
vn -0.999726 -0.002400 0.023301
vn -0.999755 0.001100 0.022099
vn -0.999794 0.010900 0.017100
vn -0.999711 -0.003900 0.023700
vn -0.999768 0.005900 0.020699
vn -0.999715 -0.003600 0.023600
vn -0.999792 0.010300 0.017600
vn -0.999707 -0.004300 0.023800
vn -0.999781 0.007600 0.019500
vn -0.999711 -0.004100 0.023700
vn -0.029299 -0.999552 0.006200
vn -0.015299 -0.999860 0.006800
vn -0.010300 -0.999922 0.007100
vn -0.012100 -0.999902 0.007000
vn 0.056798 -0.998368 0.005900
vn 0.018700 -0.999803 0.006700
vn 0.009000 -0.999934 0.007200
vn 0.004800 -0.999960 0.007500
vn 0.003200 -0.999966 0.007600
vn 0.002600 -0.999967 0.007700
vn 0.001400 -0.999969 0.007700
vn 0.000700 -0.999969 0.007800
vn 0.001100 -0.999970 0.007700
vn 0.001000 -0.999969 0.007800
vn 0.002100 -0.999968 0.007700
vn 0.001500 -0.999969 0.007700
vn -0.983616 -0.179703 0.014400
vn -0.666523 -0.745426 0.009300
vn -0.145996 -0.989275 0.004400
vn -0.233393 -0.972370 0.004900
vn -0.091103 -0.995832 0.004300
vn -0.359388 -0.933169 0.005900
vn -0.006500 -0.999952 0.007400
vn 0.000000 -0.999970 0.007800
vn -0.051398 -0.998661 0.005900
vn -0.002800 -0.999967 0.007600
vn -0.019900 -0.999780 0.006600
vn -0.000900 -0.999970 0.007700
vn -0.012600 -0.999897 0.006900
vn -0.999791 -0.010400 0.017600
vn 0.914787 0.399794 -0.057699
vn 0.656536 0.627734 -0.418223
vn 0.999510 0.031200 0.002600
vn 0.759404 0.467102 -0.452902
vn 0.755484 0.582088 -0.300694
vn 0.753381 0.510587 -0.414389
vn 0.999936 -0.004200 0.010500
vn 0.745291 0.529794 -0.404795
vn 0.818115 0.393107 -0.419708
vn 0.796811 0.585108 -0.150802
vn 0.740794 0.494996 -0.454096
vn 0.744873 0.515582 -0.423485
vn 0.890912 0.452706 0.036501
vn 0.636512 0.768714 0.062701
vn 0.509880 0.856066 0.084697
vn 0.826266 0.563177 0.010800
vn 0.471323 0.876443 0.098505
vn 0.997612 0.069001 0.003100
vn 0.958224 0.285807 -0.011000
vn 0.957972 0.286792 0.006400
vn 0.757694 0.644795 0.100699
vn 0.808888 0.587191 0.030100
vn 0.999983 -0.003800 0.004500
vn 0.880290 0.474295 -0.011600
vn 0.999988 0.004700 -0.001000
vn 0.905287 0.423594 -0.032000
vn -0.999816 -0.019100 -0.001500
vn 0.000000 -1.000000 0.000100
vn 0.001100 -0.999999 0.000100
vn 0.714698 0.699198 0.018100
vn -0.999995 -0.003200 0.000100
vn -0.013200 -0.999913 0.000100
vn -0.001000 -1.000000 0.000100
vn 0.001600 -0.999999 0.000100
vn 0.785949 0.618038 -0.017701
vn -0.999995 -0.003000 0.000100
vn 0.019600 -0.999808 0.000100
vn -0.020900 -0.999782 0.000100
vn -0.003000 -0.999995 0.000100
vn 0.758390 0.650692 -0.038000
vn -0.999994 -0.003400 0.000100
vn -0.006900 -0.999976 0.000100
vn 0.793229 0.608922 0.001000
vn -0.999990 -0.004500 0.000100
vn -0.011000 -0.999939 0.000100
vn 0.056002 -0.998431 0.000000
vn 0.766407 0.640806 -0.044600
vn -0.999993 -0.003800 0.000100
vn -0.091500 -0.995805 -0.000000
vn -0.016399 -0.999866 0.000100
vn 0.764518 0.643015 -0.045201
vn -0.969689 0.244297 0.004800
vn 0.002800 -0.999996 0.000100
vn -0.887932 -0.233308 -0.396414
vn 0.001500 -0.999999 0.000100
vn -0.030401 -0.999538 0.000100
vn -0.999995 -0.003100 0.000100
vn 0.001200 -0.999999 0.000100
vn -0.999996 -0.002900 0.000100
vn -0.013300 -0.999912 0.000100
vn -0.417494 -0.904486 -0.087199
vn 0.000500 -1.000000 0.000100
vn 0.933299 -0.359100 0.000000
vn -0.928263 -0.297288 -0.223491
vn -0.200192 -0.979561 -0.019599
vn 0.005100 -0.999987 0.000100
vn -0.604370 -0.774061 -0.188591
vn 0.002200 -0.999998 0.000100
vn -0.869244 -0.385375 -0.309680
vn 0.999747 -0.022501 0.000000
vn 0.279090 -0.960265 0.000000
vn 0.999993 -0.003800 0.000000
vn -0.998755 -0.049498 -0.006200
vn 0.002700 -0.999996 0.000100
vn 0.009600 -0.999954 0.000100
vn -0.052401 -0.998626 0.000100
vn 0.853252 0.519732 -0.042903
vn 0.999995 -0.003100 0.000000
vn 0.003400 -0.999994 0.000100
vn 0.984367 0.175394 -0.016099
vn 0.958357 0.270988 0.090096
vn -0.999994 -0.003100 0.001500
vn 0.003400 -0.999994 0.000800
vn 0.999268 0.036499 0.011500
vn 0.653984 0.709582 0.262294
vn -0.052401 -0.998626 0.000600
vn 0.009500 -0.999955 0.000700
vn 0.703481 -0.688681 0.175595
vn -0.999991 -0.003900 0.001500
vn 0.999992 -0.003800 0.001300
vn 0.279090 -0.960265 0.000600
vn 0.999746 -0.022501 0.001300
vn -0.760690 -0.629392 -0.158798
vn 0.002200 -0.999997 0.000800
vn -0.422326 -0.905456 -0.042303
vn 0.005100 -0.999987 0.000800
vn -0.146599 -0.989196 -0.000000
vn -0.995573 -0.065098 -0.067798
vn 0.001200 -0.999999 0.000800
vn 0.933412 -0.358805 0.000900
vn -0.999993 -0.003400 0.001500
vn 0.001600 -0.999998 0.000800
vn 0.000500 -1.000000 0.000800
vn -0.259494 -0.965677 -0.011400
vn -0.013300 -0.999911 0.000700
vn -0.999995 -0.003000 0.001400
vn -0.999994 -0.003100 0.001400
vn -0.030401 -0.999538 0.000600
vn 0.001500 -0.999999 0.000800
vn -0.953981 -0.227295 -0.195596
vn -0.897013 -0.428506 0.108402
vn -0.966237 0.257610 0.004900
vn 0.642323 0.689824 0.334012
vn -0.016299 -0.999867 0.000700
vn -0.091500 -0.995805 0.000500
vn -0.999991 -0.004000 0.001300
vn 0.730378 0.557183 0.395088
vn 0.055902 -0.998436 0.000600
vn -0.011000 -0.999939 0.000700
vn -0.999989 -0.004600 0.001300
vn 0.737025 0.579020 0.348612
vn -0.006900 -0.999976 0.000700
vn -0.999993 -0.003500 0.001400
vn 0.709321 0.594318 0.379011
vn -0.003000 -0.999995 0.000800
vn -0.020900 -0.999781 0.000600
vn 0.019600 -0.999808 0.000700
vn -0.999994 -0.003000 0.001500
vn 0.750314 0.544011 0.375607
vn -0.001000 -0.999999 0.000800
vn -0.013100 -0.999914 0.000700
vn -0.999994 -0.003200 0.001500
vn 0.792417 0.526211 0.308507
vn 0.001100 -0.999999 0.000800
vn 0.000000 -1.000000 0.000800
vn -0.999993 -0.003500 0.001500
vn 0.593279 0.794772 0.127896
vn 0.994251 0.099795 0.038798
vn -0.052302 -0.998631 -0.000800
vn -0.011000 -0.999939 -0.001000
vn 0.999989 -0.003800 -0.002700
vn -0.990213 -0.126102 -0.059801
vn -0.016299 -0.999867 -0.001000
vn -0.993148 -0.109394 -0.041098
vn -0.030301 -0.999540 -0.000900
vn -0.984808 -0.159001 -0.069801
vn -0.144098 -0.989483 -0.012600
vn -0.992918 -0.107302 -0.051001
vn -0.423110 -0.904521 -0.053101
vn -0.994648 -0.098905 -0.029901
vn -0.829308 -0.540105 -0.143301
vn -0.998482 -0.054499 -0.008000
vn -0.694463 -0.710962 -0.110694
vn -0.999986 -0.004700 -0.002300
vn -0.922900 -0.359500 -0.137900
vn 0.001100 -0.999999 -0.001100
vn -0.999987 -0.004500 -0.002400
vn -0.952652 -0.291885 -0.085196
vn -0.955102 0.295601 -0.020000
vn 0.001600 -0.999998 -0.001100
vn -0.998968 -0.042699 -0.015499
vn -0.998071 -0.058698 -0.020199
vn 0.002200 -0.999997 -0.001100
vn -0.971996 -0.220599 -0.081000
vn 0.933717 -0.358007 -0.001800
vn 0.279393 -0.960176 -0.001100
vn 0.000500 -0.999999 -0.001200
vn 0.999746 -0.022401 -0.002600
vn 0.001500 -0.999998 -0.001100
vn 0.912628 0.404812 0.056902
vn 0.002700 -0.999996 -0.001100
vn 0.999991 -0.003200 -0.002700
vn 0.989758 0.142494 0.008600
vn 0.003400 -0.999994 -0.001100
vn 0.999991 0.003800 -0.002100
vn 0.005100 -0.999986 -0.001100
vn 0.974242 0.223310 0.031401
vn 0.009500 -0.999954 -0.001000
vn -0.902385 -0.427393 -0.055099
vn 0.793189 0.569192 0.216497
vn 0.019500 -0.999809 -0.001000
vn 0.948118 0.235105 0.214004
vn 0.055902 -0.998436 -0.000900
vn -0.000000 -0.999999 -0.001200
vn 0.917028 0.360111 0.171405
vn -0.013300 -0.999911 -0.001000
vn -0.001000 -0.999999 -0.001100
vn 0.922053 0.308784 0.233388
vn -0.013100 -0.999914 -0.001000
vn -0.003000 -0.999995 -0.001100
vn 0.929087 0.343395 0.137398
vn -0.020800 -0.999783 -0.001000
vn -0.006900 -0.999976 -0.001100
vn 0.912006 0.399402 0.093401
vn -0.992620 -0.117102 0.031501
vn -0.478097 -0.877594 0.035400
vn -0.994908 -0.100001 0.012600
vn -0.793197 -0.595998 0.125000
vn -0.998500 -0.054200 -0.007800
vn -0.621665 -0.779156 0.080296
vn -0.999891 0.004700 -0.014000
vn -0.838037 -0.525323 0.147407
vn -0.999914 -0.000300 -0.013100
vn -0.945020 -0.291806 0.147603
vn -0.943269 0.331989 -0.005200
vn 0.001500 -0.999989 -0.004500
vn -0.999040 -0.043802 -0.001000
vn 0.001600 -0.999989 -0.004500
vn -0.998293 -0.058300 0.003500
vn 0.002100 -0.999988 -0.004500
vn -0.968284 -0.244296 0.052399
vn 0.001100 -0.999989 -0.004500
vn 0.937088 -0.348995 -0.008300
vn 0.283607 -0.958924 -0.005700
vn 0.000500 -0.999990 -0.004500
vn 0.999691 -0.003500 -0.024600
vn 0.993705 -0.102101 -0.046100
vn 0.002600 -0.999986 -0.004500
vn 0.995857 0.064697 -0.063897
vn 0.996100 -0.059000 -0.065600
vn 0.003300 -0.999985 -0.004400
vn 0.997351 -0.017501 -0.070604
vn 0.005000 -0.999978 -0.004400
vn 0.994098 -0.093100 -0.055700
vn 0.009200 -0.999949 -0.004200
vn 0.883373 0.468586 -0.008900
vn 0.019100 -0.999810 -0.003800
vn -0.935901 -0.342100 0.084000
vn 0.999494 0.017600 -0.026500
vn 0.055398 -0.998458 -0.003500
vn -0.000000 -0.999990 -0.004500
vn 0.998063 -0.055598 -0.027899
vn -0.012900 -0.999908 -0.004100
vn -0.001000 -0.999989 -0.004500
vn 0.997518 0.066201 -0.024000
vn -0.012800 -0.999910 -0.004100
vn -0.002900 -0.999986 -0.004500
vn 0.997723 -0.058701 -0.033201
vn -0.020400 -0.999784 -0.003900
vn -0.006700 -0.999968 -0.004300
vn 0.995766 -0.083097 -0.039299
vn -0.051797 -0.998652 -0.003400
vn -0.010700 -0.999934 -0.004200
vn 0.997510 0.053801 -0.045600
vn -0.988587 -0.145698 0.038300
vn -0.015899 -0.999866 -0.004000
vn -0.993710 -0.109601 0.023000
vn -0.029798 -0.999549 -0.003700
vn -0.978950 -0.199190 0.044498
vn -0.149604 -0.988726 0.006300
vn -0.984999 -0.004500 -0.172500
vn -0.012000 -0.999868 -0.011000
vn -0.002700 -0.999927 -0.011800
vn -0.013100 -0.998897 -0.045100
vn -0.019299 -0.999760 -0.010400
vn -0.006300 -0.999915 -0.011400
vn 0.804819 0.521213 -0.283907
vn -0.050698 -0.998670 -0.009400
vn -0.010000 -0.999888 -0.011100
vn 0.000400 -0.998941 -0.046002
vn -0.998339 -0.044002 -0.037201
vn -0.014900 -0.999832 -0.010700
vn -0.999189 -0.008300 -0.039400
vn -0.028501 -0.999545 -0.009900
vn -0.997955 -0.054498 -0.033399
vn -0.097303 -0.995227 -0.007500
vn -0.999175 -0.012000 -0.038799
vn -0.248205 -0.968620 0.013000
vn -0.999206 -0.004400 -0.039600
vn -0.527211 -0.844418 0.094902
vn -0.999217 -0.006000 -0.039101
vn -0.359116 -0.931641 0.055502
vn -0.999291 0.005100 -0.037300
vn -0.729376 -0.669678 0.139795
vn -0.999253 -0.003300 -0.038498
vn -0.966991 -0.186898 0.173198
vn -0.956299 0.290600 -0.032300
vn 0.001400 -0.999928 -0.011900
vn -0.999210 -0.005200 -0.039400
vn -0.999209 -0.004600 -0.039500
vn 0.002000 -0.999927 -0.011900
vn -0.996855 -0.074097 -0.028099
vn 0.001000 -0.999927 -0.012000
vn 0.946661 -0.320587 -0.032499
vn 0.295597 -0.955190 -0.015300
vn 0.000500 -0.999928 -0.012000
vn 0.948010 0.233802 -0.215902
vn 0.001300 -0.999928 -0.011900
vn -0.984591 -0.009800 -0.174598
vn 0.002400 -0.999927 -0.011800
vn -0.009200 -0.998935 -0.045202
vn 0.349516 -0.933644 -0.078404
vn 0.003100 -0.999926 -0.011800
vn 0.000900 -0.998946 -0.045902
vn 0.004600 -0.999922 -0.011600
vn -0.050000 -0.997806 -0.043400
vn 0.008700 -0.999901 -0.011100
vn 0.001000 -0.999929 -0.011900
vn -0.005600 -0.998958 -0.045298
vn 0.018100 -0.999783 -0.010300
vn -0.985519 -0.157703 0.062301
vn 0.967520 -0.171304 -0.185904
vn 0.054399 -0.998473 -0.009600
vn -0.000000 -0.999928 -0.012000
vn 0.000800 -0.998946 -0.045902
vn -0.012100 -0.999867 -0.010900
vn -0.000900 -0.999929 -0.011900
vn 0.001100 -0.998945 -0.045902
vn -0.026200 -0.998697 -0.043800
vn -0.984501 -0.011500 -0.175000
vn 0.002100 -0.998953 -0.045698
vn -0.097304 -0.994241 -0.044902
vn -0.984702 -0.016100 -0.173500
vn -0.169494 -0.984267 -0.049898
vn -0.984975 -0.000700 -0.172696
vn 0.002600 -0.998957 -0.045598
vn -0.462489 -0.883179 -0.078098
vn -0.985020 -0.020600 -0.171204
vn 0.004000 -0.998966 -0.045298
vn -0.290103 -0.955011 -0.061601
vn -0.985589 -0.016000 -0.168398
vn 0.007600 -0.998972 -0.044699
vn -0.721799 -0.684199 -0.104300
vn -0.985287 -0.020300 -0.169698
vn 0.016200 -0.998922 -0.043501
vn -0.977947 -0.130093 -0.163391
vn -0.919891 0.349197 -0.178498
vn -0.984949 -0.014999 -0.172191
vn 0.055999 -0.997384 -0.045699
vn 0.001200 -0.998945 -0.045902
vn -0.985107 0.003900 -0.171901
vn -0.000000 -0.998941 -0.046002
vn -0.011100 -0.998912 -0.045301
vn -0.984803 -0.022600 -0.172200
vn -0.000700 -0.998946 -0.045902
vn -0.010900 -0.998914 -0.045301
vn 0.001700 -0.998949 -0.045802
vn -0.984459 -0.006600 -0.175493
vn -0.002300 -0.998953 -0.045698
vn -0.017299 -0.998860 -0.044498
vn -0.000700 -0.989606 -0.143801
vn -0.864265 -0.016099 -0.502779
vn -0.010600 -0.988308 -0.152101
vn -0.377003 -0.884507 -0.274802
vn -0.000000 -0.989607 -0.143801
vn -0.864545 -0.005500 -0.502526
vn -0.010300 -0.988481 -0.150997
vn -0.538999 -0.777998 -0.322799
vn -0.860093 -0.021200 -0.509696
vn -0.017400 -0.987917 -0.154003
vn -0.222589 -0.947855 -0.228089
vn 0.001900 -0.989591 -0.143899
vn 0.847096 -0.063800 -0.527597
vn -0.008700 -0.988769 -0.149195
vn -0.056499 -0.984082 -0.168497
vn 0.002000 -0.989590 -0.143899
vn 0.447905 -0.826909 -0.340004
vn -0.862982 -0.006700 -0.505190
vn -0.856903 -0.013500 -0.515302
vn 0.001000 -0.989606 -0.143801
vn 0.779009 0.583107 -0.230503
vn -0.864873 -0.010300 -0.501885
vn 0.000300 -0.989607 -0.143801
vn -0.861930 -0.014601 -0.506818
vn 0.000800 -0.989606 -0.143801
vn -0.863974 -0.007200 -0.503485
vn -0.120700 -0.974003 -0.191701
vn 0.000700 -0.989606 -0.143801
vn -0.864418 -0.012800 -0.502611
vn -0.027100 -0.987195 -0.157199
vn 0.002500 -0.989575 -0.143996
vn 0.001500 -0.989591 -0.143899
vn -0.005300 -0.989271 -0.145996
vn -0.864162 -0.011699 -0.503078
vn 0.003800 -0.989526 -0.144304
vn 0.001100 -0.989606 -0.143801
vn -0.864345 -0.008600 -0.502826
vn 0.007300 -0.989316 -0.145602
vn -0.002100 -0.989576 -0.143997
vn -0.865078 -0.023499 -0.501087
vn 0.016200 -0.988704 -0.149001
vn -0.847205 -0.114401 -0.518803
vn -0.862815 0.003400 -0.505509
vn -0.012901 -0.988141 -0.153006
vn 0.062203 -0.981952 -0.178609
vn -0.744802 -0.520701 -0.417301
vn -0.677400 -0.004800 -0.735600
vn -0.668301 -0.011600 -0.743801
vn -0.685697 -0.011400 -0.727797
vn -0.687101 -0.015300 -0.726401
vn -0.652522 -0.118004 -0.748525
vn -0.686022 -0.033201 -0.726823
vn -0.546302 -0.549202 -0.632402
vn -0.690610 -0.021400 -0.722911
vn -0.683280 -0.010700 -0.730078
vn -0.672001 0.084600 -0.735702
vn -0.686321 -0.010500 -0.727223
vn -0.448585 -0.757075 -0.474984
vn -0.685014 -0.012900 -0.728415
vn -0.681142 -0.003200 -0.732145
vn -0.684970 -0.012299 -0.728468
vn -0.684799 -0.007000 -0.728699
vn -0.499779 -0.012399 -0.866064
vn -0.501390 -0.008200 -0.865183
vn -0.471284 -0.120796 -0.873670
vn -0.493387 -0.007500 -0.869777
vn -0.501496 -0.010700 -0.865094
vn -0.364506 -0.596209 -0.715311
vn -0.500099 -0.017100 -0.865799
vn -0.497182 -0.028799 -0.867168
vn -0.483930 -0.009501 -0.875055
vn -0.276182 -0.862144 -0.424772
vn -0.503202 -0.021400 -0.863904
vn -0.499795 -0.009500 -0.866092
vn -0.506403 0.047200 -0.861004
vn -0.502820 -0.009900 -0.864334
vn -0.499072 -0.013799 -0.866451
vn -0.497394 -0.007800 -0.867490
vn -0.337388 -0.001200 -0.941365
vn -0.315106 0.008700 -0.949017
vn -0.337613 -0.009600 -0.941236
vn -0.322994 0.005800 -0.946383
vn -0.339115 -0.002900 -0.940741
vn -0.314603 -0.124601 -0.941010
vn -0.333291 -0.016700 -0.942676
vn -0.331606 0.001900 -0.943416
vn -0.251814 -0.624235 -0.739541
vn -0.301410 0.010900 -0.953432
vn -0.263590 0.022899 -0.964363
vn -0.328010 -0.009200 -0.944629
vn -0.288906 0.008600 -0.957319
vn -0.339404 -0.007300 -0.940612
vn -0.151101 -0.906604 -0.394002
vn -0.195899 0.079500 -0.977396
vn 0.370108 0.042401 -0.928020
vn 0.397997 0.013100 -0.917293
vn 0.334687 0.130395 -0.933264
vn -0.089098 -0.076499 -0.993081
vn -0.128704 -0.660822 -0.739425
vn 0.389008 0.019900 -0.921019
vn 0.358605 0.080501 -0.930012
vn 0.324692 0.141496 -0.935176
vn 0.379291 0.000400 -0.925277
vn 0.399713 0.004600 -0.916629
vn -0.072701 -0.929219 -0.362307
vn 0.397087 -0.070498 -0.915070
vn 0.157502 0.121502 -0.980015
vn 0.394713 0.029501 -0.918331
vn 0.348810 0.074502 -0.934227
vn 0.395897 0.153399 -0.905392
vn 0.034700 0.145101 -0.988808
vn -0.012300 0.304208 -0.952526
vn 0.031899 0.035199 -0.998871
vn -0.026601 0.002900 -0.999642
vn -0.032101 -0.045901 -0.998430
vn -0.058500 -0.694302 -0.717302
vn -0.037598 -0.941259 -0.335585
vn -0.059302 0.087103 -0.994433
vn 0.009100 0.225500 -0.974201
vn -0.055799 -0.075499 -0.995583
vn 0.032102 0.128807 -0.991150
vn -0.005600 0.227893 -0.973670
vn 0.039498 0.065797 -0.997051
vn -0.010600 -0.004400 -0.999934
vn 0.033801 0.158805 -0.986731
vn 0.014799 0.008700 -0.999853
vn -0.024801 -0.947528 -0.318709
vn 0.012300 0.341203 -0.939909
vn -0.314211 0.125405 -0.941034
vn -0.122799 0.047500 -0.991294
vn -0.333094 0.231696 -0.913983
vn -0.199506 0.114104 -0.973231
vn -0.317986 0.161393 -0.934258
vn -0.281797 0.312696 -0.907090
vn -0.274098 0.109099 -0.955493
vn 0.042200 0.066400 -0.996900
vn -0.068797 -0.030899 -0.997152
vn -0.032200 -0.713507 -0.699907
vn -0.023300 0.099100 -0.994805
vn -0.091596 0.133894 -0.986754
vn -0.029001 -0.048001 -0.998426
vn -0.327788 0.129995 -0.935765
vn 0.129194 0.036298 -0.990955
vn -0.037600 0.042200 -0.998401
vn -0.004600 0.111297 -0.993777
vn 0.153606 0.112205 -0.981741
vn -0.102004 0.330912 -0.938133
vn -0.016700 -0.950522 -0.310207
vn 0.127193 0.434077 -0.891852
vn 0.035100 0.175201 -0.983907
vn 0.023701 0.219008 -0.975435
vn -0.105504 0.230909 -0.967238
vn -0.017000 -0.719787 -0.693987
vn 0.036101 0.234110 -0.971540
vn -0.045602 0.322611 -0.945432
vn -0.105002 0.176303 -0.978719
vn 0.042901 0.181703 -0.982417
vn 0.078001 0.089701 -0.992910
vn -0.083497 0.455783 -0.886166
vn -0.008300 -0.718292 -0.695692
vn -0.029101 0.178308 -0.983544
vn -0.026499 0.191796 -0.981077
vn -0.013900 0.219598 -0.975491
vn 0.087404 0.007200 -0.996147
vn -0.015500 0.020200 -0.999676
vn 0.051801 0.476008 -0.877914
vn -0.067902 0.313907 -0.947022
vn -0.012100 -0.951794 -0.306498
vn 0.107399 0.474295 -0.873790
vn -0.069301 0.357305 -0.931413
vn -0.040699 0.215893 -0.975568
vn -0.053802 0.216807 -0.974731
vn 0.039699 0.117498 -0.992279
vn -0.031101 0.191404 -0.981019
vn 0.079503 0.448516 -0.890232
vn -0.126196 0.459684 -0.879070
vn -0.071000 0.211001 -0.974904
vn -0.001200 -0.706506 -0.707706
vn -0.062302 0.171405 -0.983229
vn -0.095798 0.404790 -0.909378
vn -0.022199 0.172396 -0.984778
vn -0.032799 0.111195 -0.993257
vn -0.036701 0.180305 -0.982926
vn -0.050798 0.256290 -0.965264
vn 0.059797 0.059297 -0.996448
vn -0.025301 0.017600 -0.999525
vn -0.132302 0.356406 -0.924917
vn -0.039501 0.262506 -0.964122
vn -0.004000 -0.951895 -0.306398
vn -0.021699 0.186195 -0.982273
vn -0.073102 0.310307 -0.947822
vn -0.009600 -0.952236 -0.305212
vn -0.000500 0.189804 -0.981822
vn -0.035701 0.265208 -0.963530
vn -0.048399 0.035899 -0.998183
vn -0.012700 0.149204 -0.988725
vn 0.023201 0.438111 -0.898622
vn -0.026100 0.213901 -0.976507
vn -0.095004 0.220109 -0.970838
vn 0.267003 0.960311 -0.080701
vn -0.102196 0.172094 -0.979765
vn -0.054999 0.280797 -0.958190
vn -0.075800 0.100000 -0.992096
vn -0.034599 -0.705883 -0.707483
vn 0.003400 0.136603 -0.990620
vn 0.140896 -0.717480 -0.682181
vn -0.020899 0.996076 -0.085998
vn -0.087703 0.192706 -0.977329
vn -0.030300 0.062499 -0.997585
vn -0.001900 0.058001 -0.998315
vn -0.146201 -0.666305 -0.731206
vn -0.068999 0.149899 -0.986291
vn -0.087200 0.305798 -0.948095
vn -0.008100 0.059201 -0.998213
vn -0.067999 0.997685 0.000800
vn -0.102402 0.246504 -0.963717
vn -0.004300 -0.678702 -0.734402
vn -0.097602 0.264204 -0.959516
vn -0.102205 0.037802 -0.994045
vn -0.065297 0.997859 0.003700
vn -0.081098 0.515284 -0.853174
vn -0.018401 0.031301 -0.999341
vn -0.002700 -0.950926 -0.309408
vn -0.084901 0.250403 -0.964412
vn -0.283510 0.112604 -0.952335
vn -0.160895 0.118997 -0.979772
vn -0.326790 0.095397 -0.940270
vn -0.005700 -0.665172 -0.746669
vn -0.306806 0.083302 -0.948120
vn -0.038300 -0.082099 -0.995888
vn -0.342607 0.516111 -0.785016
vn -0.231006 -0.102603 -0.967527
vn -0.259206 0.127103 -0.957422
vn -0.234608 -0.080703 -0.968734
vn -0.244706 0.092002 -0.965223
vn -0.231998 -0.088399 -0.968691
vn -0.238401 0.073200 -0.968404
vn -0.237297 -0.059899 -0.969589
vn -0.005000 -0.951502 -0.307601
vn -0.235797 0.005200 -0.971788
vn -0.000700 -0.001500 -0.999999
vn -0.000800 0.000100 -1.000000
vn -0.000700 -0.000600 -1.000000
vn -0.000900 0.000100 -1.000000
vn -0.000600 -0.003800 -0.999993
vn -0.001000 -0.008600 -0.999962
vn 0.003400 0.004100 -0.999986
vn -0.000500 -0.954343 -0.298713
vn -0.000600 -0.005300 -0.999986
vn -0.000000 -0.145606 -0.989343
vn -0.002100 -0.690105 -0.723706
vn -0.011700 0.458983 -0.888368
vn -0.000700 -0.002300 -0.999997
vn -0.000800 -0.000200 -1.000000
vn -0.001000 -0.000000 -1.000000
vn 0.003600 0.451685 -0.892170
vn -0.002500 -0.001100 -0.999996
vn -0.003400 -0.002600 -0.999991
vn -0.002900 -0.001200 -0.999995
vn -0.003300 -0.002000 -0.999993
vn -0.002700 -0.001300 -0.999995
vn -0.002000 -0.001600 -0.999997
vn -0.002300 -0.001400 -0.999996
vn -0.003100 -0.001400 -0.999994
vn -0.000000 -0.954380 -0.298594
vn -0.003400 -0.003700 -0.999987
vn -0.000000 -0.691590 -0.722290
vn -0.000900 0.019600 -0.999807
vn -0.000900 -0.009600 -0.999954
vn -0.003400 -0.004900 -0.999982
vn -0.000000 -0.146404 -0.989225
vn 0.001400 -0.003500 -0.999993
vn 0.001300 -0.003000 -0.999995
vn 0.001200 -0.146306 -0.989239
vn 0.021801 0.028901 -0.999344
vn 0.001400 -0.010600 -0.999943
vn 0.001400 -0.003800 -0.999992
vn 0.067799 0.051199 -0.996384
vn 0.047101 0.023300 -0.998618
vn 0.000600 -0.691232 -0.722633
vn 0.068198 0.451484 -0.889669
vn 0.001400 -0.003400 -0.999993
vn 0.000600 -0.954314 -0.298804
vn 0.001700 -0.001400 -0.999998
vn 0.001200 -0.003000 -0.999995
vn 0.001300 -0.003200 -0.999994
vn 0.112295 0.077397 -0.990656
vn 0.002000 -0.146208 -0.989252
vn 0.064499 0.060399 -0.996088
vn 0.001000 -0.691027 -0.722828
vn 0.152298 0.438393 -0.885786
vn 0.001800 -0.003400 -0.999993
vn 0.002100 -0.010600 -0.999942
vn 0.003600 0.000900 -0.999993
vn 0.001800 -0.003100 -0.999994
vn 0.002500 -0.002200 -0.999994
vn 0.001800 -0.003200 -0.999993
vn 0.001900 -0.003600 -0.999992
vn 0.001800 -0.003000 -0.999994
vn 0.001900 -0.003700 -0.999991
vn 0.030200 0.069800 -0.997104
vn 0.000900 -0.954285 -0.298895
vn 0.002300 -0.003300 -0.999992
vn 0.002300 -0.003600 -0.999991
vn 0.002300 -0.003000 -0.999993
vn 0.002300 -0.003800 -0.999990
vn 0.039701 0.106502 -0.993520
vn 0.002300 -0.010600 -0.999941
vn 0.194710 0.115406 -0.974048
vn 0.002100 -0.146193 -0.989254
vn 0.001000 -0.954257 -0.298986
vn 0.097399 0.089799 -0.991186
vn 0.001000 -0.690823 -0.723024
vn 0.266300 0.473099 -0.839799
vn 0.002300 -0.003400 -0.999992
vn 0.005200 0.004800 -0.999975
vn 0.002300 -0.003100 -0.999993
vn 0.002700 -0.000900 -0.999996
vn 0.002300 -0.000400 -0.999997
vn 0.048100 0.140600 -0.988898
vn 0.199811 0.175709 -0.963951
vn 0.002100 -0.146095 -0.989268
vn 0.087698 0.122597 -0.988574
vn 0.001000 -0.690618 -0.723219
vn 0.314894 0.547090 -0.775586
vn 0.001000 -0.954219 -0.299106
vn 0.017801 0.028701 -0.999430
vn 0.003600 -0.003800 -0.999986
vn 0.113902 0.158803 -0.980718
vn 0.001400 -0.690413 -0.723414
vn 0.303690 0.594581 -0.744476
vn 0.002700 -0.003400 -0.999991
vn 0.001300 -0.954190 -0.299197
vn 0.017201 0.056802 -0.998237
vn 0.002600 -0.003200 -0.999991
vn 0.003100 -0.010600 -0.999939
vn 0.005300 0.002000 -0.999984
vn 0.002600 -0.003300 -0.999991
vn 0.003000 -0.145997 -0.989280
vn 0.002700 -0.003600 -0.999990
vn 0.002600 -0.003100 -0.999992
vn 0.002800 -0.003800 -0.999989
vn 0.062701 0.174704 -0.982623
vn 0.216107 0.231907 -0.948429
vn 0.074602 0.208706 -0.975129
vn 0.003100 -0.145997 -0.989280
vn 0.318387 0.279688 -0.905762
vn 0.001500 -0.954124 -0.299408
vn 0.161702 0.215103 -0.963111
vn 0.001600 -0.690158 -0.723656
vn 0.311188 0.636876 -0.705373
vn 0.003600 -0.003400 -0.999988
vn 0.022700 0.068699 -0.997379
vn 0.003500 -0.003200 -0.999989
vn 0.019000 0.014400 -0.999716
vn 0.003600 -0.003300 -0.999988
vn 0.003600 -0.010600 -0.999937
vn 0.003600 -0.003600 -0.999987
vn 0.003500 -0.003100 -0.999989
vn 0.025600 0.135801 -0.990405
vn 0.003300 -0.145801 -0.989308
vn 0.003500 0.023600 -0.999715
vn 0.108802 0.309306 -0.944718
vn 0.342411 0.344211 -0.874228
vn 0.001500 -0.954067 -0.299590
vn 0.222395 0.384392 -0.895982
vn 0.001500 -0.689697 -0.724097
vn 0.320396 0.777190 -0.541593
vn 0.004700 -0.145507 -0.989346
vn 0.641012 0.335106 -0.690513
vn 0.005200 -0.010600 -0.999930
vn 0.601714 0.408210 -0.686516
vn 0.002300 -0.688619 -0.725120
vn 0.547392 0.690390 -0.472993
vn 0.005000 -0.003600 -0.999981
vn 0.002200 -0.953848 -0.300283
vn 0.355811 0.480414 -0.801624
vn 0.005000 -0.002600 -0.999984
vn 0.145997 0.507688 -0.849080
vn 0.004900 -0.003300 -0.999983
vn 0.005100 -0.003700 -0.999980
vn 0.037999 0.088099 -0.995387
vn 0.005100 -0.003800 -0.999980
vn 0.497003 0.505503 -0.705305
vn 0.062200 0.109801 -0.992006
vn 0.007000 -0.010600 -0.999919
vn 0.006100 -0.145100 -0.989398
vn 0.008800 -0.000100 -0.999961
vn 0.269208 0.295809 -0.916528
vn 0.007300 -0.002800 -0.999969
vn 0.447294 0.684391 -0.575792
vn 0.579996 0.402397 -0.708295
vn 0.493300 0.551601 -0.672601
vn 0.003000 -0.687284 -0.726383
vn 0.418405 0.662507 -0.621307
vn 0.017200 0.030200 -0.999396
vn 0.002800 -0.953561 -0.301188
vn 0.454203 0.748604 -0.483003
vn 0.133599 -0.009200 -0.990993
vn 0.318104 0.790610 -0.523207
vn 0.407405 0.648607 -0.642907
vn 0.009500 0.054000 -0.998496
vn 0.002800 -0.953399 -0.301700
vn 0.366798 0.759596 -0.537097
vn 0.087600 0.186200 -0.978599
vn 0.316304 0.896611 -0.309904
vn 0.030699 0.212994 -0.976571
vn 0.006400 -0.144806 -0.989439
vn 0.007500 0.003600 -0.999965
vn 0.242705 0.519910 -0.819016
vn 0.007100 -0.002100 -0.999973
vn 0.341401 0.674202 -0.654902
vn 0.433499 0.408399 -0.803298
vn 0.007100 -0.010500 -0.999920
vn 0.348009 0.649217 -0.676318
vn 0.003100 -0.686409 -0.727209
vn 0.164097 0.324393 -0.931580
vn 0.285517 0.667040 -0.688141
vn 0.004900 -0.685528 -0.728030
vn 0.180603 0.770112 -0.611809
vn 0.017799 0.048698 -0.998655
vn 0.003200 -0.953207 -0.302302
vn 0.198394 0.772378 -0.603383
vn 0.043700 0.404498 -0.913494
vn 0.132999 0.980891 -0.141999
vn 0.022900 0.230005 -0.972920
vn 0.010400 -0.010100 -0.999895
vn 0.017799 0.012500 -0.999763
vn 0.070298 0.674981 -0.734479
vn 0.008000 -0.144398 -0.989487
vn 0.013700 0.008000 -0.999874
vn 0.241617 0.717650 -0.653146
vn 0.114403 0.317510 -0.941329
vn 0.013000 -0.142095 -0.989768
vn 0.074603 0.217808 -0.973136
vn 0.097398 0.682689 -0.724189
vn 0.051401 0.184305 -0.981524
vn 0.008800 0.872254 -0.488974
vn 0.184109 0.526125 -0.830239
vn 0.062502 0.783520 -0.618216
vn 0.008400 -0.681121 -0.732123
vn 0.248889 0.784366 -0.568176
vn 0.033799 0.009800 -0.999381
vn 0.099899 0.199498 -0.974792
vn 0.004800 -0.952375 -0.304892
vn -0.013900 0.736402 -0.676402
vn 0.120995 0.477679 -0.870162
vn 0.049798 0.937469 -0.344489
vn 0.009700 -0.949970 -0.312190
vn 0.186193 0.800071 -0.570279
vn 0.185000 0.846801 -0.498701
vn 0.017200 -0.668402 -0.743602
vn 0.229794 0.823378 -0.518886
vn 0.073898 0.476288 -0.876178
vn 0.208389 0.741160 -0.638166
vn 0.113495 0.654872 -0.747169
vn 0.181998 0.758293 -0.625994
vn 0.083701 0.512808 -0.854413
vn 0.044498 0.043698 -0.998053
vn 0.068897 0.427980 -0.901158
vn 0.148501 0.745105 -0.650204
vn 0.064798 0.405090 -0.911978
vn 0.026801 -0.136104 -0.990332
vn 0.207696 0.886782 -0.412892
vn -0.002800 0.999208 0.039700
vn 0.099998 0.878483 0.467191
vn 0.014900 0.913615 -0.406307
vn 0.030201 0.541410 -0.840216
vn 0.028100 0.955607 0.293302
vn 0.033599 0.390291 -0.920078
vn 0.577085 0.729281 -0.367590
vn 0.051599 0.042199 -0.997776
vn 0.022599 -0.943365 -0.330988
vn 0.567372 0.759463 -0.318284
vn 0.064499 -0.128698 -0.989584
vn 0.570302 0.667102 -0.479302
vn 0.033899 -0.645289 -0.763186
vn 0.600313 0.745216 -0.290306
vn 0.027300 0.748112 -0.663011
vn 0.315504 0.893411 0.319804
vn 0.543231 0.835248 -0.085205
vn 0.080997 0.996266 -0.029899
vn 0.411923 0.855548 0.313618
vn 0.076601 0.955012 0.286504
vn 0.377713 0.873929 0.305910
vn 0.612389 0.680188 -0.402893
vn 0.540714 0.838722 0.064602
vn 0.491697 0.839595 -0.230899
vn 0.463207 0.810811 -0.357805
vn 0.306702 0.041400 -0.950905
vn 0.068498 -0.936177 -0.344791
vn 0.501484 0.837874 -0.215593
vn 0.281995 -0.136998 -0.949584
vn 0.553800 0.774699 -0.305200
vn 0.215003 -0.635209 -0.741811
vn 0.575321 0.781829 -0.240309
vn 0.778991 0.612593 -0.133799
vn 0.551264 0.449871 -0.702655
vn 0.483804 0.280502 -0.829007
vn 0.519111 0.264605 -0.812717
vn 0.357906 0.405707 -0.841014
vn 0.559820 0.248009 -0.790628
vn 0.634192 0.634592 -0.441694
vn 0.570896 0.542796 -0.615995
vn 0.319796 0.378296 -0.868690
vn 0.327501 0.327701 -0.886203
vn 0.572797 0.313698 -0.757296
vn 0.459788 0.267193 -0.846878
vn 0.472279 0.082696 -0.877561
vn 0.502590 0.800584 -0.326294
vn 0.490306 0.802410 -0.340204
vn 0.379425 0.870158 -0.314421
vn -0.278586 0.940553 -0.194290
vn 0.251902 0.953006 -0.168301
vn 0.335604 0.878812 -0.339205
vn 0.387008 0.858519 -0.336407
vn 0.146107 0.973048 -0.178409
vn 0.447507 0.834412 -0.321705
vn 0.634018 0.719120 -0.284408
vn 0.067597 0.954061 -0.291888
vn 0.336510 0.925426 -0.174205
vn 0.073698 0.997277 0.002500
vn -0.041899 0.998965 0.017699
vn 0.001100 0.997258 0.073997
vn 0.124702 0.777012 -0.617010
vn -0.027800 0.999204 0.028600
vn -0.016500 0.995922 0.088702
vn -0.003300 0.923237 0.384216
vn 0.066300 0.997799 -0.001200
vn -0.058400 0.998293 0.000400
vn 0.069598 0.997575 -0.001000
vn -0.017000 0.996698 -0.079400
vn -0.031400 0.999416 0.013500
vn -0.059999 0.998089 -0.014800
vn 0.529785 0.753978 -0.388389
vn 0.059798 0.998160 0.010000
vn 0.057001 0.993920 0.094202
vn -0.006300 0.959010 -0.283303
vn -0.061700 0.998094 -0.001300
vn -0.118294 0.989751 -0.079996
vn 0.009800 0.996341 0.084904
vn 0.000000 0.992307 -0.123801
vn 0.092002 0.995718 0.009000
vn -0.032201 0.999316 0.018200
vn -0.006300 0.995477 0.094798
vn -0.000500 0.995878 0.090698
vn 0.334294 0.829186 -0.447993
vn 0.058703 0.994451 0.087304
vn 0.053601 0.998525 -0.008600
vn 0.048801 0.998724 0.013000
vn -0.057503 0.998345 0.000000
vn 0.062101 0.989316 -0.131902
vn -0.046099 0.997085 0.060799
vn 0.070998 0.997475 -0.001400
vn -0.061799 0.998085 -0.002600
vn 0.025399 0.991280 -0.129297
vn -0.030501 0.997726 0.060102
vn -0.026100 0.999191 0.030600
vn 0.028800 0.999092 0.031400
vn -0.001800 0.997987 -0.063399
vn -0.026300 0.997094 -0.071500
vn 0.124298 0.884187 -0.450293
vn 0.065101 0.988609 -0.135701
vn 0.015300 0.992177 -0.123897
vn -0.182896 0.979880 0.079898
vn 0.007300 0.997753 0.066597
vn 0.092799 0.995684 0.001200
vn 0.015000 0.999526 0.026901
vn 0.012900 0.999781 0.016500
vn 0.049999 0.994776 0.088998
vn -0.020901 0.996934 -0.075403
vn 0.091900 0.995498 -0.023200
vn -0.073096 0.992249 -0.100495
vn -0.061102 0.998127 -0.003100
vn 0.029499 0.993560 0.109396
vn -0.085298 0.979181 -0.184196
vn 0.085702 0.996321 0.000300
vn -0.011600 0.996482 -0.082999
vn 0.009400 0.998822 0.047601
vn 0.003300 0.995376 0.095998
vn -0.002900 0.997349 0.072704
vn -0.058300 0.998299 -0.000900
vn 0.005300 0.990735 0.135705
vn 0.093097 0.987767 -0.125096
vn -0.003300 0.995595 -0.093700
vn -0.051299 0.992978 -0.106598
vn -0.002900 0.989102 0.147200
vn -0.024701 0.999043 0.036102
vn 0.002700 0.989878 0.141897
vn -0.069598 0.997574 0.001300
vn -0.029199 0.994659 0.098996
vn 0.000800 0.992357 -0.123395
vn -0.019700 0.989599 -0.142500
vn -0.026500 0.997209 -0.069801
vn -0.059902 0.998138 0.011500
vn 0.008400 0.999532 0.029401
vn 0.566010 0.775714 -0.279105
vn -0.027400 0.999410 0.020700
vn 0.000300 0.992319 -0.123702
vn -0.006200 0.990894 -0.134499
vn 0.184407 0.938437 -0.292112
vn 0.545920 0.807030 -0.225108
vn 0.046901 0.970717 -0.235604
vn -0.009700 0.998488 -0.054099
vn 0.008400 0.999746 0.020901
vn 0.040298 0.994161 0.100096
vn -0.016100 0.998604 0.050300
vn 0.173704 0.981624 0.079002
vn 0.034900 0.992388 0.118099
vn -0.001100 0.961840 -0.273611
vn 0.130003 0.949819 -0.284506
vn 0.653429 0.703731 -0.278912
vn -0.033099 0.976165 -0.214492
vn 0.056601 0.991623 -0.116103
vn -0.124305 0.991241 -0.044602
vn 0.579803 0.750305 -0.317602
vn 0.010700 0.993273 0.115297
vn -0.108596 0.993666 0.028899
vn 0.077504 0.928748 -0.362519
vn 0.040100 0.951796 -0.304099
vn 0.149505 0.972033 -0.181106
vn 0.016799 0.993856 0.109395
vn -0.091802 0.995720 -0.010700
vn -0.011100 0.993430 0.113903
vn 0.031100 0.955206 0.294302
vn -0.022200 0.997397 0.068600
vn -0.034000 0.928009 -0.371004
vn 0.113700 0.972701 -0.202300
vn 0.010100 0.998317 0.057101
vn -0.099800 0.994998 0.004300
vn -0.014700 0.994919 0.099602
vn -0.114298 0.987882 0.104998
vn 0.001200 0.994194 0.107599
vn -0.137701 0.965709 -0.220102
vn 0.210992 0.977463 0.006900
vn 0.069497 0.953863 -0.292089
vn 0.001500 0.997779 0.066599
vn -0.116400 0.993202 -0.000900
vn 0.463193 0.854287 -0.235896
vn 0.001200 0.994107 -0.108401
vn 0.200299 0.970693 0.132799
vn 0.101502 0.990422 0.093602
vn 0.047599 0.991178 0.123697
vn 0.323895 0.944685 0.051599
vn 0.006300 0.994907 0.100601
vn -0.229905 0.969919 0.080002
vn 0.066396 0.976447 -0.205289
vn 0.139203 0.967718 -0.210104
vn 0.208304 0.938018 -0.277005
vn 0.067297 0.927156 -0.368582
vn 0.050501 0.948111 -0.313904
vn 0.057400 0.998107 0.022100
vn -0.326009 0.945327 -0.008600
vn -0.262099 0.944195 0.199499
vn 0.150699 0.966793 -0.206399
vn -0.091900 0.995698 -0.011800
vn 0.297101 0.946602 -0.125200
vn -0.130000 0.984103 0.121000
vn 0.211510 0.945044 -0.249312
vn -0.094096 0.995558 0.003300
vn 0.090196 0.995854 -0.011799
vn 0.075599 0.997082 -0.010600
vn 0.045598 0.996764 0.066198
vn 0.258106 0.925822 -0.276107
vn -0.034699 0.986685 0.158898
vn -0.010400 0.988539 0.150606
vn -0.064299 0.980990 0.183098
vn 0.223594 0.973475 0.048499
vn -0.003100 0.994372 -0.105897
vn 0.176508 0.978043 0.110805
vn -0.156801 0.987504 0.015800
vn 0.141104 0.983627 0.112103
vn 0.089000 0.996001 0.007800
vn 0.628074 0.713570 -0.310387
vn -0.124095 0.990556 -0.058297
vn -0.120705 0.991341 0.051702
vn 0.009800 0.927011 -0.374905
vn 0.091401 0.995814 -0.000500
vn -0.145405 0.988835 -0.032601
vn 0.180405 0.980325 -0.080102
vn 0.038000 0.986288 0.160598
vn -0.094799 0.952290 0.290097
vn 0.168998 0.608193 -0.775591
vn -0.278405 0.954016 0.111102
vn -0.126605 0.991943 0.004500
vn 0.124795 0.990962 0.049198
vn -0.090903 0.995634 0.021201
vn -0.100899 0.994891 -0.003400
vn -0.026099 0.998378 -0.050599
vn 0.010300 0.997793 -0.065600
vn -0.021400 0.998623 -0.047901
vn -0.008400 0.998559 -0.052998
vn -0.020200 0.998520 -0.050501
vn -0.026799 0.173495 -0.984470
vn -0.980615 0.194603 0.022900
vn -0.002100 0.210498 0.977592
vn -0.981180 0.192696 0.012400
vn -0.024099 0.154094 -0.987762
vn 0.981479 0.190696 -0.018300
vn -0.027400 0.208200 0.977702
vn 0.022300 0.156001 -0.987505
vn 0.979898 0.199500 -0.000200
vn -0.022201 0.208111 0.977853
vn 0.013200 0.169895 -0.985374
vn 0.979042 0.203609 -0.004400
vn 0.044301 0.210307 0.976631
vn -0.003200 0.170104 -0.985421
vn 0.979098 0.203300 0.006000
vn 0.059599 0.238597 0.969288
vn -0.752709 0.301404 0.585307
vn -0.981710 0.187302 0.034100
vn -0.023999 0.168193 -0.985462
vn -0.982121 0.188004 0.009600
vn 0.070700 0.303200 0.950301
vn -0.318721 0.321221 -0.891759
vn 0.057500 0.170399 -0.983696
vn -0.982116 0.181403 0.050401
vn 0.978978 0.203895 -0.005400
vn 0.185809 0.361317 0.913742
vn -0.002700 0.173893 -0.984761
vn 0.037098 0.222791 0.974160
vn -0.981136 0.193007 0.011000
vn 0.713237 0.317217 0.625033
vn 0.065000 0.175100 -0.982403
vn -0.676624 0.252109 0.691824
vn -0.982932 0.183806 -0.007800
vn -0.128401 0.226502 0.965510
vn -0.787875 0.128496 -0.602281
vn 0.005100 0.178293 -0.983964
vn 0.451905 0.345104 0.822609
vn 0.981115 0.193103 0.011200
vn -0.124899 0.299797 0.945792
vn -0.002000 0.179897 -0.983683
vn -0.976571 0.207094 -0.058498
vn -0.313321 0.237916 0.919362
vn -0.002400 0.177001 -0.984208
vn -0.048401 0.167303 -0.984717
vn -0.432987 0.275791 0.858173
vn -0.974932 0.198307 -0.100903
vn -0.377183 0.275988 0.884061
vn 0.048198 0.165392 -0.985050
vn -0.922828 0.099603 -0.372111
vn -0.765704 0.297601 0.570203
vn 0.097497 0.130296 -0.986670
vn -0.681908 0.288803 0.672008
vn 0.314690 -0.015400 -0.949070
vn -0.059799 0.248496 0.966785
vn 0.568783 -0.131696 -0.811876
vn -0.922060 0.235590 0.307087
vn -0.012600 0.283589 0.958863
vn 0.556082 -0.153795 -0.816774
vn -0.709909 0.160302 -0.685808
vn -0.969173 0.202394 0.140496
vn 0.014900 0.269006 0.963023
vn 0.708011 -0.161402 -0.687510
vn -0.279797 0.333996 -0.900089
vn -0.981011 0.181302 0.068901
vn -0.030399 0.244893 0.969073
vn 0.899776 0.022199 -0.435788
vn -0.010000 0.218306 0.975829
vn 0.972808 0.229802 0.028900
vn -0.035900 0.215297 0.975888
vn 0.980169 0.197894 -0.010300
vn -0.487510 0.206204 -0.848418
vn 0.956512 0.237603 0.169202
vn -0.042701 0.214307 0.975832
vn -0.182890 0.172691 -0.967848
vn 0.946364 0.203592 0.250890
vn -0.026299 0.216792 0.975864
vn -0.107399 0.165199 -0.980395
vn 0.980286 0.186897 0.064099
vn 0.032801 0.214208 0.976237
vn -0.111899 0.153499 -0.981793
vn 0.981561 0.182393 0.057198
vn -0.006200 0.214003 0.976813
vn -0.026101 0.162105 -0.986428
vn 0.983563 0.180393 0.007900
vn 0.011299 0.212690 0.977054
vn -0.042800 0.985697 0.163000
vn 0.067297 0.961153 -0.267687
vn 0.107203 0.993631 0.034701
vn 0.008900 0.985404 0.170001
vn 0.047800 0.963393 -0.263798
vn 0.127902 0.991214 0.033700
vn 0.010300 0.985441 0.169707
vn -0.014300 0.965610 -0.259603
vn -0.160194 0.987060 0.007100
vn 0.002200 0.985527 0.169505
vn 0.031799 0.966683 -0.253995
vn 0.153099 0.988091 0.015400
vn -0.014700 0.985797 0.167299
vn 0.428704 0.879009 -0.208702
vn 0.170404 0.984921 0.029901
vn -0.017800 0.986200 0.164600
vn -0.241197 0.944390 -0.223498
vn 0.179300 0.982598 0.048500
vn 0.013900 0.987691 0.155799
vn 0.034899 0.973759 -0.224891
vn -0.946331 0.007500 0.323111
vn 0.186597 0.982186 0.022200
vn 0.040302 0.989245 0.140606
vn 0.038800 0.976694 -0.211099
vn 0.703893 0.029500 -0.709693
vn -0.193210 0.981149 0.004000
vn 0.037302 0.990142 0.135006
vn 0.062899 0.976487 -0.206197
vn 0.201097 0.979488 -0.012800
vn 0.033202 0.990151 0.136007
vn -0.049699 0.976287 -0.210697
vn -0.185802 0.982309 0.023400
vn 0.048902 0.990042 0.132006
vn -0.043801 0.978031 -0.203806
vn -0.184309 0.982650 -0.020701
vn 0.102006 0.987555 0.119707
vn 0.025699 0.987154 -0.157693
vn 0.187404 0.982122 -0.017800
vn 0.020500 0.983306 0.180801
vn -0.168597 0.983081 -0.071599
vn 0.016599 0.983363 0.180893
vn 0.062699 0.992786 -0.102199
vn 0.101503 0.034701 -0.994230
vn 0.115895 0.992855 -0.028399
vn -0.351107 0.041401 0.935419
vn -0.006600 0.991240 0.131905
vn 0.089502 0.991320 -0.096302
vn 0.282102 0.018400 -0.959208
vn -0.750079 0.018799 0.661081
vn 0.904320 -0.044701 0.424509
vn -0.122796 0.992267 0.018099
vn 0.127905 0.991035 -0.038601
vn -0.185691 0.980650 -0.061997
vn -0.254907 0.083802 0.963327
vn 0.766499 -0.021100 0.641899
vn -0.092304 0.992439 -0.080903
vn 0.233300 0.014400 -0.972298
vn -0.091898 0.994882 0.041999
vn -0.136705 0.987933 -0.072802
vn -0.018100 0.983316 0.181003
vn -0.130895 0.990963 0.029299
vn -0.027799 0.993978 0.105998
vn -0.079599 0.992489 -0.092899
vn -0.043599 0.990384 0.131298
vn -0.111799 0.993494 0.021700
vn -0.101199 0.993394 0.054100
vn -0.032700 0.991389 -0.126799
vn -0.083302 0.995224 0.050901
vn -0.035301 0.974927 0.219706
vn -0.048998 0.983668 -0.173194
vn -0.030100 0.974696 0.221499
vn 0.008800 0.125396 0.992068
vn -0.013199 0.973948 -0.226388
vn -0.010700 0.988704 0.149501
vn 0.656525 0.026801 0.753828
vn 0.013200 0.962490 -0.270997
vn 0.087400 0.995703 0.030600
vn -0.021599 0.992672 0.118897
vn 0.040699 0.959866 -0.277490
vn 0.088197 0.993469 0.072398
vn 0.643326 0.029301 0.765031
vn 0.915967 -0.053398 0.397686
vn 0.046899 0.083798 0.995378
vn 0.383376 0.016599 -0.923443
vn 0.937596 -0.048700 0.344299
vn 0.076201 0.068901 0.994709
vn 0.333918 0.021701 -0.942352
vn 0.983781 -0.047399 0.172997
vn 0.076803 0.069203 0.994642
vn 0.335908 0.022601 -0.941624
vn -0.999813 0.018000 0.007100
vn -0.614673 0.018499 0.788565
vn 0.111205 0.057303 0.992144
vn 0.242701 0.024000 -0.969804
vn 0.998720 -0.040201 0.030701
vn 0.140003 0.069302 0.987723
vn 0.310496 0.027100 -0.950188
vn -0.972112 0.012100 0.234203
vn -0.025199 0.063498 0.997664
vn 0.432512 0.033001 -0.901024
vn -0.983332 0.020101 -0.180706
vn 0.381223 0.088305 0.920256
vn 0.969326 -0.009200 -0.245607
vn 0.402915 0.046902 0.914035
vn 0.636089 0.053099 -0.769787
vn -0.899418 0.032101 -0.435909
vn 0.266895 0.021700 0.963481
vn -0.705879 0.030399 0.707679
vn 0.439406 0.032200 0.897711
vn 0.782991 0.034200 -0.621093
vn 0.628721 0.028001 0.777126
vn 0.606910 0.023800 0.794414
vn 0.578085 0.044199 -0.814779
vn -0.716487 0.020900 0.697287
vn -0.656798 -0.010200 0.753998
vn -0.892311 0.025400 -0.450706
vn -0.548694 -0.007300 0.835991
vn -0.841909 0.011100 -0.539506
vn -0.810521 0.030501 -0.584915
vn -0.458808 0.005900 0.888516
vn -0.774189 0.074199 -0.628591
vn -0.581893 0.157898 -0.797790
vn -0.585107 0.142102 -0.798409
vn -0.630407 0.026600 0.775809
vn -0.317407 0.026401 -0.947922
vn 0.027999 0.026699 -0.999251
vn -0.738731 0.025201 0.673529
vn 0.177491 0.033498 -0.983552
vn 0.701967 0.067897 -0.708966
vn -0.886855 0.018499 0.461677
vn 0.398992 0.017800 -0.916782
vn 0.597577 0.023399 0.801470
vn -0.754163 0.020499 0.656368
vn 0.212706 0.013100 -0.977028
vn 0.759865 -0.003800 0.650070
vn -0.283115 0.863145 -0.418122
vn 0.195099 0.977094 0.084999
vn 0.242304 0.969317 -0.041401
vn -0.246494 0.922677 -0.296493
vn 0.068603 0.984745 0.159907
vn 0.112399 0.973594 0.198699
vn -0.168505 0.974328 -0.149304
vn 0.015600 0.970277 0.241494
vn 0.122199 0.941693 0.313498
vn 0.028399 0.986382 -0.161997
vn 0.067898 0.987377 -0.143097
vn 0.196998 0.969890 -0.143198
vn 0.224507 0.959529 0.170005
vn 0.248792 0.967171 -0.051798
vn -0.071499 0.984280 -0.161497
vn -0.187093 0.982264 -0.012400
vn -0.124503 0.986722 0.104302
vn -0.058199 0.991390 -0.117299
vn 0.119601 0.980505 0.155901
vn 0.165794 0.946168 0.277991
vn 0.024800 0.993809 -0.108301
vn 0.055298 0.983562 0.171893
vn -0.006200 0.981335 0.192207
vn 0.077902 0.979227 0.187205
vn -0.139897 0.987382 0.074199
vn 0.279005 0.942516 0.183903
vn 0.051401 0.992712 -0.109001
vn 0.093101 0.980511 0.173002
vn -0.017299 0.984560 0.174193
vn 0.089098 0.989478 -0.113997
vn -0.186103 0.982318 0.020400
vn -0.122999 0.987992 0.093499
vn -0.044900 0.949806 0.309602
vn -0.104400 0.986999 0.122200
vn 0.068302 0.990530 -0.119104
vn 0.213795 0.974978 0.060899
vn 0.113203 0.986028 -0.122203
vn -0.076003 0.984444 0.158407
vn 0.174293 0.980359 0.092296
vn 0.059200 0.990602 -0.123300
vn -0.129597 0.989079 0.070198
vn -0.042099 0.986381 0.158997
vn 0.033200 0.992706 -0.115901
vn -0.137296 0.989068 0.053798
vn 0.062000 0.992495 -0.105400
vn 0.119996 0.988064 -0.096596
vn 0.119298 0.987585 -0.102198
vn 0.009100 0.985967 0.166694
vn 0.119995 0.986662 -0.109996
vn 0.324702 0.929107 -0.177001
vn -0.120402 0.986215 0.113502
vn -0.059800 0.991907 0.112001
vn 0.167997 0.976081 0.137997
vn 0.203098 0.962490 -0.179898
vn -0.117002 0.987415 0.106402
vn -0.104401 0.991711 0.074901
vn 0.142494 0.982261 -0.121895
vn -0.206104 0.475709 0.855115
vn 0.205795 0.978276 -0.024999
vn -0.158201 0.987004 -0.028200
vn -0.135804 0.989528 -0.048901
vn -0.128101 0.987705 0.089600
vn -0.117396 0.967169 -0.225393
vn 0.162300 0.974300 0.156200
vn -0.210400 0.924002 -0.319301
vn 0.193393 0.973866 0.119096
vn 0.130294 0.980156 0.149393
vn 0.304198 0.105999 -0.946693
vn 0.099205 0.114605 0.988445
vn 0.307212 0.102204 -0.946137
vn -0.530500 0.089000 0.843000
vn 0.350317 0.100305 -0.931245
vn -0.719500 0.099000 0.687400
vn 0.249898 0.096099 -0.963492
vn -0.478780 0.087496 0.873564
vn 0.459607 0.101402 -0.882314
vn 0.848709 0.114101 0.516405
vn 0.501324 0.108405 -0.858442
vn -0.272996 0.109298 0.955786
vn 0.478902 0.096000 0.872604
vn 0.484998 0.107399 -0.867896
vn -0.959700 0.142700 0.242100
vn 0.489007 0.098401 0.866712
vn 0.468502 0.105801 -0.877104
vn 0.550290 0.097298 0.829285
vn 0.484796 0.093699 0.869594
vn 0.526279 0.105296 -0.843767
vn -0.828132 0.113504 0.548921
vn 0.408386 0.088897 0.908470
vn 0.612992 0.101899 -0.783490
vn -0.619983 0.094697 0.778879
vn 0.809502 0.110100 0.576701
vn 0.803049 0.125892 -0.582463
vn 0.955138 0.111404 -0.274411
vn 0.768838 0.109305 0.630032
vn -0.672910 0.097201 0.733311
vn -0.665019 0.095303 0.740721
vn 0.685603 0.097600 0.721403
vn 0.858019 0.128003 -0.497411
vn -0.898311 0.118401 0.423105
vn -0.963579 0.038099 -0.264694
vn -0.769023 0.103303 0.630819
vn -0.048500 0.130901 0.990208
vn -0.943387 0.139798 0.300796
vn -0.591062 0.092994 0.801248
vn -0.531506 0.091401 0.842109
vn 0.995846 0.090704 0.008000
vn 0.575778 0.109296 -0.810268
vn -0.986573 0.031299 0.160296
vn 0.294801 0.093200 0.951003
vn -0.884908 0.097701 -0.455404
vn -0.853136 0.093604 -0.513222
vn 0.267403 0.094801 0.958910
vn -0.651802 0.095900 0.752302
vn -0.823597 0.091800 -0.559698
vn 0.192805 0.095003 0.976627
vn 0.585071 0.096995 0.805161
vn -0.738084 0.097098 -0.667686
vn -0.993906 0.107101 0.026100
vn 0.528720 0.099604 0.842932
vn -0.651908 0.113801 -0.749710
vn 0.155707 0.107405 0.981947
vn -0.441714 0.156905 -0.883329
vn 0.093404 0.105305 0.990044
vn -0.315991 0.140696 -0.938272
vn 0.984290 0.097799 0.146999
vn -0.003200 0.114195 -0.993453
vn 0.974262 0.142094 0.174993
vn 0.239595 0.112098 -0.964380
vn 0.878703 0.140900 0.456101
vn 0.199499 0.119400 -0.972596
vn 0.281492 0.109697 0.953273
vn 0.274013 0.110605 -0.955345
vn 0.726682 0.122397 -0.675983
vn 0.103800 0.939098 -0.327599
vn 0.372212 0.920331 0.120204
vn 0.366277 0.903343 -0.223186
vn 0.134598 0.946189 0.294296
vn 0.188497 0.951485 -0.243196
vn 0.451272 0.864847 0.219986
vn 0.098397 0.963468 -0.249092
vn 0.081701 0.959415 0.269904
vn 0.299210 0.944531 -0.135404
vn -0.242592 0.935168 0.258091
vn 0.345895 0.937586 -0.035899
vn -0.548711 0.726415 -0.413808
vn 0.225597 0.972988 -0.048999
vn -0.143598 0.932287 0.331995
vn -0.004100 0.975106 -0.221701
vn 0.325908 0.932724 0.154304
vn -0.033402 0.932153 -0.360521
vn -0.122303 0.938220 0.323707
vn 0.163010 0.916657 0.364923
vn 0.154102 0.942611 -0.296204
vn -0.365712 0.916431 0.162506
vn 0.141200 0.916699 0.373799
vn 0.420006 0.894013 -0.156002
vn 0.165403 0.916115 0.365206
vn 0.178194 0.943468 0.279491
vn 0.136399 0.951692 -0.275098
vn -0.278802 0.941506 0.189301
vn 0.114099 0.952488 0.282396
vn 0.116101 0.954206 -0.275702
vn -0.201798 0.925192 0.321397
vn 0.275395 0.931482 0.237695
vn -0.183796 0.898479 -0.398691
vn 0.362280 0.924748 -0.116593
vn 0.300998 0.924293 0.234698
vn -0.194596 0.939983 0.280295
vn -0.213298 0.934189 0.285997
vn 0.258789 0.926261 0.273988
vn 0.335298 0.915194 -0.223598
vn -0.378603 0.917708 0.120301
vn -0.349988 0.932469 -0.089497
vn 0.411613 0.778325 0.474115
vn -0.028999 0.957764 0.286089
vn -0.340305 0.940314 -0.001400
vn -0.201395 0.922178 0.330192
vn -0.227095 0.926678 0.299493
vn 0.264399 0.953298 0.146000
vn 0.190896 0.940083 -0.282495
vn -0.344086 0.933161 -0.103996
vn 0.081299 0.961091 0.263997
vn -0.321709 0.936326 -0.140704
vn -0.310386 0.938957 -0.148393
vn 0.389592 0.898383 0.202796
vn -0.202504 0.929417 0.308506
vn -0.285696 0.943086 -0.170197
vn 0.070500 0.947496 0.311899
vn 0.208190 0.914055 0.348083
vn -0.243209 0.947736 -0.206508
vn -0.351010 0.936127 0.021401
vn 0.299286 0.922256 0.244688
vn -0.211009 0.947838 -0.238910
vn 0.088898 0.954875 0.283393
vn -0.141001 0.929904 -0.339702
vn 0.043601 0.945016 0.324105
vn -0.229306 0.915523 -0.330508
vn 0.301911 0.948234 -0.098503
vn 0.001600 0.955897 -0.293699
vn 0.396895 0.913089 0.093499
vn 0.957996 0.059700 -0.280499
vn 0.760017 0.064301 0.646714
vn -0.647096 0.043000 0.761195
vn 0.684803 0.054300 0.726703
vn -0.911191 0.039400 0.410096
vn -0.968476 0.056599 -0.242594
vn -0.065703 0.063003 0.995848
vn -0.982909 0.056201 0.175302
vn -0.508717 0.032301 0.860328
vn 0.992722 0.100202 0.066801
vn -0.828969 0.076197 -0.554079
vn 0.494378 0.061597 0.867062
vn -0.930799 0.052100 -0.361800
vn -0.106803 0.072602 0.991626
vn -0.843004 0.042800 -0.536202
vn 0.189005 0.049501 0.980728
vn -0.765197 0.048100 -0.641997
vn -0.997630 0.053402 0.043401
vn 0.332806 0.083202 -0.939318
vn -0.670221 0.052202 -0.740323
vn 0.125901 0.043000 0.991110
vn 0.414610 0.083902 -0.906123
vn -0.539910 0.052001 -0.840115
vn 0.219907 0.046101 0.974431
vn 0.537302 0.063400 -0.841003
vn -0.354001 0.077800 -0.932003
vn 0.987201 0.091100 0.130900
vn 0.515414 0.035101 -0.856222
vn 0.047602 0.083804 -0.995345
vn 0.961105 0.051700 0.271301
vn 0.543000 0.023600 -0.839401
vn 0.175008 0.066103 -0.982346
vn 0.918147 0.050403 0.393020
vn 0.916602 0.008900 -0.399701
vn 0.331410 0.037801 -0.942729
vn 0.187891 0.042898 0.981253
vn 0.592616 -0.030101 -0.804922
vn 0.284714 0.035702 -0.957947
vn 0.867890 -0.012700 -0.496594
vn 0.629396 -0.027600 -0.776595
vn 0.395609 0.035801 -0.917721
vn 0.046001 0.047101 0.997830
vn 0.717091 -0.011100 -0.696891
vn 0.007600 0.060297 -0.998152
vn -0.485895 0.035600 0.873292
vn -0.707497 0.041500 0.705497
vn -0.885990 -0.019500 0.463295
vn 0.870808 0.044500 -0.489605
vn -0.473204 0.036200 0.880208
vn -0.242011 -0.015901 0.970143
vn 0.884300 0.067600 0.462000
vn -0.573685 0.033799 0.818378
vn -0.272907 0.054001 0.960524
vn 0.564175 0.049598 0.824164
vn 0.538511 0.001400 -0.842617
vn -0.972075 0.044599 0.230394
vn 0.546194 0.057399 0.835690
vn -0.927639 0.073303 -0.366215
vn 0.524081 0.045198 0.850468
vn 0.326096 0.044499 0.944289
vn -0.595112 0.044401 0.802416
vn -0.829720 0.043101 0.556513
vn 0.354106 0.018800 0.935016
vn 0.571766 0.048997 0.818952
vn -0.610614 0.040001 0.790918
vn 0.834601 0.075900 0.545601
vn 0.495591 0.048799 0.867184
vn -0.340199 0.933696 -0.111700
vn 0.085903 0.935432 0.342912
vn -0.245287 0.930251 0.272886
vn -0.312391 0.938574 -0.146596
vn 0.084095 0.934540 0.345778
vn 0.178301 0.944504 0.275901
vn -0.266602 0.942806 -0.200101
vn -0.337288 0.941267 0.015899
vn 0.091004 0.941940 0.323214
vn -0.210994 0.948172 -0.237593
vn 0.043199 0.941373 0.334590
vn -0.176504 0.940020 -0.291906
vn 0.089997 0.935165 0.342587
vn -0.129798 0.942786 -0.307095
vn 0.384586 0.909967 -0.155094
vn 0.001300 0.938972 -0.343990
vn 0.357085 0.932760 0.049498
vn 0.042801 0.945223 -0.323608
vn 0.341206 0.937016 0.074701
vn 0.106096 0.947262 -0.302388
vn 0.087302 0.939122 0.332308
vn 0.119596 0.944168 -0.306990
vn 0.288898 0.929593 -0.228898
vn 0.111103 0.942128 -0.316309
vn -0.006700 0.937021 0.349208
vn 0.116596 0.942970 -0.311790
vn -0.166207 0.937341 0.306213
vn 0.119403 0.943926 -0.307809
vn -0.263902 0.939007 0.220502
vn 0.116904 0.945436 -0.304112
vn -0.144093 0.933454 0.328484
vn 0.215206 0.941925 -0.257807
vn 0.264808 0.953230 0.145705
vn 0.421516 0.904335 0.067103
vn -0.100901 0.910106 0.401903
vn 0.169902 0.937008 0.305203
vn -0.770664 -0.014799 -0.637070
vn -0.325495 0.939685 0.105098
vn 0.155102 0.933912 0.322104
vn -0.065200 0.904900 -0.420600
vn 0.169694 0.939269 0.298290
vn 0.144501 0.931107 0.334902
vn 0.072301 0.921119 -0.382508
vn -0.298510 0.937830 0.177106
vn 0.136902 0.930113 0.340805
vn 0.226498 0.928392 -0.294597
vn -0.226692 0.933867 0.276590
vn 0.250503 0.956612 0.148802
vn 0.302798 0.930192 -0.207498
vn 0.336101 0.936502 -0.100000
vn 0.229005 0.952320 0.201604
vn -0.218291 0.938963 0.265890
vn -0.214102 0.932208 0.291802
vn 0.220998 0.945990 0.237198
vn 0.340189 0.926369 -0.161595
vn -0.328690 0.933473 0.143496
vn -0.371696 0.921091 -0.115899
vn -0.257095 0.941082 0.219696
vn -0.055997 0.915857 0.397581
vn -0.335902 0.941205 0.036100
vn -0.182200 0.935702 0.302101
vn -0.178394 0.935270 0.305690
vn 0.298109 0.914328 0.274108
vn 0.240493 0.930971 -0.274692
vn -0.346017 0.909445 -0.230611
vn 0.130701 0.932605 0.336402
vn -0.363095 0.916187 -0.169598
vn 0.633983 0.010200 -0.773279
vn -0.715398 0.012900 0.698598
vn 0.949226 0.070002 0.306708
vn 0.829227 0.159005 -0.535817
vn 0.980406 0.063700 -0.186401
vn 0.778283 0.067399 0.624286
vn -0.732721 0.023601 0.680120
vn -0.711906 0.019400 0.702006
vn 0.653103 0.047100 0.755803
vn 0.888047 0.110306 -0.446324
vn -0.921148 0.023201 0.388520
vn -0.967102 0.020000 -0.253601
vn -0.759299 0.021100 0.650399
vn -0.128101 -0.017300 0.991610
vn -0.982009 0.024000 0.187302
vn -0.623495 0.007300 0.781793
vn -0.553218 0.003800 0.833028
vn 0.957508 -0.071501 0.279402
vn 0.732397 0.049200 -0.679098
vn -0.872673 0.024599 -0.487685
vn 0.301087 0.039998 0.952758
vn -0.931805 0.030200 -0.361702
vn -0.758885 0.030999 -0.650487
vn 0.212108 0.046502 0.976139
vn -0.630329 0.017301 0.776135
vn -0.909589 0.030400 -0.414395
vn 0.353781 0.040498 0.934451
vn 0.643719 0.025901 0.764823
vn -0.755202 0.027800 -0.654902
vn -0.999430 0.021301 0.026201
vn 0.243998 0.012600 0.969694
vn -0.672512 0.023500 -0.739713
vn 0.189103 -0.009100 0.981915
vn -0.604313 0.006800 -0.796718
vn 0.380008 0.022100 0.924719
vn -0.283915 0.000200 -0.958850
vn 0.986248 -0.057603 -0.154908
vn -0.005900 0.014200 -0.999882
vn 0.949873 0.104397 0.294692
vn 0.069702 0.008600 -0.997531
vn 0.959230 0.146805 0.241508
vn 0.040699 0.014300 -0.999069
vn 0.281387 0.008500 0.959557
vn 0.251489 0.002500 -0.967857
vn 0.843585 0.132898 -0.520291
vn 0.390995 0.003100 -0.920388
vn 0.069897 -0.019599 0.997362
vn 0.340198 0.010500 -0.940295
vn -0.526181 -0.002700 0.850369
vn 0.318686 0.000800 -0.947860
vn -0.750881 0.024499 0.659983
vn 0.483608 -0.011000 -0.875215
vn -0.230396 0.005200 0.973083
vn 0.443288 0.019099 -0.896176
vn 0.866796 0.104000 0.487698
vn 0.665901 0.070500 -0.742701
vn -0.369996 0.008900 0.928991
vn 0.742098 -0.011200 0.670198
vn 0.514399 -0.024600 0.857198
vn -0.960861 0.021599 0.276189
vn 0.440799 0.003800 0.897598
vn 0.044201 0.001100 -0.999022
vn 0.625292 -0.001100 0.780390
vn 0.359811 0.030401 0.932530
vn 0.438311 -0.013500 -0.898722
vn -0.884715 0.022100 0.465608
vn 0.392992 0.039799 0.918680
vn 0.101503 0.991928 -0.076002
vn 0.088403 0.994636 0.053702
vn 0.365905 0.929413 0.048001
vn 0.981671 0.179695 -0.063498
vn 0.436888 0.898975 0.031199
vn 0.682619 0.498214 0.534615
vn 0.790451 0.571965 0.219187
vn -0.157699 0.940495 -0.300998
vn 0.681529 0.719731 0.132306
vn 0.952802 0.020500 0.302901
vn 0.627482 0.759079 0.173395
vn 0.138497 0.948079 -0.286294
vn 0.166600 0.986002 0.006700
vn -0.002400 0.959704 0.281001
vn -0.034200 0.991003 0.129400
vn -0.547800 -0.736899 -0.396100
vn -0.078901 0.983713 -0.161502
vn 0.480183 -0.829271 -0.285890
vn 0.284100 0.949399 0.133900
vn 0.331803 0.941808 -0.053900
vn 0.779424 0.585918 -0.221807
vn 0.371610 0.899523 0.229706
vn 0.178004 0.960119 0.215604
vn 0.663306 0.729407 -0.167302
vn 0.425205 0.846109 0.321404
vn 0.427910 0.825819 0.367309
vn 0.427786 0.804374 -0.412287
vn 0.274302 0.772805 0.572304
vn 0.188409 0.944443 0.269312
vn 0.142694 0.988655 -0.046898
vn 0.008800 0.996843 -0.078903
vn 0.184999 0.974394 0.127799
vn 0.410601 0.864502 -0.289901
vn 0.059800 0.997701 -0.031900
vn 0.074301 0.960409 0.268503
vn -0.094401 0.992713 0.074901
vn -0.061800 0.984903 -0.161700
vn 0.414596 0.804191 0.425895
vn -0.127801 0.928705 -0.348102
vn 0.391387 0.837472 0.381387
vn 0.395222 0.835746 0.381221
vn 0.185102 0.981311 -0.052601
vn 0.334187 0.910965 0.241791
vn -0.106301 0.992812 0.055001
vn 0.350602 0.935205 -0.049700
vn -0.002200 0.977418 -0.211304
vn -0.042599 0.929368 -0.366688
vn 0.196198 0.979888 -0.036400
vn 0.262388 0.945056 0.194991
vn -0.351118 0.928648 0.119706
vn 0.961845 0.179808 -0.206210
vn 0.001200 0.997917 -0.064501
vn -0.111597 0.992475 -0.050399
vn -0.048200 0.992207 0.114901
vn 0.733605 0.615904 -0.287202
vn 0.212795 0.892279 -0.398191
vn 0.170102 0.915812 0.363805
vn 0.459583 0.670275 -0.582679
vn 0.471891 0.878182 0.078198
vn 0.952912 0.176202 -0.246803
vn 0.141899 0.988192 0.057800
vn 0.502709 0.864415 0.008400
vn 0.272399 0.699296 -0.660896
vn 0.910658 0.321185 0.259888
vn 0.106303 0.980124 -0.167504
vn 0.931002 0.275801 0.239101
vn -0.198595 0.948474 0.246893
vn 0.637387 0.770384 -0.015700
vn 0.859998 0.485899 0.155900
vn 0.113698 -0.021700 0.993278
vn 0.288802 0.012500 -0.957307
vn -0.003300 0.935280 0.353893
vn 0.076096 0.948149 -0.308583
vn 0.066098 0.051898 0.996463
vn 0.435196 0.054399 -0.898691
vn 0.027400 0.962302 0.270600
vn 0.064897 0.940660 -0.333086
vn 0.240698 0.125199 -0.962491
vn 0.054401 0.122202 0.991013
vn 0.043099 0.983177 0.177496
vn -0.002900 0.990595 -0.136799
vn 0.188908 0.026401 -0.981640
vn 0.165601 0.122901 0.978505
vn 0.039701 0.960936 -0.273910
vn 0.053899 0.984585 0.166397
vn -0.007200 0.219402 0.975608
vn 0.000100 0.170995 -0.985272
vn 0.003700 0.997739 0.067103
vn 0.073900 0.986297 -0.147500
vn 0.000700 0.992331 -0.123604
vn 0.032901 0.991923 0.122503
vn -0.000500 -0.002900 -0.999996
vn -0.001100 -0.002800 -0.999995
vn -0.000700 -0.002700 -0.999996
vn -0.001100 -0.003000 -0.999995
vn 0.000400 -0.954380 -0.298594
vn -0.000300 -0.003000 -0.999995
vn 0.019401 0.459924 -0.887746
vn 0.000400 -0.691488 -0.722388
vn 0.004800 -0.000500 -0.999988
vn 0.014700 0.034400 -0.999300
vn 0.000200 -0.003500 -0.999994
vn 0.000600 -0.010600 -0.999944
vn 0.001500 0.000000 -0.999999
vn 0.000800 -0.146404 -0.989225
vn -0.000900 -0.002600 -0.999996
vn -0.000100 -0.003200 -0.999995
vn 0.000500 -0.989606 -0.143801
vn 0.000700 -0.999928 -0.012000
vn 0.000600 -0.998946 -0.045902
vn 0.000700 -0.999990 -0.004500
vn 0.000700 -0.999999 -0.001100
vn 0.000800 -0.999999 0.000800
vn 0.000800 -1.000000 0.000100
vn 0.000500 -0.999969 0.007800
vn 0.000700 -0.004700 0.999989
vn 0.023200 0.655306 0.755007
vn 0.000900 -0.006600 0.999978
vn 0.000800 -0.003900 0.999992
vn 0.000800 -0.003100 0.999995
vn 0.000800 -0.003000 0.999995
vn 0.041501 0.821829 0.568220
vn 0.000700 -0.005900 0.999982
vn 0.000800 -0.003400 0.999994
vn 0.000500 -0.999981 0.006100
vn 0.000500 -0.999992 0.004000
vn 0.000500 -0.999998 0.002100
vn 0.000400 -0.999810 0.019500
vn 0.000500 -0.999937 0.011200
vn 0.000900 -0.010400 0.999946
vn 0.000900 -0.003400 0.999994
vn 0.000800 -0.162907 0.986641
vn 0.042999 0.237697 0.970387
vn 0.000600 -0.999366 0.035599
vn 0.000500 -0.995914 0.090301
vn 0.000500 -0.974011 0.226502
vn 0.000500 -0.998234 0.059402
vn 0.000800 -0.725169 0.688570
vn 0.188110 0.972949 -0.134107
vn -0.190494 0.015200 -0.981571
vn -0.048401 0.943713 -0.327205
vn -0.186794 0.104097 -0.976868
vn -0.023001 0.967634 -0.251309
vn -0.131998 0.113898 -0.984685
vn -0.012500 0.990227 -0.138904
vn -0.219309 0.005400 -0.975641
vn -0.021600 0.967901 -0.250400
vn 0.019000 0.141998 -0.989685
vn -0.004900 0.993707 -0.111901
vn -0.037799 0.993974 -0.102897
vn -0.042799 0.078698 -0.995979
vn -0.034900 -0.057901 -0.997712
vn 0.000200 -0.008400 -0.999965
vn -0.060001 -0.027600 -0.997817
vn -0.006200 0.481979 -0.876161
vn -0.002800 -0.686923 -0.726725
vn -0.001600 -0.143703 -0.989620
vn 0.001000 -0.005200 -0.999986
vn -0.001300 -0.954162 -0.299288
vn 0.001000 -0.003500 -0.999993
vn -0.018101 -0.000200 -0.999836
vn 0.001000 -0.004000 -0.999991
vn -0.056903 0.029401 -0.997947
vn -0.018101 -0.046602 -0.998750
vn -0.049698 -0.052798 -0.997368
vn -0.004300 -0.024200 -0.999698

# Mesh
g Retopologia
usemtl Material
f 4/4/1 1/1/1 2/2/1
f 2/2/1 3/3/1 4/4/1
f 8/8/2 5/5/2 6/6/2
f 6/6/2 7/7/2 8/8/2
f 10/10/3 2/2/3 1/1/3
f 1/1/3 9/9/3 10/10/3
f 14/14/4 11/11/4 12/12/4
f 12/12/4 13/13/4 14/14/4
f 18/18/5 15/15/5 16/16/5
f 16/16/5 17/17/5 18/18/5
f 17/17/6 16/16/6 11/11/6
f 11/11/6 14/14/6 17/17/6
f 20/20/7 9/9/7 1/1/7
f 1/1/7 19/19/7 20/20/7
f 22/22/8 5/5/8 8/8/8
f 8/8/8 21/21/8 22/22/8
f 19/19/9 1/1/9 4/4/9
f 4/4/9 23/23/9 19/19/9
f 25/25/10 20/20/10 19/19/10
f 19/19/10 24/24/10 25/25/10
f 27/27/11 22/22/11 21/21/11
f 21/21/11 26/26/11 27/27/11
f 24/24/12 19/19/12 23/23/12
f 23/23/12 28/28/12 24/24/12
f 30/30/13 25/25/13 24/24/13
f 24/24/13 29/29/13 30/30/13
f 32/32/14 27/27/14 26/26/14
f 26/26/14 31/31/14 32/32/14
f 29/29/15 24/24/15 28/28/15
f 28/28/15 33/33/15 29/29/15
f 37/37/16 34/34/16 35/35/16
f 35/35/16 36/36/16 37/37/16
f 41/41/17 38/38/17 39/39/17
f 39/39/17 40/40/17 41/41/17
f 36/36/18 35/35/18 42/42/18
f 42/42/18 43/43/18 36/36/18
f 47/47/19 44/44/19 45/45/19
f 45/45/19 46/46/19 47/47/19
f 51/51/20 48/48/20 49/49/20
f 49/49/20 50/50/20 51/51/20
f 46/46/21 45/45/21 52/52/21
f 52/52/21 53/53/21 46/46/21
f 55/57/22 34/54/22 37/55/22
f 37/55/22 54/56/22 55/57/22
f 57/61/23 10/58/23 9/59/23
f 9/59/23 56/60/23 57/61/23
f 59/65/24 44/62/24 47/63/24
f 47/63/24 58/64/24 59/65/24
f 56/60/25 9/59/25 20/66/25
f 20/66/25 60/67/25 56/60/25
f 60/67/26 20/66/26 25/68/26
f 25/68/26 61/69/26 60/67/26
f 61/69/27 25/68/27 30/70/27
f 30/70/27 62/71/27 61/69/27
f 64/73/28 63/72/28 10/58/28
f 10/58/28 57/61/28 64/73/28
f 68/77/29 65/74/29 66/75/29
f 66/75/29 67/76/29 68/77/29
f 72/81/30 69/78/30 70/79/30
f 70/79/30 71/80/30 72/81/30
f 76/85/31 73/82/31 74/83/31
f 74/83/31 75/84/31 76/85/31
f 78/87/32 77/86/32 73/82/32
f 73/82/32 76/85/32 78/87/32
f 82/91/33 79/88/33 80/89/33
f 80/89/33 81/90/33 82/91/33
f 75/84/34 74/83/34 69/78/34
f 69/78/34 72/81/34 75/84/34
f 84/93/35 83/92/35 77/86/35
f 77/86/35 78/87/35 84/93/35
f 86/95/36 64/73/36 57/61/36
f 57/61/36 85/94/36 86/95/36
f 88/97/37 60/67/37 61/69/37
f 61/69/37 87/96/37 88/97/37
f 90/99/38 55/57/38 54/56/38
f 54/56/38 89/98/38 90/99/38
f 85/94/39 57/61/39 56/60/39
f 56/60/39 91/100/39 85/94/39
f 91/100/40 56/60/40 60/67/40
f 60/67/40 88/97/40 91/100/40
f 87/96/41 61/69/41 62/71/41
f 62/71/41 92/101/41 87/96/41
f 94/103/42 59/65/42 58/64/42
f 58/64/42 93/102/42 94/103/42
f 83/92/43 86/95/43 85/94/43
f 85/94/43 77/86/43 83/92/43
f 74/83/44 88/97/44 87/96/44
f 87/96/44 69/78/44 74/83/44
f 79/88/45 90/99/45 89/98/45
f 89/98/45 80/89/45 79/88/45
f 77/86/46 85/94/46 91/100/46
f 91/100/46 73/82/46 77/86/46
f 73/82/47 91/100/47 88/97/47
f 88/97/47 74/83/47 73/82/47
f 69/78/48 87/96/48 92/101/48
f 92/101/48 70/79/48 69/78/48
f 65/74/49 94/103/49 93/102/49
f 93/102/49 66/75/49 65/74/49
f 98/107/50 95/104/50 96/105/50
f 96/105/50 97/106/50 98/107/50
f 102/111/51 99/108/51 100/109/51
f 100/109/51 101/110/51 102/111/51
f 106/115/52 103/112/52 104/113/52
f 104/113/52 105/114/52 106/115/52
f 108/117/53 107/116/53 103/112/53
f 103/112/53 106/115/53 108/117/53
f 110/119/54 109/118/54 99/108/54
f 99/108/54 102/111/54 110/119/54
f 97/106/55 96/105/55 109/118/55
f 109/118/55 110/119/55 97/106/55
f 101/121/56 100/120/56 107/116/56
f 107/116/56 108/117/56 101/121/56
f 100/120/57 111/122/57 112/123/57
f 112/123/57 107/116/57 100/120/57
f 96/105/58 113/124/58 114/125/58
f 114/125/58 109/118/58 96/105/58
f 109/118/59 114/125/59 115/126/59
f 115/126/59 99/108/59 109/118/59
f 107/116/60 112/123/60 116/127/60
f 116/127/60 103/112/60 107/116/60
f 103/112/61 116/127/61 117/128/61
f 117/128/61 104/113/61 103/112/61
f 99/130/62 115/129/62 111/122/62
f 111/122/62 100/120/62 99/130/62
f 95/104/63 118/131/63 113/124/63
f 113/124/63 96/105/63 95/104/63
f 120/133/64 108/117/64 106/115/64
f 106/115/64 119/132/64 120/133/64
f 122/136/65 102/134/65 101/121/65
f 101/121/65 121/135/65 122/136/65
f 124/138/66 98/107/66 97/106/66
f 97/106/66 123/137/66 124/138/66
f 119/132/67 106/115/67 105/114/67
f 105/114/67 125/139/67 119/132/67
f 121/135/68 101/121/68 108/117/68
f 108/117/68 120/133/68 121/135/68
f 126/141/69 110/119/69 102/111/69
f 102/111/69 122/140/69 126/141/69
f 123/137/70 97/106/70 110/119/70
f 110/119/70 126/141/70 123/137/70
f 130/145/71 127/142/71 128/143/71
f 128/143/71 129/144/71 130/145/71
f 129/144/72 128/143/72 131/146/72
f 131/146/72 132/147/72 129/144/72
f 136/151/73 133/148/73 134/149/73
f 134/149/73 135/150/73 136/151/73
f 135/150/74 134/149/74 137/152/74
f 137/152/74 138/153/74 135/150/74
f 132/155/75 131/154/75 133/148/75
f 133/148/75 136/151/75 132/155/75
f 140/157/76 139/156/76 127/142/76
f 127/142/76 130/145/76 140/157/76
f 142/159/77 68/77/77 67/76/77
f 67/76/77 141/158/77 142/159/77
f 145/162/78 117/128/78 143/160/78
f 143/160/78 144/161/78 145/162/78
f 147/164/79 125/139/79 105/114/79
f 105/114/79 146/163/79 147/164/79
f 149/166/80 75/84/80 72/81/80
f 72/81/80 148/165/80 149/166/80
f 151/168/81 139/156/81 140/157/81
f 140/157/81 150/167/81 151/168/81
f 153/170/82 78/87/82 76/85/82
f 76/85/82 152/169/82 153/170/82
f 148/165/83 72/81/83 71/80/83
f 71/80/83 154/171/83 148/165/83
f 155/172/84 84/93/84 78/87/84
f 78/87/84 153/170/84 155/172/84
f 146/163/85 105/114/85 104/113/85
f 104/113/85 156/173/85 146/163/85
f 158/175/86 82/91/86 81/90/86
f 81/90/86 157/174/86 158/175/86
f 152/169/87 76/85/87 75/84/87
f 75/84/87 149/166/87 152/169/87
f 160/177/88 153/170/88 152/169/88
f 152/169/88 159/176/88 160/177/88
f 162/179/89 148/165/89 154/171/89
f 154/171/89 161/178/89 162/179/89
f 166/183/90 163/180/90 164/181/90
f 164/181/90 165/182/90 166/183/90
f 170/187/91 167/184/91 168/185/91
f 168/185/91 169/186/91 170/187/91
f 172/189/92 158/175/92 157/174/92
f 157/174/92 171/188/92 172/189/92
f 159/176/93 152/169/93 149/166/93
f 149/166/93 173/190/93 159/176/93
f 177/194/94 174/191/94 175/192/94
f 175/192/94 176/193/94 177/194/94
f 179/196/95 142/159/95 141/158/95
f 141/158/95 178/195/95 179/196/95
f 173/190/96 149/166/96 148/165/96
f 148/165/96 162/179/96 173/190/96
f 181/198/97 151/168/97 150/167/97
f 150/167/97 180/197/97 181/198/97
f 176/193/98 175/192/98 182/199/98
f 182/199/98 183/200/98 176/193/98
f 185/202/99 172/189/99 171/188/99
f 171/188/99 184/201/99 185/202/99
f 187/204/100 159/176/100 173/190/100
f 173/190/100 186/203/100 187/204/100
f 183/200/101 182/199/101 188/205/101
f 188/205/101 189/206/101 183/200/101
f 191/208/102 179/196/102 178/195/102
f 178/195/102 190/207/102 191/208/102
f 186/203/103 173/190/103 162/179/103
f 162/179/103 192/209/103 186/203/103
f 194/211/104 181/198/104 180/197/104
f 180/197/104 193/210/104 194/211/104
f 195/212/105 160/177/105 159/176/105
f 159/176/105 187/204/105 195/212/105
f 192/209/106 162/179/106 161/178/106
f 161/178/106 196/213/106 192/209/106
f 200/217/107 197/214/107 198/215/107
f 198/215/107 199/216/107 200/217/107
f 204/221/108 201/218/108 202/219/108
f 202/219/108 203/220/108 204/221/108
f 208/225/109 205/222/109 206/223/109
f 206/223/109 207/224/109 208/225/109
f 203/220/110 202/219/110 209/226/110
f 209/226/110 210/227/110 203/220/110
f 214/231/111 211/228/111 212/229/111
f 212/229/111 213/230/111 214/231/111
f 216/233/112 215/232/112 201/218/112
f 201/218/112 204/221/112 216/233/112
f 189/206/113 188/205/113 217/234/113
f 217/234/113 218/235/113 189/206/113
f 210/227/114 209/226/114 219/236/114
f 219/236/114 220/237/114 210/227/114
f 144/161/115 221/238/115 167/184/115
f 167/184/115 170/187/115 144/161/115
f 223/240/116 208/225/116 207/224/116
f 207/224/116 222/239/116 223/240/116
f 225/242/117 203/220/117 210/227/117
f 210/227/117 224/241/117 225/242/117
f 227/244/118 214/231/118 213/230/118
f 213/230/118 226/243/118 227/244/118
f 229/246/119 216/233/119 204/221/119
f 204/221/119 228/245/119 229/246/119
f 224/241/120 210/227/120 220/237/120
f 220/237/120 230/247/120 224/241/120
f 232/249/121 200/217/121 199/216/121
f 199/216/121 231/248/121 232/249/121
f 228/245/122 204/221/122 203/220/122
f 203/220/122 225/242/122 228/245/122
f 234/251/123 227/244/123 226/243/123
f 226/243/123 233/250/123 234/251/123
f 236/253/124 229/246/124 228/245/124
f 228/245/124 235/252/124 236/253/124
f 240/257/125 237/254/125 238/255/125
f 238/255/125 239/256/125 240/257/125
f 242/259/126 224/241/126 230/247/126
f 230/247/126 241/258/126 242/259/126
f 244/261/127 243/260/127 237/254/127
f 237/254/127 240/257/127 244/261/127
f 246/263/128 232/249/128 231/248/128
f 231/248/128 245/262/128 246/263/128
f 235/252/129 228/245/129 225/242/129
f 225/242/129 247/264/129 235/252/129
f 249/266/130 223/240/130 222/239/130
f 222/239/130 248/265/130 249/266/130
f 247/264/131 225/242/131 224/241/131
f 224/241/131 242/259/131 247/264/131
f 253/270/132 250/267/132 251/268/132
f 251/268/132 252/269/132 253/270/132
f 257/274/133 254/271/133 255/272/133
f 255/272/133 256/273/133 257/274/133
f 256/278/134 255/275/134 258/276/134
f 258/276/134 259/277/134 256/278/134
f 263/282/135 260/279/135 261/280/135
f 261/280/135 262/281/135 263/282/135
f 253/270/136 264/283/136 265/284/136
f 265/284/136 250/267/136 253/270/136
f 217/234/137 266/285/137 267/286/137
f 267/286/137 218/235/137 217/234/137
f 259/277/138 258/276/138 268/287/138
f 268/287/138 269/288/138 259/277/138
f 262/281/139 261/280/139 270/289/139
f 270/289/139 271/290/139 262/281/139
f 252/269/140 251/268/140 266/285/140
f 266/285/140 217/234/140 252/269/140
f 269/294/141 268/291/141 264/292/141
f 264/292/141 253/293/141 269/294/141
f 250/267/142 265/284/142 272/295/142
f 272/295/142 273/296/142 250/267/142
f 275/298/143 130/145/143 129/144/143
f 129/144/143 274/297/143 275/298/143
f 277/300/144 150/167/144 140/157/144
f 140/157/144 276/299/144 277/300/144
f 279/302/145 136/151/145 135/150/145
f 135/150/145 278/301/145 279/302/145
f 281/304/146 226/243/146 213/230/146
f 213/230/146 280/303/146 281/304/146
f 274/297/147 129/144/147 132/147/147
f 132/147/147 282/305/147 274/297/147
f 283/306/148 180/197/148 150/167/148
f 150/167/148 277/300/148 283/306/148
f 278/301/149 135/150/149 138/153/149
f 138/153/149 284/307/149 278/301/149
f 276/299/150 140/157/150 130/145/150
f 130/145/150 275/298/150 276/299/150
f 285/308/151 233/250/151 226/243/151
f 226/243/151 281/304/151 285/308/151
f 286/309/152 193/210/152 180/197/152
f 180/197/152 283/306/152 286/309/152
f 287/310/153 212/229/153 193/210/153
f 193/210/153 286/309/153 287/310/153
f 282/311/154 132/155/154 136/151/154
f 136/151/154 279/302/154 282/311/154
f 265/315/155 288/312/155 289/313/155
f 289/313/155 272/314/155 265/315/155
f 268/291/156 290/316/156 291/317/156
f 291/317/156 264/292/156 268/291/156
f 295/321/157 292/318/157 293/319/157
f 293/319/157 294/320/157 295/321/157
f 261/280/158 296/322/158 297/323/158
f 297/323/158 270/289/158 261/280/158
f 272/314/159 289/313/159 298/324/159
f 298/324/159 273/325/159 272/314/159
f 258/327/160 299/326/160 290/316/160
f 290/316/160 268/291/160 258/327/160
f 294/320/161 293/319/161 300/328/161
f 300/328/161 301/329/161 294/320/161
f 264/292/162 291/317/162 288/312/162
f 288/312/162 265/315/162 264/292/162
f 260/279/163 302/330/163 296/322/163
f 296/322/163 261/280/163 260/279/163
f 255/272/164 303/331/164 299/326/164
f 299/326/164 258/327/164 255/272/164
f 254/271/165 304/332/165 303/331/165
f 303/331/165 255/272/165 254/271/165
f 273/334/166 298/333/166 292/318/166
f 292/318/166 295/321/166 273/334/166
f 298/333/167 282/311/167 279/302/167
f 279/302/167 292/318/167 298/333/167
f 304/332/168 287/310/168 286/309/168
f 286/309/168 303/331/168 304/332/168
f 303/331/169 286/309/169 283/306/169
f 283/306/169 299/326/169 303/331/169
f 302/330/170 285/308/170 281/304/170
f 281/304/170 296/322/170 302/330/170
f 291/317/171 276/299/171 275/298/171
f 275/298/171 288/312/171 291/317/171
f 293/319/172 278/301/172 284/307/172
f 284/307/172 300/328/172 293/319/172
f 299/326/173 283/306/173 277/300/173
f 277/300/173 290/316/173 299/326/173
f 289/313/174 274/297/174 282/305/174
f 282/305/174 298/324/174 289/313/174
f 296/322/175 281/304/175 280/303/175
f 280/303/175 297/323/175 296/322/175
f 292/318/176 279/302/176 278/301/176
f 278/301/176 293/319/176 292/318/176
f 290/316/177 277/300/177 276/299/177
f 276/299/177 291/317/177 290/316/177
f 288/312/178 275/298/178 274/297/178
f 274/297/178 289/313/178 288/312/178
f 251/268/179 295/335/179 294/336/179
f 294/336/179 266/285/179 251/268/179
f 266/285/180 294/336/180 301/337/180
f 301/337/180 267/286/180 266/285/180
f 250/267/181 273/296/181 295/335/181
f 295/335/181 251/268/181 250/267/181
f 305/338/182 269/288/182 253/270/182
f 253/270/182 252/269/182 305/338/182
f 307/342/183 263/339/183 262/340/183
f 262/340/183 306/341/183 307/342/183
f 309/345/184 257/343/184 256/278/184
f 256/278/184 308/344/184 309/345/184
f 310/346/185 259/277/185 269/288/185
f 269/288/185 305/338/185 310/346/185
f 306/341/186 262/340/186 271/347/186
f 271/347/186 311/348/186 306/341/186
f 308/344/187 256/278/187 259/277/187
f 259/277/187 310/346/187 308/344/187
f 312/349/188 307/342/188 306/341/188
f 306/341/188 163/180/188 312/349/188
f 174/191/189 309/345/189 308/344/189
f 308/344/189 175/192/189 174/191/189
f 188/205/190 305/338/190 252/269/190
f 252/269/190 217/234/190 188/205/190
f 182/199/191 310/346/191 305/338/191
f 305/338/191 188/205/191 182/199/191
f 163/180/192 306/341/192 311/348/192
f 311/348/192 164/181/192 163/180/192
f 175/192/193 308/344/193 310/346/193
f 310/346/193 182/199/193 175/192/193
f 313/350/194 312/349/194 163/180/194
f 163/180/194 166/183/194 313/350/194
f 315/352/195 314/351/195 243/260/195
f 243/260/195 244/261/195 315/352/195
f 319/356/196 316/353/196 317/354/196
f 317/354/196 318/355/196 319/356/196
f 323/360/197 320/357/197 321/358/197
f 321/358/197 322/359/197 323/360/197
f 327/364/198 324/361/198 325/362/198
f 325/362/198 326/363/198 327/364/198
f 331/368/199 328/365/199 329/366/199
f 329/366/199 330/367/199 331/368/199
f 324/361/200 331/368/200 330/367/200
f 330/367/200 325/362/200 324/361/200
f 335/372/201 332/369/201 333/370/201
f 333/370/201 334/371/201 335/372/201
f 339/376/202 336/373/202 337/374/202
f 337/374/202 338/375/202 339/376/202
f 343/380/203 340/377/203 341/378/203
f 341/378/203 342/379/203 343/380/203
f 340/377/204 344/381/204 345/382/204
f 345/382/204 341/378/204 340/377/204
f 344/381/205 346/383/205 347/384/205
f 347/384/205 345/382/205 344/381/205
f 351/388/206 348/385/206 349/386/206
f 349/386/206 350/387/206 351/388/206
f 347/384/207 346/383/207 352/389/207
f 352/389/207 353/390/207 347/384/207
f 357/394/208 354/391/208 355/392/208
f 355/392/208 356/393/208 357/394/208
f 361/398/209 358/395/209 359/396/209
f 359/396/209 360/397/209 361/398/209
f 358/395/210 362/399/210 363/400/210
f 363/400/210 359/396/210 358/395/210
f 365/402/211 361/398/211 360/397/211
f 360/397/211 364/401/211 365/402/211
f 369/406/212 366/403/212 367/404/212
f 367/404/212 368/405/212 369/406/212
f 373/410/213 370/407/213 371/408/213
f 371/408/213 372/409/213 373/410/213
f 377/414/214 374/411/214 375/412/214
f 375/412/214 376/413/214 377/414/214
f 381/418/215 378/415/215 379/416/215
f 379/416/215 380/417/215 381/418/215
f 378/415/216 382/419/216 383/420/216
f 383/420/216 379/416/216 378/415/216
f 382/419/217 384/421/217 385/422/217
f 385/422/217 383/420/217 382/419/217
f 385/422/218 384/421/218 386/423/218
f 386/423/218 387/424/218 385/422/218
f 156/173/219 145/162/219 388/425/219
f 388/425/219 389/426/219 156/173/219
f 393/430/220 390/427/220 391/428/220
f 391/428/220 392/429/220 393/430/220
f 392/429/221 391/428/221 394/431/221
f 394/431/221 395/432/221 392/429/221
f 389/426/222 388/425/222 396/433/222
f 396/433/222 397/434/222 389/426/222
f 395/432/223 394/431/223 398/435/223
f 398/435/223 399/436/223 395/432/223
f 401/438/220 393/430/220 392/429/220
f 392/429/220 400/437/220 401/438/220
f 146/163/224 156/173/224 389/426/224
f 389/426/224 402/439/224 146/163/224
f 404/441/223 395/432/223 399/436/223
f 399/436/223 403/440/223 404/441/223
f 402/439/225 389/426/225 397/434/225
f 397/434/225 405/442/225 402/439/225
f 400/437/221 392/429/221 395/432/221
f 395/432/221 404/441/221 400/437/221
f 407/444/226 400/437/226 404/441/226
f 404/441/226 406/443/226 407/444/226
f 409/446/227 402/439/227 405/442/227
f 405/442/227 408/445/227 409/446/227
f 406/443/228 404/441/228 403/440/228
f 403/440/228 410/447/228 406/443/228
f 411/448/229 401/438/229 400/437/229
f 400/437/229 407/444/229 411/448/229
f 147/164/230 146/163/230 402/439/230
f 402/439/230 409/446/230 147/164/230
f 415/452/231 412/449/231 413/450/231
f 413/450/231 414/451/231 415/452/231
f 419/456/232 416/453/232 417/454/232
f 417/454/232 418/455/232 419/456/232
f 421/460/233 420/457/233 416/458/233
f 416/458/233 419/459/233 421/460/233
f 414/451/234 413/450/234 420/457/234
f 420/457/234 421/460/234 414/451/234
f 425/464/235 422/461/235 423/462/235
f 423/462/235 424/463/235 425/464/235
f 424/463/236 423/462/236 426/465/236
f 426/465/236 427/466/236 424/463/236
f 427/466/237 426/465/237 428/467/237
f 428/467/237 429/468/237 427/466/237
f 431/470/238 430/469/238 422/461/238
f 422/461/238 425/464/238 431/470/238
f 435/474/239 432/471/239 433/472/239
f 433/472/239 434/473/239 435/474/239
f 439/478/240 436/475/240 437/476/240
f 437/476/240 438/477/240 439/478/240
f 443/482/241 440/479/241 441/480/241
f 441/480/241 442/481/241 443/482/241
f 447/486/242 444/483/242 445/484/242
f 445/484/242 446/485/242 447/486/242
f 451/490/243 448/487/243 449/488/243
f 449/488/243 450/489/243 451/490/243
f 455/494/244 452/491/244 453/492/244
f 453/492/244 454/493/244 455/494/244
f 459/498/195 456/495/195 457/496/195
f 457/496/195 458/497/195 459/498/195
f 458/497/127 457/496/127 460/499/127
f 460/499/127 461/500/127 458/497/127
f 461/500/125 460/499/125 462/501/125
f 462/501/125 463/502/125 461/500/125
f 467/506/245 464/503/245 465/504/245
f 465/504/245 466/505/245 467/506/245
f 466/505/91 465/504/91 468/507/91
f 468/507/91 469/508/91 466/505/91
f 221/238/246 470/509/246 471/510/246
f 471/510/246 467/506/246 221/238/246
f 475/514/247 472/511/247 473/512/247
f 473/512/247 474/513/247 475/514/247
f 472/511/248 476/515/248 477/516/248
f 477/516/248 473/512/248 472/511/248
f 470/509/249 475/514/249 474/513/249
f 474/513/249 471/510/249 470/509/249
f 476/515/250 12/517/250 478/518/250
f 478/518/250 477/516/250 476/515/250
f 482/522/251 479/519/251 480/520/251
f 480/520/251 481/521/251 482/522/251
f 484/524/252 483/523/252 479/519/252
f 479/519/252 482/522/252 484/524/252
f 481/521/253 480/520/253 485/525/253
f 485/525/253 478/526/253 481/521/253
f 486/528/254 13/527/254 12/517/254
f 12/517/254 476/515/254 486/528/254
f 143/160/255 487/529/255 475/514/255
f 475/514/255 470/509/255 143/160/255
f 488/530/256 486/528/256 476/515/256
f 476/515/256 472/511/256 488/530/256
f 487/529/247 488/530/247 472/511/247
f 472/511/247 475/514/247 487/529/247
f 144/161/246 143/160/246 470/509/246
f 470/509/246 221/238/246 144/161/246
f 442/481/257 441/480/257 436/475/257
f 436/475/257 439/478/257 442/481/257
f 446/485/258 445/484/258 432/471/258
f 432/471/258 435/474/258 446/485/258
f 354/391/252 451/490/252 450/489/252
f 450/489/252 355/392/252 354/391/252
f 348/385/206 455/494/206 454/493/206
f 454/493/206 349/386/206 348/385/206
f 314/351/195 459/498/195 458/497/195
f 458/497/195 243/260/195 314/351/195
f 243/260/127 458/497/127 461/500/127
f 461/500/127 237/254/127 243/260/127
f 237/254/125 461/500/125 463/502/125
f 463/502/125 238/255/125 237/254/125
f 221/238/245 467/506/245 466/505/245
f 466/505/245 167/184/245 221/238/245
f 167/184/91 466/505/91 469/508/91
f 469/508/91 168/185/91 167/184/91
f 16/16/259 482/522/259 481/521/259
f 481/521/259 11/11/259 16/16/259
f 15/15/5 484/524/5 482/522/5
f 482/522/5 16/16/5 15/15/5
f 11/11/260 481/521/260 478/526/260
f 478/526/260 12/12/260 11/11/260
f 492/534/261 489/531/261 490/532/261
f 490/532/261 491/533/261 492/534/261
f 494/538/262 493/535/262 489/536/262
f 489/536/262 492/537/262 494/538/262
f 491/533/263 490/532/263 495/539/263
f 495/539/263 496/540/263 491/533/263
f 500/544/264 497/541/264 498/542/264
f 498/542/264 499/543/264 500/544/264
f 499/543/265 498/542/265 501/545/265
f 501/545/265 502/546/265 499/543/265
f 502/546/266 501/545/266 503/547/266
f 503/547/266 504/548/266 502/546/266
f 506/550/267 505/549/267 497/541/267
f 497/541/267 500/544/267 506/550/267
f 508/552/268 507/551/268 493/535/268
f 493/535/268 494/538/268 508/552/268
f 480/520/269 509/553/269 63/554/269
f 63/554/269 485/525/269 480/520/269
f 483/523/270 510/555/270 511/556/270
f 511/556/270 479/519/270 483/523/270
f 479/519/271 511/556/271 509/553/271
f 509/553/271 480/520/271 479/519/271
f 465/504/272 512/557/272 513/558/272
f 513/558/272 468/507/272 465/504/272
f 464/503/273 155/172/273 512/557/273
f 512/557/273 465/504/273 464/503/273
f 460/499/274 514/559/274 515/560/274
f 515/560/274 462/501/274 460/499/274
f 457/496/275 516/561/275 514/559/275
f 514/559/275 460/499/275 457/496/275
f 456/495/276 517/562/276 516/561/276
f 516/561/276 457/496/276 456/495/276
f 452/491/277 518/563/277 519/564/277
f 519/564/277 453/492/277 452/491/277
f 448/487/278 520/565/278 521/566/278
f 521/566/278 449/488/278 448/487/278
f 523/568/279 522/567/279 444/483/279
f 444/483/279 447/486/279 523/568/279
f 525/570/280 524/569/280 440/479/280
f 440/479/280 443/482/280 525/570/280
f 467/506/281 471/510/281 526/571/281
f 526/571/281 464/503/281 467/506/281
f 474/513/282 473/512/282 527/572/282
f 527/572/282 528/573/282 474/513/282
f 473/512/248 477/516/248 529/574/248
f 529/574/248 527/572/248 473/512/248
f 471/510/249 474/513/249 528/573/249
f 528/573/249 526/571/249 471/510/249
f 477/516/283 478/518/283 485/575/283
f 485/575/283 529/574/283 477/516/283
f 453/492/277 519/564/277 510/555/277
f 510/555/277 483/523/277 453/492/277
f 349/386/284 454/493/284 484/524/284
f 484/524/284 15/15/284 349/386/284
f 454/493/285 453/492/285 483/523/285
f 483/523/285 484/524/285 454/493/285
f 346/383/286 4/4/286 3/3/286
f 3/3/286 352/389/286 346/383/286
f 23/23/287 4/4/287 346/383/287
f 346/383/287 344/381/287 23/23/287
f 28/28/288 23/23/288 344/381/288
f 344/381/288 340/377/288 28/28/288
f 33/33/289 28/28/289 340/377/289
f 340/377/289 343/380/289 33/33/289
f 43/43/290 42/42/290 336/373/290
f 336/373/290 339/376/290 43/43/290
f 53/53/291 52/52/291 332/369/291
f 332/369/291 335/372/291 53/53/291
f 138/153/292 137/152/292 320/357/292
f 320/357/292 323/360/292 138/153/292
f 326/363/293 325/362/293 98/107/293
f 98/107/293 124/138/293 326/363/293
f 330/367/294 329/366/294 118/131/294
f 118/131/294 95/104/294 330/367/294
f 325/362/295 330/367/295 95/104/295
f 95/104/295 98/107/295 325/362/295
f 350/387/284 349/386/284 15/15/284
f 15/15/284 18/18/284 350/387/284
f 449/488/296 521/566/296 518/563/296
f 518/563/296 452/491/296 449/488/296
f 355/392/297 450/489/297 455/494/297
f 455/494/297 348/385/297 355/392/297
f 450/489/298 449/488/298 452/491/298
f 452/491/298 455/494/298 450/489/298
f 384/421/299 347/384/299 353/390/299
f 353/390/299 386/423/299 384/421/299
f 345/382/300 347/384/300 384/421/300
f 384/421/300 382/419/300 345/382/300
f 341/378/301 345/382/301 382/419/301
f 382/419/301 378/415/301 341/378/301
f 342/379/302 341/378/302 378/415/302
f 378/415/302 381/418/302 342/379/302
f 338/375/303 337/374/303 374/411/303
f 374/411/303 377/414/303 338/375/303
f 334/371/304 333/370/304 370/407/304
f 370/407/304 373/410/304 334/371/304
f 322/359/305 321/358/305 366/403/305
f 366/403/305 369/406/305 322/359/305
f 356/393/306 355/392/306 348/385/306
f 348/385/306 351/388/306 356/393/306
f 360/397/307 359/396/307 331/368/307
f 331/368/307 324/361/307 360/397/307
f 359/396/308 363/400/308 328/365/308
f 328/365/308 331/368/308 359/396/308
f 364/401/309 360/397/309 324/361/309
f 324/361/309 327/364/309 364/401/309
f 531/577/310 530/576/310 520/565/310
f 520/565/310 448/487/310 531/577/310
f 533/579/311 532/578/311 451/490/311
f 451/490/311 354/391/311 533/579/311
f 532/578/312 531/577/312 448/487/312
f 448/487/312 451/490/312 532/578/312
f 535/581/313 534/580/313 361/398/313
f 361/398/313 365/402/313 535/581/313
f 537/583/314 536/582/314 362/399/314
f 362/399/314 358/395/314 537/583/314
f 534/580/315 537/583/315 358/395/315
f 358/395/315 361/398/315 534/580/315
f 538/584/316 533/579/316 354/391/316
f 354/391/316 357/394/316 538/584/316
f 368/405/317 367/404/317 316/353/317
f 316/353/317 319/356/317 368/405/317
f 372/409/318 371/408/318 48/48/318
f 48/48/318 51/51/318 372/409/318
f 376/413/319 375/412/319 38/38/319
f 38/38/319 41/41/319 376/413/319
f 380/417/320 379/416/320 27/27/320
f 27/27/320 32/32/320 380/417/320
f 379/416/321 383/420/321 22/22/321
f 22/22/321 27/27/321 379/416/321
f 383/420/322 385/422/322 5/5/322
f 5/5/322 22/22/322 383/420/322
f 5/5/286 385/422/286 387/424/286
f 387/424/286 6/6/286 5/5/286
f 507/551/323 523/568/323 447/486/323
f 447/486/323 493/535/323 507/551/323
f 505/549/324 431/470/324 425/464/324
f 425/464/324 497/541/324 505/549/324
f 501/545/325 427/466/325 429/468/325
f 429/468/325 503/547/325 501/545/325
f 498/542/326 424/463/326 427/466/326
f 427/466/326 501/545/326 498/542/326
f 497/541/327 425/464/327 424/463/327
f 424/463/327 498/542/327 497/541/327
f 490/586/328 435/474/328 434/473/328
f 434/473/328 495/585/328 490/586/328
f 493/535/329 447/486/329 446/485/329
f 446/485/329 489/536/329 493/535/329
f 489/536/330 446/485/330 435/474/330
f 435/474/330 490/586/330 489/536/330
f 524/590/331 508/587/331 494/588/331
f 494/588/331 440/589/331 524/590/331
f 441/592/332 492/534/332 491/533/332
f 491/533/332 436/591/332 441/592/332
f 440/589/333 494/588/333 492/534/333
f 492/534/333 441/592/333 440/589/333
f 436/591/334 491/533/334 496/540/334
f 496/540/334 437/593/334 436/591/334
f 413/450/335 500/544/335 499/543/335
f 499/543/335 420/457/335 413/450/335
f 420/457/336 499/543/336 502/546/336
f 502/546/336 416/458/336 420/457/336
f 416/458/337 502/546/337 504/548/337
f 504/548/337 417/594/337 416/458/337
f 412/449/338 506/550/338 500/544/338
f 500/544/338 413/450/338 412/449/338
f 542/598/339 539/595/339 540/596/339
f 540/596/339 541/597/339 542/598/339
f 544/602/340 543/599/340 539/600/340
f 539/600/340 542/601/340 544/602/340
f 541/597/341 540/596/341 545/603/341
f 545/603/341 546/604/341 541/597/341
f 548/606/342 547/605/342 536/582/342
f 536/582/342 537/583/342 548/606/342
f 546/604/343 545/603/343 549/607/343
f 549/607/343 550/608/343 546/604/343
f 545/603/344 495/539/344 434/609/344
f 434/609/344 549/607/344 545/603/344
f 547/605/345 433/472/345 538/584/345
f 538/584/345 536/582/345 547/605/345
f 540/596/346 496/540/346 495/539/346
f 495/539/346 545/603/346 540/596/346
f 543/599/347 438/477/347 437/476/347
f 437/476/347 539/600/347 543/599/347
f 437/593/348 496/540/348 540/596/348
f 437/593/348 540/596/348 539/595/348
f 536/582/349 538/584/349 357/394/349
f 357/394/349 362/399/349 536/582/349
f 363/400/350 356/393/350 351/388/350
f 351/388/350 328/365/350 363/400/350
f 329/366/351 350/387/351 18/18/351
f 18/18/351 118/131/351 329/366/351
f 394/431/352 240/257/352 239/256/352
f 239/256/352 398/435/352 394/431/352
f 388/425/353 170/187/353 169/186/353
f 169/186/353 396/433/353 388/425/353
f 391/428/354 244/261/354 240/257/354
f 240/257/354 394/431/354 391/428/354
f 390/427/355 315/352/355 244/261/355
f 244/261/355 391/428/355 390/427/355
f 145/162/356 144/161/356 170/187/356
f 170/187/356 388/425/356 145/162/356
f 362/399/357 357/394/357 356/393/357
f 356/393/357 363/400/357 362/399/357
f 328/365/358 351/388/358 350/387/358
f 350/387/358 329/366/358 328/365/358
f 156/173/359 104/113/359 117/128/359
f 117/128/359 145/162/359 156/173/359
f 118/131/360 18/18/360 17/17/360
f 17/17/360 113/124/360 118/131/360
f 115/129/361 13/527/361 486/528/361
f 486/528/361 111/122/361 115/129/361
f 116/127/362 487/529/362 143/160/362
f 143/160/362 117/128/362 116/127/362
f 112/123/363 488/530/363 487/529/363
f 487/529/363 116/127/363 112/123/363
f 114/125/364 14/14/364 13/13/364
f 13/13/364 115/126/364 114/125/364
f 113/124/365 17/17/365 14/14/365
f 14/14/365 114/125/365 113/124/365
f 111/122/366 486/528/366 488/530/366
f 488/530/366 112/123/366 111/122/366
f 552/611/367 542/598/367 541/597/367
f 541/597/367 551/610/367 552/611/367
f 551/610/368 541/597/368 546/604/368
f 546/604/368 553/612/368 551/610/368
f 554/613/369 548/606/369 537/583/369
f 537/583/369 534/580/369 554/613/369
f 553/612/370 546/604/370 550/608/370
f 550/608/370 555/614/370 553/612/370
f 556/616/371 544/602/371 542/601/371
f 542/601/371 552/615/371 556/616/371
f 551/610/372 557/617/372 558/618/372
f 552/611/372 551/610/372 558/618/372
f 557/617/373 551/610/373 553/612/373
f 553/612/373 559/619/373 557/617/373
f 559/619/374 553/612/374 555/614/374
f 555/614/374 560/620/374 559/619/374
f 561/621/375 554/613/375 534/580/375
f 534/580/375 535/581/375 561/621/375
f 562/623/376 556/616/376 552/615/376
f 552/615/376 558/622/376 562/623/376
f 564/625/377 406/443/377 410/447/377
f 410/447/377 563/624/377 564/625/377
f 566/627/378 365/402/378 364/401/378
f 364/401/378 565/626/378 566/627/378
f 568/629/379 121/135/379 120/133/379
f 120/133/379 567/628/379 568/629/379
f 570/631/380 327/364/380 326/363/380
f 326/363/380 569/630/380 570/631/380
f 572/633/381 147/164/381 409/446/381
f 409/446/381 571/632/381 572/633/381
f 574/635/382 411/448/382 407/444/382
f 407/444/382 573/634/382 574/635/382
f 576/637/383 124/138/383 123/137/383
f 123/137/383 575/636/383 576/637/383
f 569/630/384 326/363/384 124/138/384
f 124/138/384 576/637/384 569/630/384
f 567/628/385 120/133/385 119/132/385
f 119/132/385 577/638/385 567/628/385
f 571/632/386 409/446/386 408/445/386
f 408/445/386 578/639/386 571/632/386
f 577/638/387 119/132/387 125/139/387
f 125/139/387 579/640/387 577/638/387
f 565/626/388 364/401/388 327/364/388
f 327/364/388 570/631/388 565/626/388
f 579/640/389 125/139/389 147/164/389
f 147/164/389 572/633/389 579/640/389
f 581/642/390 562/623/390 558/622/390
f 558/622/390 580/641/390 581/642/390
f 575/636/391 123/137/391 126/141/391
f 126/141/391 582/643/391 575/636/391
f 584/647/392 557/644/392 559/645/392
f 559/645/392 583/646/392 584/647/392
f 585/648/393 535/581/393 365/402/393
f 365/402/393 566/627/393 585/648/393
f 586/649/394 561/621/394 535/581/394
f 535/581/394 585/648/394 586/649/394
f 560/620/395 587/650/395 583/651/395
f 559/619/395 560/620/395 583/651/395
f 582/643/396 126/141/396 122/140/396
f 122/140/396 588/652/396 582/643/396
f 573/634/397 407/444/397 406/443/397
f 406/443/397 564/625/397 573/634/397
f 580/654/398 558/618/398 557/617/398
f 557/617/398 584/653/398 580/654/398
f 588/655/399 122/136/399 121/135/399
f 121/135/399 568/629/399 588/655/399
f 590/657/381 572/633/381 571/632/381
f 571/632/381 589/656/381 590/657/381
f 591/658/389 579/640/389 572/633/389
f 572/633/389 590/657/389 591/658/389
f 593/660/400 586/649/400 585/648/400
f 585/648/400 592/659/400 593/660/400
f 595/662/401 575/636/401 582/643/401
f 582/643/401 594/661/401 595/662/401
f 596/663/402 576/637/402 575/636/402
f 575/636/402 595/662/402 596/663/402
f 597/664/403 569/630/403 576/637/403
f 576/637/403 596/663/403 597/664/403
f 592/659/404 585/648/404 566/627/404
f 566/627/404 598/665/404 592/659/404
f 599/666/405 570/631/405 569/630/405
f 569/630/405 597/664/405 599/666/405
f 600/667/406 565/626/406 570/631/406
f 570/631/406 599/666/406 600/667/406
f 594/661/407 582/643/407 588/652/407
f 588/652/407 601/668/407 594/661/407
f 598/665/408 566/627/408 565/626/408
f 565/626/408 600/667/408 598/665/408
f 603/670/409 573/634/409 564/625/409
f 564/625/409 602/669/409 603/670/409
f 601/672/410 588/655/410 568/629/410
f 568/629/410 604/671/410 601/672/410
f 606/674/411 581/642/411 580/641/411
f 580/641/411 605/673/411 606/674/411
f 564/625/412 563/624/412 607/675/412
f 564/625/412 607/675/412 602/669/412
f 604/671/413 568/629/413 567/628/413
f 567/628/413 608/676/413 604/671/413
f 610/678/414 584/647/414 583/646/414
f 583/646/414 609/677/414 610/678/414
f 611/679/382 574/635/382 573/634/382
f 573/634/382 603/670/382 611/679/382
f 608/676/415 567/628/415 577/638/415
f 577/638/415 612/680/415 608/676/415
f 609/677/416 583/646/416 587/681/416
f 587/681/416 613/682/416 609/677/416
f 589/656/386 571/632/386 578/639/386
f 578/639/386 614/683/386 589/656/386
f 612/680/417 577/638/417 579/640/417
f 579/640/417 591/658/417 612/680/417
f 605/685/418 580/654/418 584/653/418
f 584/653/418 610/684/418 605/685/418
f 616/687/419 595/662/419 594/661/419
f 594/661/419 615/686/419 616/687/419
f 617/688/420 596/663/420 595/662/420
f 595/662/420 616/687/420 617/688/420
f 618/689/421 597/664/421 596/663/421
f 596/663/421 617/688/421 618/689/421
f 620/691/422 592/659/422 598/665/422
f 598/665/422 619/690/422 620/691/422
f 621/692/423 599/666/423 597/664/423
f 597/664/423 618/689/423 621/692/423
f 622/693/424 600/667/424 599/666/424
f 599/666/424 621/692/424 622/693/424
f 615/686/425 594/661/425 601/668/425
f 601/668/425 623/694/425 615/686/425
f 619/690/426 598/665/426 600/667/426
f 600/667/426 622/693/426 619/690/426
f 625/696/427 603/670/427 602/669/427
f 602/669/427 624/695/427 625/696/427
f 623/698/428 601/672/428 604/671/428
f 604/671/428 626/697/428 623/698/428
f 628/700/429 606/674/429 605/673/429
f 605/673/429 627/699/429 628/700/429
f 624/695/430 602/669/430 607/675/430
f 607/675/430 629/701/430 624/695/430
f 626/697/431 604/671/431 608/676/431
f 608/676/431 630/702/431 626/697/431
f 632/704/432 610/678/432 609/677/432
f 609/677/432 631/703/432 632/704/432
f 633/705/433 611/679/433 603/670/433
f 603/670/433 625/696/433 633/705/433
f 630/702/434 608/676/434 612/680/434
f 612/680/434 634/706/434 630/702/434
f 631/703/435 609/677/435 613/682/435
f 613/682/435 635/707/435 631/703/435
f 637/709/436 589/656/436 614/683/436
f 614/683/436 636/708/436 637/709/436
f 634/706/437 612/680/437 591/658/437
f 591/658/437 638/710/437 634/706/437
f 627/712/438 605/685/438 610/684/438
f 610/684/438 632/711/438 627/712/438
f 639/713/439 590/657/439 589/656/439
f 589/656/439 637/709/439 639/713/439
f 638/710/440 591/658/440 590/657/440
f 590/657/440 639/713/440 638/710/440
f 640/714/441 593/660/441 592/659/441
f 592/659/441 620/691/441 640/714/441
f 642/716/442 640/714/442 620/691/442
f 620/691/442 641/715/442 642/716/442
f 644/718/443 616/687/443 615/686/443
f 615/686/443 643/717/443 644/718/443
f 645/719/444 617/688/444 616/687/444
f 616/687/444 644/718/444 645/719/444
f 646/720/445 618/689/445 617/688/445
f 617/688/445 645/719/445 646/720/445
f 641/715/446 620/691/446 619/690/446
f 619/690/446 647/721/446 641/715/446
f 648/722/447 621/692/447 618/689/447
f 618/689/447 646/720/447 648/722/447
f 649/723/448 622/693/448 621/692/448
f 621/692/448 648/722/448 649/723/448
f 643/717/449 615/686/449 623/694/449
f 623/694/449 650/724/449 643/717/449
f 647/721/450 619/690/450 622/693/450
f 622/693/450 649/723/450 647/721/450
f 652/726/451 625/696/451 624/695/451
f 624/695/451 651/725/451 652/726/451
f 650/728/452 623/698/452 626/697/452
f 626/697/452 653/727/452 650/728/452
f 655/730/453 628/700/453 627/699/453
f 627/699/453 654/729/453 655/730/453
f 651/725/454 624/695/454 629/701/454
f 629/701/454 656/731/454 651/725/454
f 653/727/455 626/697/455 630/702/455
f 630/702/455 657/732/455 653/727/455
f 659/734/456 632/704/456 631/703/456
f 631/703/456 658/733/456 659/734/456
f 660/735/457 633/705/457 625/696/457
f 625/696/457 652/726/457 660/735/457
f 657/732/458 630/702/458 634/706/458
f 634/706/458 661/736/458 657/732/458
f 658/733/459 631/703/459 635/707/459
f 635/707/459 662/737/459 658/733/459
f 664/739/460 637/709/460 636/708/460
f 636/708/460 663/738/460 664/739/460
f 661/736/461 634/706/461 638/710/461
f 638/710/461 665/740/461 661/736/461
f 654/742/462 627/712/462 632/711/462
f 632/711/462 659/741/462 654/742/462
f 666/743/463 639/713/463 637/709/463
f 637/709/463 664/739/463 666/743/463
f 665/740/464 638/710/464 639/713/464
f 639/713/464 666/743/464 665/740/464
f 668/745/465 660/735/465 652/726/465
f 652/726/465 667/744/465 668/745/465
f 670/747/466 657/732/466 661/736/466
f 661/736/466 669/746/466 670/747/466
f 672/749/467 658/733/467 662/737/467
f 662/737/467 671/748/467 672/749/467
f 674/751/468 664/739/468 663/738/468
f 663/738/468 673/750/468 674/751/468
f 669/746/469 661/736/469 665/740/469
f 665/740/469 675/752/469 669/746/469
f 677/754/470 654/742/470 659/741/470
f 659/741/470 676/753/470 677/754/470
f 678/755/471 666/743/471 664/739/471
f 664/739/471 674/751/471 678/755/471
f 675/752/472 665/740/472 666/743/472
f 666/743/472 678/755/472 675/752/472
f 680/757/473 642/716/473 641/715/473
f 641/715/473 679/756/473 680/757/473
f 682/759/474 644/718/474 643/717/474
f 643/717/474 681/758/474 682/759/474
f 683/760/475 645/719/475 644/718/475
f 644/718/475 682/759/475 683/760/475
f 684/761/476 646/720/476 645/719/476
f 645/719/476 683/760/476 684/761/476
f 679/756/477 641/715/477 647/721/477
f 647/721/477 685/762/477 679/756/477
f 686/763/478 648/722/478 646/720/478
f 646/720/478 684/761/478 686/763/478
f 687/764/479 649/723/479 648/722/479
f 648/722/479 686/763/479 687/764/479
f 681/758/480 643/717/480 650/724/480
f 650/724/480 688/765/480 681/758/480
f 685/762/481 647/721/481 649/723/481
f 649/723/481 687/764/481 685/762/481
f 667/744/482 652/726/482 651/725/482
f 651/725/482 689/766/482 667/744/482
f 688/768/483 650/728/483 653/727/483
f 653/727/483 690/767/483 688/768/483
f 691/770/484 655/730/484 654/729/484
f 654/729/484 677/769/484 691/770/484
f 689/766/485 651/725/485 656/731/485
f 656/731/485 692/771/485 689/766/485
f 690/767/486 653/727/486 657/732/486
f 657/732/486 670/747/486 690/767/486
f 676/772/487 659/734/487 658/733/487
f 658/733/487 672/749/487 676/772/487
f 694/774/488 681/758/488 688/765/488
f 688/765/488 693/773/488 694/774/488
f 696/776/489 685/762/489 687/764/489
f 687/764/489 695/775/489 696/776/489
f 698/778/490 667/744/490 689/766/490
f 689/766/490 697/777/490 698/778/490
f 693/780/491 688/768/491 690/767/491
f 690/767/491 699/779/491 693/780/491
f 701/782/492 691/770/492 677/769/492
f 677/769/492 700/781/492 701/782/492
f 697/777/493 689/766/493 692/771/493
f 692/771/493 702/783/493 697/777/493
f 699/779/494 690/767/494 670/747/494
f 670/747/494 703/784/494 699/779/494
f 705/786/495 676/772/495 672/749/495
f 672/749/495 704/785/495 705/786/495
f 706/787/496 668/745/496 667/744/496
f 667/744/496 698/778/496 706/787/496
f 703/784/497 670/747/497 669/746/497
f 669/746/497 707/788/497 703/784/497
f 704/785/498 672/749/498 671/748/498
f 671/748/498 708/789/498 704/785/498
f 710/791/499 674/751/499 673/750/499
f 673/750/499 709/790/499 710/791/499
f 707/788/500 669/746/500 675/752/500
f 675/752/500 711/792/500 707/788/500
f 700/794/501 677/754/501 676/753/501
f 676/753/501 705/793/501 700/794/501
f 712/795/502 678/755/502 674/751/502
f 674/751/502 710/791/502 712/795/502
f 711/792/503 675/752/503 678/755/503
f 678/755/503 712/795/503 711/792/503
f 714/797/504 680/757/504 679/756/504
f 679/756/504 713/796/504 714/797/504
f 715/798/505 682/759/505 681/758/505
f 681/758/505 694/774/505 715/798/505
f 716/799/506 683/760/506 682/759/506
f 682/759/506 715/798/506 716/799/506
f 717/800/507 684/761/507 683/760/507
f 683/760/507 716/799/507 717/800/507
f 713/796/508 679/756/508 685/762/508
f 685/762/508 696/776/508 713/796/508
f 718/801/509 686/763/509 684/761/509
f 684/761/509 717/800/509 718/801/509
f 695/775/510 687/764/510 686/763/510
f 686/763/510 718/801/510 695/775/510
f 720/803/511 711/792/511 712/795/511
f 712/795/511 719/802/511 720/803/511
f 722/805/512 714/797/512 713/796/512
f 713/796/512 721/804/512 722/805/512
f 724/807/513 715/798/513 694/774/513
f 694/774/513 723/806/513 724/807/513
f 725/808/514 716/799/514 715/798/514
f 715/798/514 724/807/514 725/808/514
f 726/809/515 717/800/515 716/799/515
f 716/799/515 725/808/515 726/809/515
f 721/804/516 713/796/516 696/776/516
f 696/776/516 727/810/516 721/804/516
f 728/811/517 718/801/517 717/800/517
f 717/800/517 726/809/517 728/811/517
f 729/812/518 695/775/518 718/801/518
f 718/801/518 728/811/518 729/812/518
f 723/806/519 694/774/519 693/773/519
f 693/773/519 730/813/519 723/806/519
f 727/810/520 696/776/520 695/775/520
f 695/775/520 729/812/520 727/810/520
f 732/815/521 698/778/521 697/777/521
f 697/777/521 731/814/521 732/815/521
f 730/813/522 693/773/522 699/816/522
f 699/816/522 733/817/522 730/813/522
f 735/819/523 701/782/523 700/781/523
f 700/781/523 734/818/523 735/819/523
f 731/814/524 697/777/524 702/783/524
f 702/783/524 736/820/524 731/814/524
f 733/822/525 699/779/525 703/784/525
f 703/784/525 737/821/525 733/822/525
f 739/824/526 705/786/526 704/785/526
f 704/785/526 738/823/526 739/824/526
f 740/825/527 706/787/527 698/778/527
f 698/778/527 732/815/527 740/825/527
f 737/821/528 703/784/528 707/788/528
f 707/788/528 741/826/528 737/821/528
f 738/823/529 704/785/529 708/789/529
f 708/789/529 742/827/529 738/823/529
f 744/829/530 710/791/530 709/790/530
f 709/790/530 743/828/530 744/829/530
f 741/826/531 707/788/531 711/792/531
f 711/792/531 720/803/531 741/826/531
f 734/831/532 700/794/532 705/793/532
f 705/793/532 739/830/532 734/831/532
f 719/802/533 712/795/533 710/791/533
f 710/791/533 744/829/533 719/802/533
f 748/835/534 745/832/534 746/833/534
f 746/833/534 747/834/534 748/835/534
f 749/836/535 750/837/535 751/838/535
f 755/842/536 752/839/536 753/840/536
f 753/840/536 754/841/536 755/842/536
f 747/844/537 746/843/537 752/839/537
f 752/839/537 755/842/537 747/844/537
f 754/841/538 753/840/538 749/836/538
f 749/836/538 751/838/538 754/841/538
f 753/848/539 756/845/539 757/846/539
f 757/846/539 749/847/539 753/848/539
f 746/833/540 758/849/540 759/850/540
f 759/850/540 752/851/540 746/833/540
f 752/851/541 759/850/541 756/845/541
f 756/845/541 753/848/541 752/851/541
f 749/847/542 757/846/542 760/852/542
f 760/852/542 750/853/542 749/847/542
f 745/832/543 761/854/543 758/849/543
f 758/849/543 746/833/543 745/832/543
f 375/412/544 762/855/544 763/856/544
f 763/856/544 38/38/544 375/412/544
f 337/374/545 764/857/545 765/858/545
f 765/858/545 374/411/545 337/374/545
f 42/42/546 766/859/546 767/860/546
f 767/860/546 336/373/546 42/42/546
f 374/411/547 765/858/547 762/855/547
f 762/855/547 375/412/547 374/411/547
f 336/373/548 767/860/548 764/857/548
f 764/857/548 337/374/548 336/373/548
f 769/862/549 768/861/549 232/249/549
f 232/249/549 246/263/549 769/862/549
f 768/861/550 770/863/550 200/217/550
f 200/217/550 232/249/550 768/861/550
f 770/863/551 771/864/551 197/214/551
f 197/214/551 200/217/551 770/863/551
f 773/866/552 772/865/552 172/189/552
f 172/189/552 185/202/552 773/866/552
f 772/865/553 774/867/553 158/175/553
f 158/175/553 172/189/553 772/865/553
f 774/867/554 775/868/554 82/91/554
f 82/91/554 158/175/554 774/867/554
f 777/870/555 776/869/555 90/99/555
f 90/99/555 79/88/555 777/870/555
f 776/869/556 778/871/556 55/57/556
f 55/57/556 90/99/556 776/869/556
f 775/868/557 777/870/557 79/88/557
f 79/88/557 82/91/557 775/868/557
f 778/871/558 779/872/558 34/54/558
f 34/54/558 55/57/558 778/871/558
f 35/35/559 780/873/559 766/859/559
f 766/859/559 42/42/559 35/35/559
f 38/38/560 763/856/560 781/874/560
f 781/874/560 39/39/560 38/38/560
f 34/34/561 779/875/561 780/873/561
f 780/873/561 35/35/561 34/34/561
f 779/875/562 30/30/562 29/29/562
f 29/29/562 780/873/562 779/875/562
f 763/856/563 32/32/563 31/31/563
f 31/31/563 781/874/563 763/856/563
f 780/873/564 29/29/564 33/33/564
f 33/33/564 766/859/564 780/873/564
f 62/71/565 30/70/565 779/872/565
f 779/872/565 778/871/565 62/71/565
f 71/80/566 70/79/566 777/870/566
f 777/870/566 775/868/566 71/80/566
f 92/101/567 62/71/567 778/871/567
f 778/871/567 776/869/567 92/101/567
f 70/79/568 92/101/568 776/869/568
f 776/869/568 777/870/568 70/79/568
f 154/171/569 71/80/569 775/868/569
f 775/868/569 774/867/569 154/171/569
f 161/178/570 154/171/570 774/867/570
f 774/867/570 772/865/570 161/178/570
f 196/213/571 161/178/571 772/865/571
f 772/865/571 773/866/571 196/213/571
f 220/237/572 219/236/572 771/864/572
f 771/864/572 770/863/572 220/237/572
f 230/247/573 220/237/573 770/863/573
f 770/863/573 768/861/573 230/247/573
f 241/258/574 230/247/574 768/861/574
f 768/861/574 769/862/574 241/258/574
f 767/860/575 343/380/575 342/379/575
f 342/379/575 764/857/575 767/860/575
f 765/858/576 381/418/576 380/417/576
f 380/417/576 762/855/576 765/858/576
f 766/859/577 33/33/577 343/380/577
f 343/380/577 767/860/577 766/859/577
f 764/857/578 342/379/578 381/418/578
f 381/418/578 765/858/578 764/857/578
f 762/855/579 380/417/579 32/32/579
f 32/32/579 763/856/579 762/855/579
f 761/854/580 430/469/580 431/470/580
f 431/470/580 758/849/580 761/854/580
f 757/846/581 412/449/581 415/452/581
f 415/452/581 760/852/581 757/846/581
f 759/850/582 505/549/582 506/550/582
f 506/550/582 756/845/582 759/850/582
f 758/849/583 431/470/583 505/549/583
f 505/549/583 759/850/583 758/849/583
f 756/845/584 506/550/584 412/449/584
f 412/449/584 757/846/584 756/845/584
f 781/874/585 31/31/585 430/469/585
f 430/469/585 761/854/585 781/874/585
f 39/39/586 781/874/586 761/854/586
f 761/854/586 745/832/586 39/39/586
f 40/40/587 39/39/587 745/832/587
f 745/832/587 748/835/587 40/40/587
f 742/827/588 708/789/588 714/797/588
f 714/797/588 722/805/588 742/827/588
f 708/789/589 671/748/589 680/757/589
f 680/757/589 714/797/589 708/789/589
f 671/748/590 662/737/590 642/716/590
f 642/716/590 680/757/590 671/748/590
f 662/737/591 635/707/591 640/714/591
f 640/714/591 642/716/591 662/737/591
f 635/707/592 613/682/592 593/660/592
f 593/660/592 640/714/592 635/707/592
f 613/682/593 587/681/593 586/649/593
f 586/649/593 593/660/593 613/682/593
f 587/681/594 560/876/594 561/621/594
f 561/621/594 586/649/594 587/681/594
f 560/876/595 555/877/595 554/613/595
f 554/613/595 561/621/595 560/876/595
f 555/877/596 550/878/596 548/606/596
f 548/606/596 554/613/596 555/877/596
f 549/879/597 434/473/597 433/472/597
f 433/472/597 547/605/597 549/879/597
f 550/878/598 549/879/598 547/605/598
f 547/605/598 548/606/598 550/878/598
f 522/567/599 530/576/599 531/577/599
f 531/577/599 444/483/599 522/567/599
f 445/484/600 532/578/600 533/579/600
f 533/579/600 432/471/600 445/484/600
f 444/483/601 531/577/601 532/578/601
f 532/578/601 445/484/601 444/483/601
f 432/471/602 533/579/602 538/584/602
f 538/584/602 433/472/602 432/471/602
f 430/469/603 31/31/603 26/26/603
f 26/26/603 422/461/603 430/469/603
f 426/465/604 8/8/604 7/7/604
f 7/7/604 428/467/604 426/465/604
f 423/462/605 21/21/605 8/8/605
f 8/8/605 426/465/605 423/462/605
f 422/461/606 26/26/606 21/21/606
f 21/21/606 423/462/606 422/461/606
f 785/883/607 782/880/607 783/881/607
f 783/881/607 784/882/607 785/883/607
f 789/887/608 786/884/608 787/885/608
f 787/885/608 788/886/608 789/887/608
f 784/882/609 783/881/609 786/884/609
f 786/884/609 789/887/609 784/882/609
f 793/891/610 790/888/610 791/889/610
f 791/889/610 792/890/610 793/891/610
f 788/893/611 787/892/611 790/888/611
f 790/888/611 793/891/611 788/893/611
f 50/50/612 49/49/612 782/894/612
f 782/894/612 785/895/612 50/50/612
f 49/49/613 40/40/613 748/835/613
f 748/835/613 782/894/613 49/49/613
f 787/897/614 754/841/614 751/838/614
f 751/838/614 790/896/614 787/897/614
f 751/838/615 750/837/615 791/898/615
f 751/838/615 791/898/615 790/896/615
f 783/881/616 747/899/616 755/900/616
f 755/900/616 786/884/616 783/881/616
f 786/884/617 755/900/617 754/901/617
f 754/901/617 787/885/617 786/884/617
f 782/880/618 748/902/618 747/899/618
f 747/899/618 783/881/618 782/880/618
f 371/408/619 376/413/619 41/41/619
f 41/41/619 48/48/619 371/408/619
f 333/370/620 338/375/620 377/414/620
f 377/414/620 370/407/620 333/370/620
f 52/52/621 43/43/621 339/376/621
f 339/376/621 332/369/621 52/52/621
f 370/407/622 377/414/622 376/413/622
f 376/413/622 371/408/622 370/407/622
f 332/369/623 339/376/623 338/375/623
f 338/375/623 333/370/623 332/369/623
f 245/262/624 231/248/624 223/240/624
f 223/240/624 249/266/624 245/262/624
f 231/248/625 199/216/625 208/225/625
f 208/225/625 223/240/625 231/248/625
f 199/216/626 198/215/626 205/222/626
f 205/222/626 208/225/626 199/216/626
f 184/201/627 171/188/627 179/196/627
f 179/196/627 191/208/627 184/201/627
f 171/188/628 157/174/628 142/159/628
f 142/159/628 179/196/628 171/188/628
f 157/174/629 81/90/629 68/77/629
f 68/77/629 142/159/629 157/174/629
f 80/89/630 89/98/630 94/103/630
f 94/103/630 65/74/630 80/89/630
f 89/98/631 54/56/631 59/65/631
f 59/65/631 94/103/631 89/98/631
f 81/90/632 80/89/632 65/74/632
f 65/74/632 68/77/632 81/90/632
f 54/56/633 37/55/633 44/62/633
f 44/62/633 59/65/633 54/56/633
f 45/45/634 36/36/634 43/43/634
f 43/43/634 52/52/634 45/45/634
f 48/48/635 41/41/635 40/40/635
f 40/40/635 49/49/635 48/48/635
f 44/44/636 37/37/636 36/36/636
f 36/36/636 45/45/636 44/44/636
f 318/355/637 317/354/637 794/903/637
f 794/903/637 795/904/637 318/355/637
f 799/908/638 796/905/638 797/906/638
f 797/906/638 798/907/638 799/908/638
f 801/910/639 800/909/639 796/905/639
f 796/905/639 799/908/639 801/910/639
f 795/904/640 794/903/640 800/911/640
f 800/911/640 801/912/640 795/904/640
f 805/916/641 802/913/641 803/914/641
f 803/914/641 804/915/641 805/916/641
f 798/918/642 797/917/642 802/913/642
f 802/913/642 805/916/642 798/918/642
f 797/917/643 788/893/643 793/891/643
f 793/891/643 802/913/643 797/917/643
f 802/913/644 793/891/644 792/890/644
f 792/890/644 803/914/644 802/913/644
f 794/903/645 785/895/645 784/919/645
f 784/919/645 800/911/645 794/903/645
f 800/909/646 784/882/646 789/887/646
f 789/887/646 796/905/646 800/909/646
f 796/905/647 789/887/647 788/886/647
f 788/886/647 797/906/647 796/905/647
f 317/354/648 50/50/648 785/895/648
f 785/895/648 794/903/648 317/354/648
f 367/404/649 372/409/649 51/51/649
f 51/51/649 316/353/649 367/404/649
f 321/358/650 334/371/650 373/410/650
f 373/410/650 366/403/650 321/358/650
f 137/152/651 53/53/651 335/372/651
f 335/372/651 320/357/651 137/152/651
f 366/403/652 373/410/652 372/409/652
f 372/409/652 367/404/652 366/403/652
f 320/357/653 335/372/653 334/371/653
f 334/371/653 321/358/653 320/357/653
f 316/353/654 51/51/654 50/50/654
f 50/50/654 317/354/654 316/353/654
f 248/265/655 222/239/655 227/244/655
f 227/244/655 234/251/655 248/265/655
f 222/239/656 207/224/656 214/231/656
f 214/231/656 227/244/656 222/239/656
f 207/224/657 206/223/657 211/228/657
f 211/228/657 214/231/657 207/224/657
f 190/207/658 178/195/658 181/198/658
f 181/198/658 194/211/658 190/207/658
f 178/195/659 141/158/659 151/168/659
f 151/168/659 181/198/659 178/195/659
f 141/158/660 67/76/660 139/156/660
f 139/156/660 151/168/660 141/158/660
f 139/156/661 67/76/661 66/75/661
f 66/75/661 127/142/661 139/156/661
f 131/146/662 58/64/662 47/63/662
f 47/63/662 133/920/662 131/146/662
f 134/149/663 46/46/663 53/53/663
f 53/53/663 137/152/663 134/149/663
f 133/148/664 47/47/664 46/46/664
f 46/46/664 134/149/664 133/148/664
f 128/143/665 93/102/665 58/64/665
f 58/64/665 131/146/665 128/143/665
f 127/142/666 66/75/666 93/102/666
f 93/102/666 128/143/666 127/142/666
f 284/307/667 138/153/667 323/360/667
f 323/360/667 806/921/667 284/307/667
f 808/923/668 369/406/668 368/405/668
f 368/405/668 807/922/668 808/923/668
f 810/925/669 319/356/669 318/355/669
f 318/355/669 809/924/669 810/925/669
f 812/927/670 799/908/670 798/907/670
f 798/907/670 811/926/670 812/927/670
f 814/929/671 805/916/671 804/915/671
f 804/915/671 813/928/671 814/929/671
f 809/924/672 318/355/672 795/904/672
f 795/904/672 815/930/672 809/924/672
f 816/931/673 801/910/673 799/908/673
f 799/908/673 812/927/673 816/931/673
f 815/930/674 795/904/674 801/912/674
f 801/912/674 816/932/674 815/930/674
f 807/936/675 368/933/675 319/934/675
f 319/934/675 810/935/675 807/936/675
f 806/921/676 323/360/676 322/359/676
f 322/359/676 817/937/676 806/921/676
f 811/938/677 798/918/677 805/916/677
f 805/916/677 814/929/677 811/938/677
f 817/937/678 322/359/678 369/406/678
f 369/406/678 808/923/678 817/937/678
f 819/940/679 814/929/679 813/928/679
f 813/928/679 818/939/679 819/940/679
f 821/942/680 816/931/680 812/927/680
f 812/927/680 820/941/680 821/942/680
f 823/944/681 806/921/681 817/937/681
f 817/937/681 822/943/681 823/944/681
f 824/948/682 815/945/682 816/946/682
f 816/946/682 821/947/682 824/948/682
f 300/328/683 284/307/683 806/921/683
f 806/921/683 823/944/683 300/328/683
f 825/951/684 811/926/684 814/949/684
f 814/949/684 819/950/684 825/951/684
f 827/953/685 808/923/685 807/922/685
f 807/922/685 826/952/685 827/953/685
f 828/955/686 809/924/686 815/930/686
f 815/930/686 824/954/686 828/955/686
f 822/943/687 817/937/687 808/923/687
f 808/923/687 827/953/687 822/943/687
f 820/941/688 812/927/688 811/926/688
f 811/926/688 825/951/688 820/941/688
f 829/956/689 810/925/689 809/924/689
f 809/924/689 828/955/689 829/956/689
f 826/958/690 807/936/690 810/935/690
f 810/935/690 829/957/690 826/958/690
f 831/962/691 827/959/691 826/960/691
f 826/960/691 830/961/691 831/962/691
f 833/965/692 828/963/692 824/948/692
f 824/948/692 832/964/692 833/965/692
f 834/967/693 822/966/693 827/959/693
f 827/959/693 831/962/693 834/967/693
f 836/969/694 820/941/694 825/951/694
f 825/951/694 835/968/694 836/969/694
f 837/971/695 829/970/695 828/963/695
f 828/963/695 833/965/695 837/971/695
f 830/961/696 826/960/696 829/970/696
f 829/970/696 837/971/696 830/961/696
f 819/940/697 818/939/697 838/972/697
f 839/975/698 821/947/698 820/973/698
f 820/973/698 836/974/698 839/975/698
f 840/979/699 823/976/699 822/977/699
f 822/977/699 834/978/699 840/979/699
f 832/964/700 824/948/700 821/947/700
f 821/947/700 839/975/700 832/964/700
f 301/329/701 300/328/701 823/944/701
f 823/944/701 840/980/701 301/329/701
f 835/982/702 825/981/702 819/940/702
f 819/940/702 838/972/702 835/982/702
f 842/986/703 832/983/703 839/984/703
f 839/984/703 841/985/703 842/986/703
f 267/286/704 301/337/704 840/987/704
f 840/987/704 843/988/704 267/286/704
f 845/991/705 835/968/705 838/989/705
f 838/989/705 844/990/705 845/991/705
f 847/993/706 831/962/706 830/961/706
f 830/961/706 846/992/706 847/993/706
f 848/995/707 833/965/707 832/964/707
f 832/964/707 842/994/707 848/995/707
f 849/996/708 834/967/708 831/962/708
f 831/962/708 847/993/708 849/996/708
f 850/997/709 836/969/709 835/968/709
f 835/968/709 845/991/709 850/997/709
f 851/998/710 837/971/710 833/965/710
f 833/965/710 848/995/710 851/998/710
f 846/992/711 830/961/711 837/971/711
f 837/971/711 851/998/711 846/992/711
f 844/990/712 838/989/712 818/999/712
f 818/999/712 852/1000/712 844/990/712
f 841/985/713 839/984/713 836/1001/713
f 836/1001/713 850/1002/713 841/985/713
f 843/1004/714 840/979/714 834/978/714
f 834/978/714 849/1003/714 843/1004/714
f 854/1006/715 846/992/715 851/998/715
f 851/998/715 853/1005/715 854/1006/715
f 856/1008/716 844/990/716 852/1000/716
f 852/1000/716 855/1007/716 856/1008/716
f 858/1012/717 841/1009/717 850/1010/717
f 850/1010/717 857/1011/717 858/1012/717
f 860/1014/718 843/988/718 849/996/718
f 849/996/718 859/1013/718 860/1014/718
f 861/1015/719 842/994/719 841/1009/719
f 841/1009/719 858/1012/719 861/1015/719
f 218/235/720 267/286/720 843/988/720
f 843/988/720 860/1014/720 218/235/720
f 862/1016/721 845/991/721 844/990/721
f 844/990/721 856/1008/721 862/1016/721
f 863/1017/722 847/993/722 846/992/722
f 846/992/722 854/1006/722 863/1017/722
f 864/1018/723 848/995/723 842/994/723
f 842/994/723 861/1015/723 864/1018/723
f 859/1013/724 849/996/724 847/993/724
f 847/993/724 863/1017/724 859/1013/724
f 857/1019/725 850/997/725 845/991/725
f 845/991/725 862/1016/725 857/1019/725
f 853/1005/726 851/998/726 848/995/726
f 848/995/726 864/1018/726 853/1005/726
f 866/1021/727 860/1014/727 859/1013/727
f 859/1013/727 865/1020/727 866/1021/727
f 868/1023/728 861/1015/728 858/1012/728
f 858/1012/728 867/1022/728 868/1023/728
f 189/206/729 218/235/729 860/1014/729
f 860/1014/729 866/1021/729 189/206/729
f 870/1027/730 862/1024/730 856/1025/730
f 856/1025/730 869/1026/730 870/1027/730
f 872/1029/731 863/1017/731 854/1006/731
f 854/1006/731 871/1028/731 872/1029/731
f 873/1030/732 864/1018/732 861/1015/732
f 861/1015/732 868/1023/732 873/1030/732
f 865/1020/733 859/1013/733 863/1017/733
f 863/1017/733 872/1029/733 865/1020/733
f 874/1031/734 857/1011/734 862/1024/734
f 862/1024/734 870/1027/734 874/1031/734
f 875/1032/735 853/1005/735 864/1018/735
f 864/1018/735 873/1030/735 875/1032/735
f 871/1028/736 854/1006/736 853/1005/736
f 853/1005/736 875/1032/736 871/1028/736
f 869/1026/737 856/1025/737 855/1033/737
f 855/1033/737 876/1034/737 869/1026/737
f 867/1022/738 858/1012/738 857/1011/738
f 857/1011/738 874/1031/738 867/1022/738
f 878/1036/739 868/1023/739 867/1022/739
f 867/1022/739 877/1035/739 878/1036/739
f 183/200/740 189/206/740 866/1021/740
f 866/1021/740 879/1037/740 183/200/740
f 881/1039/741 870/1027/741 869/1026/741
f 869/1026/741 880/1038/741 881/1039/741
f 883/1041/742 872/1029/742 871/1028/742
f 871/1028/742 882/1040/742 883/1041/742
f 884/1042/743 873/1030/743 868/1023/743
f 868/1023/743 878/1036/743 884/1042/743
f 885/1043/744 865/1020/744 872/1029/744
f 872/1029/744 883/1041/744 885/1043/744
f 886/1044/745 874/1031/745 870/1027/745
f 870/1027/745 881/1039/745 886/1044/745
f 887/1045/746 875/1032/746 873/1030/746
f 873/1030/746 884/1042/746 887/1045/746
f 882/1040/747 871/1028/747 875/1032/747
f 875/1032/747 887/1045/747 882/1040/747
f 880/1038/748 869/1026/748 876/1034/748
f 876/1034/748 888/1046/748 880/1038/748
f 877/1035/749 867/1022/749 874/1031/749
f 874/1031/749 886/1044/749 877/1035/749
f 879/1037/750 866/1021/750 865/1020/750
f 865/1020/750 885/1043/750 879/1037/750
f 890/1048/751 883/1041/751 882/1040/751
f 882/1040/751 889/1047/751 890/1048/751
f 892/1050/752 884/1042/752 878/1036/752
f 878/1036/752 891/1049/752 892/1050/752
f 893/1051/753 885/1043/753 883/1041/753
f 883/1041/753 890/1048/753 893/1051/753
f 895/1053/754 886/1044/754 881/1039/754
f 881/1039/754 894/1052/754 895/1053/754
f 896/1054/755 887/1045/755 884/1042/755
f 884/1042/755 892/1050/755 896/1054/755
f 889/1047/753 882/1040/753 887/1045/753
f 887/1045/753 896/1054/753 889/1047/753
f 898/1056/756 880/1038/756 888/1046/756
f 888/1046/756 897/1055/756 898/1056/756
f 899/1057/757 877/1035/757 886/1044/757
f 886/1044/757 895/1053/757 899/1057/757
f 900/1058/758 879/1037/758 885/1043/758
f 885/1043/758 893/1051/758 900/1058/758
f 891/1049/759 878/1036/759 877/1035/759
f 877/1035/759 899/1057/759 891/1049/759
f 176/193/760 183/200/760 879/1037/760
f 879/1037/760 900/1058/760 176/193/760
f 894/1052/761 881/1039/761 880/1038/761
f 880/1038/761 898/1056/761 894/1052/761
f 904/1062/762 901/1059/762 902/1060/762
f 902/1060/762 903/1061/762 904/1062/762
f 908/1066/763 905/1063/763 906/1064/763
f 906/1064/763 907/1065/763 908/1066/763
f 165/182/764 177/194/764 901/1059/764
f 901/1059/764 904/1062/764 165/182/764
f 912/1070/765 909/1067/765 910/1068/765
f 910/1068/765 911/1069/765 912/1070/765
f 916/1074/766 913/1071/766 914/1072/766
f 914/1072/766 915/1073/766 916/1074/766
f 918/1076/767 917/1075/767 905/1063/767
f 905/1063/767 908/1066/767 918/1076/767
f 903/1061/768 902/1060/768 913/1071/768
f 913/1071/768 916/1074/768 903/1061/768
f 920/1078/769 919/1077/769 909/1067/769
f 909/1067/769 912/1070/769 920/1078/769
f 922/1080/770 921/1079/770 917/1075/770
f 917/1075/770 918/1076/770 922/1080/770
f 915/1073/771 914/1072/771 921/1079/771
f 921/1079/771 922/1080/771 915/1073/771
f 911/1069/772 910/1068/772 923/1081/772
f 923/1081/772 924/1082/772 911/1069/772
f 907/1065/773 906/1064/773 919/1077/773
f 919/1077/773 920/1078/773 907/1065/773
f 926/1084/774 907/1065/774 920/1078/774
f 920/1078/774 925/1083/774 926/1084/774
f 928/1086/775 904/1062/775 903/1061/775
f 903/1061/775 927/1085/775 928/1086/775
f 929/1087/776 908/1066/776 907/1065/776
f 907/1065/776 926/1084/776 929/1087/776
f 931/1089/777 912/1070/777 911/1069/777
f 911/1069/777 930/1088/777 931/1089/777
f 933/1091/778 916/1074/778 915/1073/778
f 915/1073/778 932/1090/778 933/1091/778
f 934/1092/779 918/1076/779 908/1066/779
f 908/1066/779 929/1087/779 934/1092/779
f 927/1085/780 903/1061/780 916/1074/780
f 916/1074/780 933/1091/780 927/1085/780
f 925/1083/781 920/1078/781 912/1070/781
f 912/1070/781 931/1089/781 925/1083/781
f 935/1093/782 922/1080/782 918/1076/782
f 918/1076/782 934/1092/782 935/1093/782
f 932/1090/783 915/1073/783 922/1080/783
f 922/1080/783 935/1093/783 932/1090/783
f 166/183/784 165/182/784 904/1062/784
f 904/1062/784 928/1086/784 166/183/784
f 930/1088/785 911/1069/785 924/1082/785
f 924/1082/785 936/1094/785 930/1088/785
f 938/1096/786 925/1083/786 931/1089/786
f 931/1089/786 937/1095/786 938/1096/786
f 940/1098/787 932/1090/787 935/1093/787
f 935/1093/787 939/1097/787 940/1098/787
f 939/1097/788 935/1093/788 934/1092/788
f 934/1092/788 941/1099/788 939/1097/788
f 313/350/789 166/183/789 928/1086/789
f 928/1086/789 942/1100/789 313/350/789
f 944/1102/790 930/1088/790 936/1094/790
f 936/1094/790 943/1101/790 944/1102/790
f 945/1103/791 926/1084/791 925/1083/791
f 925/1083/791 938/1096/791 945/1103/791
f 942/1100/792 928/1086/792 927/1085/792
f 927/1085/792 946/1104/792 942/1100/792
f 947/1105/793 929/1087/793 926/1084/793
f 926/1084/793 945/1103/793 947/1105/793
f 946/1104/794 927/1085/794 933/1091/794
f 933/1091/794 948/1106/794 946/1104/794
f 937/1095/795 931/1089/795 930/1088/795
f 930/1088/795 944/1102/795 937/1095/795
f 948/1106/796 933/1091/796 932/1090/796
f 932/1090/796 940/1098/796 948/1106/796
f 941/1099/788 934/1092/788 929/1087/788
f 929/1087/788 947/1105/788 941/1099/788
f 952/1110/797 949/1107/797 950/1108/797
f 950/1108/797 951/1109/797 952/1110/797
f 956/1114/798 953/1111/798 954/1112/798
f 954/1112/798 955/1113/798 956/1114/798
f 960/1118/799 957/1115/799 958/1116/799
f 958/1116/799 959/1117/799 960/1118/799
f 951/1109/800 950/1108/800 961/1119/800
f 961/1119/800 962/1120/800 951/1109/800
f 955/1113/801 954/1112/801 963/1121/801
f 963/1121/801 964/1122/801 955/1113/801
f 964/1122/802 963/1121/802 957/1115/802
f 957/1115/802 960/1118/802 964/1122/802
f 723/806/803 730/813/803 965/1123/803
f 965/1123/803 966/1124/803 723/806/803
f 962/1120/804 961/1119/804 967/1125/804
f 967/1125/804 968/1126/804 962/1120/804
f 966/1128/805 965/1127/805 953/1111/805
f 953/1111/805 956/1114/805 966/1128/805
f 965/1130/806 737/821/806 741/826/806
f 741/826/806 953/1129/806 965/1130/806
f 961/1132/807 731/814/807 736/820/807
f 736/820/807 967/1131/807 961/1132/807
f 730/1133/808 733/822/808 737/821/808
f 737/821/808 965/1130/808 730/1133/808
f 963/1135/809 719/802/809 744/829/809
f 744/829/809 957/1134/809 963/1135/809
f 954/1136/810 720/803/810 719/802/810
f 719/802/810 963/1135/810 954/1136/810
f 950/1137/811 732/815/811 731/814/811
f 731/814/811 961/1132/811 950/1137/811
f 957/1134/812 744/829/812 743/828/812
f 743/828/812 958/1138/812 957/1134/812
f 953/1129/813 741/826/813 720/803/813
f 720/803/813 954/1136/813 953/1129/813
f 949/1139/814 740/825/814 732/815/814
f 732/815/814 950/1137/814 949/1139/814
f 970/1141/815 960/1118/815 959/1117/815
f 959/1117/815 969/1140/815 970/1141/815
f 972/1143/816 951/1109/816 962/1120/816
f 962/1120/816 971/1142/816 972/1143/816
f 974/1145/817 966/1128/817 956/1114/817
f 956/1114/817 973/1144/817 974/1145/817
f 975/1146/818 964/1122/818 960/1118/818
f 960/1118/818 970/1141/818 975/1146/818
f 971/1142/819 962/1120/819 968/1126/819
f 968/1126/819 976/1147/819 971/1142/819
f 973/1144/820 956/1114/820 955/1113/820
f 955/1113/820 977/1148/820 973/1144/820
f 724/807/821 723/806/821 966/1124/821
f 966/1124/821 974/1149/821 724/807/821
f 978/1150/822 952/1110/822 951/1109/822
f 951/1109/822 972/1143/822 978/1150/822
f 977/1148/823 955/1113/823 964/1122/823
f 964/1122/823 975/1146/823 977/1148/823
f 979/1151/824 725/808/824 724/807/824
f 724/807/824 974/1149/824 979/1151/824
f 981/1153/825 742/827/825 722/805/825
f 722/805/825 980/1152/825 981/1153/825
f 983/1155/826 739/824/826 738/823/826
f 738/823/826 982/1154/826 983/1155/826
f 985/1157/827 729/812/827 728/811/827
f 728/811/827 984/1156/827 985/1157/827
f 984/1156/828 728/811/828 726/809/828
f 726/809/828 986/1158/828 984/1156/828
f 982/1154/829 738/823/829 742/827/829
f 742/827/829 981/1153/829 982/1154/829
f 980/1152/830 722/805/830 721/804/830
f 721/804/830 987/1159/830 980/1152/830
f 988/1160/831 727/810/831 729/812/831
f 729/812/831 985/1157/831 988/1160/831
f 989/1161/832 734/818/832 739/824/832
f 739/824/832 983/1155/832 989/1161/832
f 987/1159/833 721/804/833 727/810/833
f 727/810/833 988/1160/833 987/1159/833
f 990/1162/834 735/819/834 734/818/834
f 734/818/834 989/1161/834 990/1162/834
f 986/1158/835 726/809/835 725/808/835
f 725/808/835 979/1151/835 986/1158/835
f 991/1164/836 979/1163/836 974/1145/836
f 974/1145/836 973/1144/836 991/1164/836
f 993/1168/837 983/1165/837 982/1166/837
f 982/1166/837 992/1167/837 993/1168/837
f 995/1172/838 984/1169/838 986/1170/838
f 986/1170/838 994/1171/838 995/1172/838
f 997/1176/839 980/1173/839 987/1174/839
f 987/1174/839 996/1175/839 997/1176/839
f 996/1175/840 987/1174/840 988/1177/840
f 988/1177/840 998/1178/840 996/1175/840
f 992/1167/841 982/1166/841 981/1179/841
f 981/1179/841 999/1180/841 992/1167/841
f 998/1178/842 988/1177/842 985/1181/842
f 985/1181/842 1000/1182/842 998/1178/842
f 994/1171/843 986/1170/843 979/1163/843
f 979/1163/843 991/1164/843 994/1171/843
f 1001/1184/844 989/1183/844 983/1165/844
f 983/1165/844 993/1168/844 1001/1184/844
f 1002/1186/845 990/1185/845 989/1183/845
f 989/1183/845 1001/1184/845 1002/1186/845
f 1000/1182/846 985/1181/846 984/1169/846
f 984/1169/846 995/1172/846 1000/1182/846
f 999/1180/847 981/1179/847 980/1173/847
f 980/1173/847 997/1176/847 999/1180/847
f 1004/1188/848 999/1180/848 997/1176/848
f 997/1176/848 1003/1187/848 1004/1188/848
f 1006/1190/849 993/1168/849 992/1167/849
f 992/1167/849 1005/1189/849 1006/1190/849
f 1008/1192/850 995/1172/850 994/1171/850
f 994/1171/850 1007/1191/850 1008/1192/850
f 1003/1187/851 997/1176/851 996/1175/851
f 996/1175/851 1009/1193/851 1003/1187/851
f 1009/1193/852 996/1175/852 998/1178/852
f 998/1178/852 1010/1194/852 1009/1193/852
f 1005/1189/853 992/1167/853 999/1180/853
f 999/1180/853 1004/1188/853 1005/1189/853
f 1010/1194/854 998/1178/854 1000/1182/854
f 1000/1182/854 1011/1195/854 1010/1194/854
f 1007/1191/855 994/1171/855 991/1164/855
f 991/1164/855 1012/1196/855 1007/1191/855
f 1012/1196/856 991/1164/856 973/1144/856
f 973/1144/856 977/1148/856 1012/1196/856
f 1013/1197/857 1001/1184/857 993/1168/857
f 993/1168/857 1006/1190/857 1013/1197/857
f 1014/1198/858 1002/1186/858 1001/1184/858
f 1001/1184/858 1013/1197/858 1014/1198/858
f 1011/1195/859 1000/1182/859 995/1172/859
f 995/1172/859 1008/1192/859 1011/1195/859
f 1016/1200/860 1011/1195/860 1008/1192/860
f 1008/1192/860 1015/1199/860 1016/1200/860
f 1018/1202/861 1004/1188/861 1003/1187/861
f 1003/1187/861 1017/1201/861 1018/1202/861
f 1020/1204/862 1009/1193/862 1010/1194/862
f 1010/1194/862 1019/1203/862 1020/1204/862
f 1022/1206/863 1006/1190/863 1005/1189/863
f 1005/1189/863 1021/1205/863 1022/1206/863
f 1015/1199/864 1008/1192/864 1007/1191/864
f 1007/1191/864 1023/1207/864 1015/1199/864
f 1017/1201/865 1003/1187/865 1009/1193/865
f 1009/1193/865 1020/1204/865 1017/1201/865
f 1021/1205/866 1005/1189/866 1004/1188/866
f 1004/1188/866 1018/1202/866 1021/1205/866
f 1023/1207/867 1007/1191/867 1012/1196/867
f 1012/1196/867 1024/1208/867 1023/1207/867
f 1019/1203/868 1010/1194/868 1011/1195/868
f 1011/1195/868 1016/1200/868 1019/1203/868
f 1024/1208/869 1012/1196/869 977/1148/869
f 977/1148/869 975/1146/869 1024/1208/869
f 1025/1209/870 1013/1197/870 1006/1190/870
f 1006/1190/870 1022/1206/870 1025/1209/870
f 1026/1210/871 1014/1198/871 1013/1197/871
f 1013/1197/871 1025/1209/871 1026/1210/871
f 1028/1212/872 1016/1200/872 1015/1199/872
f 1015/1199/872 1027/1211/872 1028/1212/872
f 1030/1214/873 1018/1202/873 1017/1201/873
f 1017/1201/873 1029/1213/873 1030/1214/873
f 1032/1216/874 1022/1206/874 1021/1205/874
f 1021/1205/874 1031/1215/874 1032/1216/874
f 1027/1211/875 1015/1199/875 1023/1207/875
f 1023/1207/875 1033/1217/875 1027/1211/875
f 1029/1213/876 1017/1201/876 1020/1204/876
f 1020/1204/876 1034/1218/876 1029/1213/876
f 1031/1215/877 1021/1205/877 1018/1202/877
f 1018/1202/877 1030/1214/877 1031/1215/877
f 1034/1218/878 1020/1204/878 1019/1203/878
f 1019/1203/878 1035/1219/878 1034/1218/878
f 1035/1219/879 1019/1203/879 1016/1200/879
f 1016/1200/879 1028/1212/879 1035/1219/879
f 1036/1220/880 1024/1208/880 975/1146/880
f 975/1146/880 970/1141/880 1036/1220/880
f 1037/1221/881 1025/1209/881 1022/1206/881
f 1022/1206/881 1032/1216/881 1037/1221/881
f 1033/1217/882 1023/1207/882 1024/1208/882
f 1024/1208/882 1036/1220/882 1033/1217/882
f 1038/1222/883 1026/1210/883 1025/1209/883
f 1025/1209/883 1037/1221/883 1038/1222/883
f 1040/1224/884 1029/1213/884 1034/1218/884
f 1034/1218/884 1039/1223/884 1040/1224/884
f 1042/1226/885 1031/1215/885 1030/1214/885
f 1030/1214/885 1041/1225/885 1042/1226/885
f 1044/1228/886 1033/1217/886 1036/1220/886
f 1036/1220/886 1043/1227/886 1044/1228/886
f 1046/1230/887 1035/1219/887 1028/1212/887
f 1028/1212/887 1045/1229/887 1046/1230/887
f 1048/1232/888 1037/1221/888 1032/1216/888
f 1032/1216/888 1047/1231/888 1048/1232/888
f 1039/1223/889 1034/1218/889 1035/1219/889
f 1035/1219/889 1046/1230/889 1039/1223/889
f 1049/1233/890 1038/1222/890 1037/1221/890
f 1037/1221/890 1048/1232/890 1049/1233/890
f 1045/1229/891 1028/1212/891 1027/1211/891
f 1027/1211/891 1050/1234/891 1045/1229/891
f 1041/1225/892 1030/1214/892 1029/1213/892
f 1029/1213/892 1040/1224/892 1041/1225/892
f 1043/1227/893 1036/1220/893 970/1141/893
f 970/1141/893 969/1140/893 1043/1227/893
f 1047/1231/894 1032/1216/894 1031/1215/894
f 1031/1215/894 1042/1226/894 1047/1231/894
f 1050/1234/895 1027/1211/895 1033/1217/895
f 1033/1217/895 1044/1228/895 1050/1234/895
f 1054/1238/896 1051/1235/896 1052/1236/896
f 1052/1236/896 1053/1237/896 1054/1238/896
f 1058/1242/897 1055/1239/897 1056/1240/897
f 1056/1240/897 1057/1241/897 1058/1242/897
f 1053/1237/898 1052/1236/898 1059/1243/898
f 1059/1243/898 1060/1244/898 1053/1237/898
f 1064/1248/899 1061/1245/899 1062/1246/899
f 1062/1246/899 1063/1247/899 1064/1248/899
f 1068/1252/900 1065/1249/900 1066/1250/900
f 1066/1250/900 1067/1251/900 1068/1252/900
f 1057/1241/901 1056/1240/901 1065/1249/901
f 1065/1249/901 1068/1252/901 1057/1241/901
f 1060/1244/902 1059/1243/902 978/1150/902
f 978/1150/902 972/1143/902 1060/1244/902
f 1072/1256/903 1069/1253/903 1070/1254/903
f 1070/1254/903 1071/1255/903 1072/1256/903
f 1074/1258/904 1073/1257/904 1069/1253/904
f 1069/1253/904 1072/1256/904 1074/1258/904
f 1067/1251/905 1066/1250/905 1051/1235/905
f 1051/1235/905 1054/1238/905 1067/1251/905
f 1063/1247/906 1062/1246/906 1055/1239/906
f 1055/1239/906 1058/1242/906 1063/1247/906
f 1071/1255/907 1070/1254/907 1061/1245/907
f 1061/1245/907 1064/1248/907 1071/1255/907
f 1070/1254/908 1047/1231/908 1042/1226/908
f 1042/1226/908 1061/1245/908 1070/1254/908
f 1062/1246/909 1041/1225/909 1040/1224/909
f 1040/1224/909 1055/1239/909 1062/1246/909
f 1066/1250/910 1045/1229/910 1050/1234/910
f 1050/1234/910 1051/1235/910 1066/1250/910
f 1073/1257/911 1049/1233/911 1048/1232/911
f 1048/1232/911 1069/1253/911 1073/1257/911
f 1069/1253/912 1048/1232/912 1047/1231/912
f 1047/1231/912 1070/1254/912 1069/1253/912
f 1059/1243/913 1043/1227/913 969/1140/913
f 969/1140/913 978/1150/913 1059/1243/913
f 1056/1240/914 1039/1223/914 1046/1230/914
f 1046/1230/914 1065/1249/914 1056/1240/914
f 1065/1249/915 1046/1230/915 1045/1229/915
f 1045/1229/915 1066/1250/915 1065/1249/915
f 1061/1245/916 1042/1226/916 1041/1225/916
f 1041/1225/916 1062/1246/916 1061/1245/916
f 1052/1236/917 1044/1228/917 1043/1227/917
f 1043/1227/917 1059/1243/917 1052/1236/917
f 1055/1239/918 1040/1224/918 1039/1223/918
f 1039/1223/918 1056/1240/918 1055/1239/918
f 1051/1235/919 1050/1234/919 1044/1228/919
f 1044/1228/919 1052/1236/919 1051/1235/919
f 969/1140/920 959/1117/920 952/1110/920
f 952/1110/920 978/1150/920 969/1140/920
f 958/1138/921 743/828/921 740/825/921
f 740/825/921 949/1139/921 958/1138/921
f 959/1117/922 958/1116/922 949/1107/922
f 949/1107/922 952/1110/922 959/1117/922
f 906/1064/923 899/1057/923 895/1053/923
f 895/1053/923 919/1077/923 906/1064/923
f 910/1068/924 898/1056/924 897/1055/924
f 897/1055/924 923/1081/924 910/1068/924
f 914/1072/925 889/1047/925 896/1054/925
f 896/1054/925 921/1079/925 914/1072/925
f 921/1079/926 896/1054/926 892/1050/926
f 892/1050/926 917/1075/926 921/1079/926
f 919/1077/927 895/1053/927 894/1052/927
f 894/1052/927 909/1067/927 919/1077/927
f 902/1060/928 893/1051/928 890/1048/928
f 890/1048/928 913/1071/928 902/1060/928
f 917/1075/929 892/1050/929 891/1049/929
f 891/1049/929 905/1063/929 917/1075/929
f 913/1071/930 890/1048/930 889/1047/930
f 889/1047/930 914/1072/930 913/1071/930
f 909/1067/931 894/1052/931 898/1056/931
f 898/1056/931 910/1068/931 909/1067/931
f 177/194/932 176/193/932 900/1058/932
f 900/1058/932 901/1059/932 177/194/932
f 905/1063/933 891/1049/933 899/1057/933
f 899/1057/933 906/1064/933 905/1063/933
f 901/1059/934 900/1058/934 893/1051/934
f 893/1051/934 902/1060/934 901/1059/934
f 206/223/935 190/207/935 194/211/935
f 194/211/935 211/228/935 206/223/935
f 198/215/936 184/201/936 191/208/936
f 191/208/936 205/222/936 198/215/936
f 219/236/937 196/213/937 773/866/937
f 773/866/937 771/864/937 219/236/937
f 771/864/938 773/866/938 185/202/938
f 185/202/938 197/214/938 771/864/938
f 743/828/939 709/790/939 706/787/939
f 706/787/939 740/825/939 743/828/939
f 709/790/940 673/750/940 668/745/940
f 668/745/940 706/787/940 709/790/940
f 673/750/941 663/738/941 660/735/941
f 660/735/941 668/745/941 673/750/941
f 663/738/942 636/708/942 633/705/942
f 633/705/942 660/735/942 663/738/942
f 636/708/943 614/683/943 611/679/943
f 611/679/943 633/705/943 636/708/943
f 614/683/944 578/639/944 574/635/944
f 574/635/944 611/679/944 614/683/944
f 578/639/944 408/445/944 411/448/944
f 411/448/944 574/635/944 578/639/944
f 396/433/945 169/186/945 315/352/945
f 315/352/945 390/427/945 396/433/945
f 468/507/946 513/558/946 517/562/946
f 517/562/946 456/495/946 468/507/946
f 168/185/947 469/508/947 459/498/947
f 459/498/947 314/351/947 168/185/947
f 469/508/948 468/507/948 456/495/948
f 456/495/948 459/498/948 469/508/948
f 408/445/949 405/442/949 401/438/949
f 401/438/949 411/448/949 408/445/949
f 405/442/950 397/434/950 393/430/950
f 393/430/950 401/438/950 405/442/950
f 397/434/950 396/433/950 390/427/950
f 390/427/950 393/430/950 397/434/950
f 169/186/947 168/185/947 314/351/947
f 314/351/947 315/352/947 169/186/947
f 164/181/951 311/348/951 309/345/951
f 309/345/951 174/191/951 164/181/951
f 311/348/952 271/347/952 257/343/952
f 257/343/952 309/345/952 311/348/952
f 297/323/953 280/303/953 287/310/953
f 287/310/953 304/332/953 297/323/953
f 270/289/954 297/323/954 304/332/954
f 304/332/954 254/271/954 270/289/954
f 280/303/955 213/230/955 212/229/955
f 212/229/955 287/310/955 280/303/955
f 271/290/956 270/289/956 254/271/956
f 254/271/956 257/274/956 271/290/956
f 209/226/957 192/209/957 196/213/957
f 196/213/957 219/236/957 209/226/957
f 215/232/958 195/212/958 187/204/958
f 187/204/958 201/218/958 215/232/958
f 211/228/959 194/211/959 193/210/959
f 193/210/959 212/229/959 211/228/959
f 202/219/960 186/203/960 192/209/960
f 192/209/960 209/226/960 202/219/960
f 205/222/961 191/208/961 190/207/961
f 190/207/961 206/223/961 205/222/961
f 201/218/962 187/204/962 186/203/962
f 186/203/962 202/219/962 201/218/962
f 197/214/963 185/202/963 184/201/963
f 184/201/963 198/215/963 197/214/963
f 165/182/964 164/181/964 174/191/964
f 174/191/964 177/194/964 165/182/964
f 1076/1260/965 1054/1238/965 1053/1237/965
f 1053/1237/965 1075/1259/965 1076/1260/965
f 1078/1262/966 1058/1242/966 1057/1241/966
f 1057/1241/966 1077/1261/966 1078/1262/966
f 1075/1259/967 1053/1237/967 1060/1244/967
f 1060/1244/967 1079/1263/967 1075/1259/967
f 1081/1265/968 1064/1248/968 1063/1247/968
f 1063/1247/968 1080/1264/968 1081/1265/968
f 1083/1269/969 1068/1266/969 1067/1267/969
f 1067/1267/969 1082/1268/969 1083/1269/969
f 1077/1261/970 1057/1241/970 1068/1252/970
f 1068/1252/970 1083/1270/970 1077/1261/970
f 1079/1263/971 1060/1244/971 972/1143/971
f 972/1143/971 971/1142/971 1079/1263/971
f 1085/1272/972 1072/1256/972 1071/1255/972
f 1071/1255/972 1084/1271/972 1085/1272/972
f 1086/1273/973 1074/1258/973 1072/1256/973
f 1072/1256/973 1085/1272/973 1086/1273/973
f 1082/1274/974 1067/1251/974 1054/1238/974
f 1054/1238/974 1076/1260/974 1082/1274/974
f 1080/1264/975 1063/1247/975 1058/1242/975
f 1058/1242/975 1078/1262/975 1080/1264/975
f 1084/1271/976 1071/1255/976 1064/1248/976
f 1064/1248/976 1081/1265/976 1084/1271/976
f 1088/1276/977 1076/1260/977 1075/1259/977
f 1075/1259/977 1087/1275/977 1088/1276/977
f 1090/1278/978 1078/1262/978 1077/1261/978
f 1077/1261/978 1089/1277/978 1090/1278/978
f 1089/1277/979 1077/1261/979 1083/1270/979
f 1083/1270/979 1091/1279/979 1089/1277/979
f 1093/1281/980 1081/1265/980 1080/1264/980
f 1080/1264/980 1092/1280/980 1093/1281/980
f 1091/1283/981 1083/1269/981 1082/1268/981
f 1082/1268/981 1094/1282/981 1091/1283/981
f 1087/1275/982 1075/1259/982 1079/1263/982
f 1079/1263/982 1095/1284/982 1087/1275/982
f 1097/1286/983 1085/1272/983 1084/1271/983
f 1084/1271/983 1096/1285/983 1097/1286/983
f 1098/1287/984 1086/1273/984 1085/1272/984
f 1085/1272/984 1097/1286/984 1098/1287/984
f 1094/1288/985 1082/1274/985 1076/1260/985
f 1076/1260/985 1088/1276/985 1094/1288/985
f 1092/1292/986 1080/1289/986 1078/1290/986
f 1078/1290/986 1090/1291/986 1092/1292/986
f 1095/1284/987 1079/1263/987 971/1142/987
f 971/1142/987 976/1147/987 1095/1284/987
f 1096/1285/988 1084/1271/988 1081/1265/988
f 1081/1265/988 1093/1281/988 1096/1285/988
f 1102/1296/989 1099/1293/989 1100/1294/989
f 1100/1294/989 1101/1295/989 1102/1296/989
f 1106/1300/990 1103/1297/990 1104/1298/990
f 1104/1298/990 1105/1299/990 1106/1300/990
f 1110/1304/991 1107/1301/991 1108/1302/991
f 1108/1302/991 1109/1303/991 1110/1304/991
f 1114/1308/992 1111/1305/992 1112/1306/992
f 1112/1306/992 1113/1307/992 1114/1308/992
f 1118/1312/993 1115/1309/993 1116/1310/993
f 1116/1310/993 1117/1311/993 1118/1312/993
f 1122/1316/994 1119/1313/994 1120/1314/994
f 1120/1314/994 1121/1315/994 1122/1316/994
f 1126/1320/995 1123/1317/995 1124/1318/995
f 1124/1318/995 1125/1319/995 1126/1320/995
f 1130/1324/996 1127/1321/996 1128/1322/996
f 1128/1322/996 1129/1323/996 1130/1324/996
f 1113/1307/997 1112/1306/997 1131/1325/997
f 1131/1325/997 1132/1326/997 1113/1307/997
f 1136/1330/998 1133/1327/998 1134/1328/998
f 1134/1328/998 1135/1329/998 1136/1330/998
f 1140/1334/999 1137/1331/999 1138/1332/999
f 1138/1332/999 1139/1333/999 1140/1334/999
f 1144/1338/1000 1141/1335/1000 1142/1336/1000
f 1142/1336/1000 1143/1337/1000 1144/1338/1000
f 1148/1342/1001 1145/1339/1001 1146/1340/1001
f 1146/1340/1001 1147/1341/1001 1148/1342/1001
f 1152/1346/1002 1149/1343/1002 1150/1344/1002
f 1150/1344/1002 1151/1345/1002 1152/1346/1002
f 1132/1326/1003 1131/1325/1003 1153/1347/1003
f 1153/1347/1003 1154/1348/1003 1132/1326/1003
f 1139/1333/1004 1138/1332/1004 1155/1349/1004
f 1155/1349/1004 1156/1350/1004 1139/1333/1004
f 1160/1354/1005 1157/1351/1005 1158/1352/1005
f 1158/1352/1005 1159/1353/1005 1160/1354/1005
f 1154/1348/1006 1153/1347/1006 1161/1355/1006
f 1161/1355/1006 1162/1356/1006 1154/1348/1006
f 1121/1315/1007 1120/1314/1007 1137/1331/1007
f 1137/1331/1007 1140/1334/1007 1121/1315/1007
f 1166/1360/1008 1163/1357/1008 1164/1358/1008
f 1164/1358/1008 1165/1359/1008 1166/1360/1008
f 1162/1356/1009 1161/1355/1009 1127/1321/1009
f 1127/1321/1009 1130/1324/1009 1162/1356/1009
f 1168/1362/1010 1167/1361/1010 1145/1339/1010
f 1145/1339/1010 1148/1342/1010 1168/1362/1010
f 1156/1350/1011 1155/1349/1011 1169/1363/1011
f 1169/1363/1011 1170/1364/1011 1156/1350/1011
f 1159/1353/1012 1158/1352/1012 1163/1357/1012
f 1163/1357/1012 1166/1360/1012 1159/1353/1012
f 1174/1368/1013 1171/1365/1013 1172/1366/1013
f 1172/1366/1013 1173/1367/1013 1174/1368/1013
f 1176/1370/1014 1175/1369/1014 1149/1343/1014
f 1149/1343/1014 1152/1346/1014 1176/1370/1014
f 1170/1374/1015 1169/1371/1015 1177/1372/1015
f 1177/1372/1015 1178/1373/1015 1170/1374/1015
f 1165/1359/1016 1164/1358/1016 1179/1375/1016
f 1179/1375/1016 1180/1376/1016 1165/1359/1016
f 1184/1380/1017 1181/1377/1017 1182/1378/1017
f 1182/1378/1017 1183/1379/1017 1184/1380/1017
f 1188/1384/1018 1185/1381/1018 1186/1382/1018
f 1186/1382/1018 1187/1383/1018 1188/1384/1018
f 1135/1329/1019 1134/1328/1019 1189/1385/1019
f 1189/1385/1019 1190/1386/1019 1135/1329/1019
f 1151/1345/1020 1150/1344/1020 1191/1387/1020
f 1191/1387/1020 1192/1388/1020 1151/1345/1020
f 1194/1390/1021 1193/1389/1021 1157/1351/1021
f 1157/1351/1021 1160/1354/1021 1194/1390/1021
f 1196/1392/1022 1195/1391/1022 1115/1309/1022
f 1115/1309/1022 1118/1312/1022 1196/1392/1022
f 1143/1337/1023 1142/1336/1023 1193/1389/1023
f 1193/1389/1023 1194/1390/1023 1143/1337/1023
f 1129/1323/1024 1128/1322/1024 1175/1369/1024
f 1175/1369/1024 1176/1370/1024 1129/1323/1024
f 1200/1396/1025 1197/1393/1025 1198/1394/1025
f 1198/1394/1025 1199/1395/1025 1200/1396/1025
f 1202/1398/1026 1201/1397/1026 1111/1305/1026
f 1111/1305/1026 1114/1308/1026 1202/1398/1026
f 1204/1400/998 1203/1399/998 1133/1327/998
f 1133/1327/998 1136/1330/998 1204/1400/998
f 1109/1303/1005 1108/1302/1005 1123/1317/1005
f 1123/1317/1005 1126/1320/1005 1109/1303/1005
f 1208/1404/1027 1205/1401/1027 1206/1402/1027
f 1206/1402/1027 1207/1403/1027 1208/1404/1027
f 1190/1386/1022 1189/1385/1022 1195/1391/1022
f 1195/1391/1022 1196/1392/1022 1190/1386/1022
f 1187/1383/1028 1186/1382/1028 1209/1405/1028
f 1209/1405/1028 1210/1406/1028 1187/1383/1028
f 1173/1367/1029 1172/1366/1029 1197/1393/1029
f 1197/1393/1029 1200/1396/1029 1173/1367/1029
f 1214/1410/1030 1211/1407/1030 1212/1408/1030
f 1212/1408/1030 1213/1409/1030 1214/1410/1030
f 1199/1414/1031 1198/1411/1031 1215/1412/1031
f 1215/1412/1031 1216/1413/1031 1199/1414/1031
f 1218/1416/1032 1217/1415/1032 1203/1399/1032
f 1203/1399/1032 1204/1400/1032 1218/1416/1032
f 1216/1413/1033 1215/1412/1033 1185/1381/1033
f 1185/1381/1033 1188/1384/1033 1216/1413/1033
f 1220/1418/1034 1219/1417/1034 1205/1401/1034
f 1205/1401/1034 1208/1404/1034 1220/1418/1034
f 1207/1420/1035 1206/1419/1035 1167/1361/1035
f 1167/1361/1035 1168/1362/1035 1207/1420/1035
f 1222/1422/1036 1221/1421/1036 1219/1417/1036
f 1219/1417/1036 1220/1418/1036 1222/1422/1036
f 1210/1406/1037 1209/1405/1037 1107/1301/1037
f 1107/1301/1037 1110/1304/1037 1210/1406/1037
f 1183/1379/1038 1182/1378/1038 1217/1415/1038
f 1217/1415/1038 1218/1416/1038 1183/1379/1038
f 1147/1341/1039 1146/1340/1039 1211/1407/1039
f 1211/1407/1039 1214/1410/1039 1147/1341/1039
f 1192/1388/1040 1191/1387/1040 1171/1365/1040
f 1171/1365/1040 1174/1368/1040 1192/1388/1040
f 1178/1373/1041 1177/1372/1041 1103/1423/1041
f 1103/1423/1041 1106/1424/1041 1178/1373/1041
f 1101/1295/1042 1100/1294/1042 1221/1421/1042
f 1221/1421/1042 1222/1422/1042 1101/1295/1042
f 1213/1409/1043 1212/1408/1043 1181/1377/1043
f 1181/1377/1043 1184/1380/1043 1213/1409/1043
f 1125/1319/1000 1124/1318/1000 1141/1335/1000
f 1141/1335/1000 1144/1338/1000 1125/1319/1000
f 1105/1299/1044 1104/1298/1044 1099/1293/1044
f 1099/1293/1044 1102/1296/1044 1105/1299/1044
f 1104/1298/1045 1094/1288/1045 1088/1276/1045
f 1088/1276/1045 1099/1293/1045 1104/1298/1045
f 1124/1318/1046 940/1098/1046 939/1097/1046
f 939/1097/1046 1141/1335/1046 1124/1318/1046
f 1212/1408/1047 629/701/1047 607/675/1047
f 607/675/1047 1181/1377/1047 1212/1408/1047
f 1100/1294/1048 1087/1275/1048 1095/1284/1048
f 1095/1284/1048 1221/1421/1048 1100/1294/1048
f 1177/1372/1049 1089/1425/1049 1091/1283/1049
f 1091/1283/1049 1103/1423/1049 1177/1372/1049
f 1191/1387/1050 234/251/1050 233/250/1050
f 233/250/1050 1171/1365/1050 1191/1387/1050
f 1146/1340/1051 692/771/1051 656/731/1051
f 656/731/1051 1211/1407/1051 1146/1340/1051
f 1182/1378/1052 563/624/1052 410/447/1052
f 410/447/1052 1217/1415/1052 1182/1378/1052
f 1209/1405/1053 313/350/1053 942/1100/1053
f 942/1100/1053 1107/1301/1053 1209/1405/1053
f 1221/1421/1054 1095/1284/1054 976/1147/1054
f 976/1147/1054 1219/1417/1054 1221/1421/1054
f 1206/1419/1055 967/1131/1055 736/820/1055
f 736/820/1055 1167/1361/1055 1206/1419/1055
f 1219/1417/1056 976/1147/1056 968/1126/1056
f 968/1126/1056 1205/1401/1056 1219/1417/1056
f 1215/1412/1057 263/339/1057 307/342/1057
f 307/342/1057 1185/1381/1057 1215/1412/1057
f 1217/1415/1058 410/447/1058 403/440/1058
f 403/440/1058 1203/1399/1058 1217/1415/1058
f 1198/1394/1059 260/279/1059 263/282/1059
f 263/282/1059 1215/1426/1059 1198/1394/1059
f 1211/1407/1060 656/731/1060 629/701/1060
f 629/701/1060 1212/1408/1060 1211/1407/1060
f 1172/1366/1061 285/308/1061 302/330/1061
f 302/330/1061 1197/1393/1061 1172/1366/1061
f 1186/1382/1062 312/349/1062 313/350/1062
f 313/350/1062 1209/1405/1062 1186/1382/1062
f 1189/1385/1063 239/256/1063 238/255/1063
f 238/255/1063 1195/1391/1063 1189/1385/1063
f 1205/1401/1064 968/1126/1064 967/1125/1064
f 967/1125/1064 1206/1402/1064 1205/1401/1064
f 1108/1302/1065 946/1104/1065 948/1106/1065
f 948/1106/1065 1123/1317/1065 1108/1302/1065
f 1203/1399/1066 403/440/1066 399/436/1066
f 399/436/1066 1133/1327/1066 1203/1399/1066
f 1201/1397/1067 515/560/1067 236/253/1067
f 236/253/1067 1111/1305/1067 1201/1397/1067
f 1197/1393/1068 302/330/1068 260/279/1068
f 260/279/1068 1198/1394/1068 1197/1393/1068
f 1128/1322/1069 246/263/1069 245/262/1069
f 245/262/1069 1175/1369/1069 1128/1322/1069
f 1142/1336/1070 941/1099/1070 947/1105/1070
f 947/1105/1070 1193/1389/1070 1142/1336/1070
f 1195/1391/1063 238/255/1063 463/502/1063
f 463/502/1063 1115/1309/1063 1195/1391/1063
f 1193/1389/1071 947/1105/1071 945/1103/1071
f 945/1103/1071 1157/1351/1071 1193/1389/1071
f 1150/1344/1072 248/265/1072 234/251/1072
f 234/251/1072 1191/1387/1072 1150/1344/1072
f 1134/1328/1073 398/435/1073 239/256/1073
f 239/256/1073 1189/1385/1073 1134/1328/1073
f 1185/1381/1074 307/342/1074 312/349/1074
f 312/349/1074 1186/1382/1074 1185/1381/1074
f 1181/1377/1075 607/675/1075 563/624/1075
f 563/624/1075 1182/1378/1075 1181/1377/1075
f 1164/1358/1076 944/1102/1076 943/1101/1076
f 943/1101/1076 1179/1375/1076 1164/1358/1076
f 1169/1371/1077 1090/1427/1077 1089/1425/1077
f 1089/1425/1077 1177/1372/1077 1169/1371/1077
f 1175/1369/1078 245/262/1078 249/266/1078
f 249/266/1078 1149/1343/1078 1175/1369/1078
f 1171/1365/1079 233/250/1079 285/308/1079
f 285/308/1079 1172/1366/1079 1171/1365/1079
f 1158/1352/1080 938/1096/1080 937/1095/1080
f 937/1095/1080 1163/1357/1080 1158/1352/1080
f 1155/1349/1081 1092/1280/1081 1090/1278/1081
f 1090/1278/1081 1169/1363/1081 1155/1349/1081
f 1167/1361/1082 736/820/1082 702/783/1082
f 702/783/1082 1145/1339/1082 1167/1361/1082
f 1161/1355/1083 241/258/1083 769/862/1083
f 769/862/1083 1127/1321/1083 1161/1355/1083
f 1163/1357/1084 937/1095/1084 944/1102/1084
f 944/1102/1084 1164/1358/1084 1163/1357/1084
f 1120/1314/1085 1097/1286/1085 1096/1285/1085
f 1096/1285/1085 1137/1331/1085 1120/1314/1085
f 1153/1347/1086 242/259/1086 241/258/1086
f 241/258/1086 1161/1355/1086 1153/1347/1086
f 1157/1351/1087 945/1103/1087 938/1096/1087
f 938/1096/1087 1158/1352/1087 1157/1351/1087
f 1138/1332/1088 1093/1281/1088 1092/1280/1088
f 1092/1280/1088 1155/1349/1088 1138/1332/1088
f 1131/1325/1089 247/264/1089 242/259/1089
f 242/259/1089 1153/1347/1089 1131/1325/1089
f 1149/1343/1090 249/266/1090 248/265/1090
f 248/265/1090 1150/1344/1090 1149/1343/1090
f 1145/1339/1091 702/783/1091 692/771/1091
f 692/771/1091 1146/1340/1091 1145/1339/1091
f 1141/1335/1092 939/1097/1092 941/1099/1092
f 941/1099/1092 1142/1336/1092 1141/1335/1092
f 1137/1331/1093 1096/1285/1093 1093/1281/1093
f 1093/1281/1093 1138/1332/1093 1137/1331/1093
f 1133/1327/1066 399/436/1066 398/435/1066
f 398/435/1066 1134/1328/1066 1133/1327/1066
f 1112/1306/1094 235/252/1094 247/264/1094
f 247/264/1094 1131/1325/1094 1112/1306/1094
f 1127/1321/1095 769/862/1095 246/263/1095
f 246/263/1095 1128/1322/1095 1127/1321/1095
f 1123/1317/1096 948/1106/1096 940/1098/1096
f 940/1098/1096 1124/1318/1096 1123/1317/1096
f 1119/1313/1097 1098/1287/1097 1097/1286/1097
f 1097/1286/1097 1120/1314/1097 1119/1313/1097
f 1115/1309/1098 463/502/1098 462/501/1098
f 462/501/1098 1116/1310/1098 1115/1309/1098
f 1111/1305/1099 236/253/1099 235/252/1099
f 235/252/1099 1112/1306/1099 1111/1305/1099
f 1107/1301/1100 942/1100/1100 946/1104/1100
f 946/1104/1100 1108/1302/1100 1107/1301/1100
f 1103/1423/1101 1091/1283/1101 1094/1282/1101
f 1094/1282/1101 1104/1428/1101 1103/1423/1101
f 1099/1293/1102 1088/1276/1102 1087/1275/1102
f 1087/1275/1102 1100/1294/1102 1099/1293/1102
f 1224/1430/1103 1192/1388/1103 1174/1368/1103
f 1174/1368/1103 1223/1429/1103 1224/1430/1103
f 1226/1432/1104 1162/1356/1104 1130/1324/1104
f 1130/1324/1104 1225/1431/1104 1226/1432/1104
f 1228/1434/1105 1222/1422/1105 1220/1418/1105
f 1220/1418/1105 1227/1433/1105 1228/1434/1105
f 1230/1436/1106 1109/1303/1106 1126/1320/1106
f 1126/1320/1106 1229/1435/1106 1230/1436/1106
f 1232/1438/1107 1176/1370/1107 1152/1346/1107
f 1152/1346/1107 1231/1437/1107 1232/1438/1107
f 1234/1440/1108 1125/1319/1108 1144/1338/1108
f 1144/1338/1108 1233/1439/1108 1234/1440/1108
f 1235/1441/1109 1151/1345/1109 1192/1388/1109
f 1192/1388/1109 1224/1430/1109 1235/1441/1109
f 1236/1442/1110 1110/1304/1110 1109/1303/1110
f 1109/1303/1110 1230/1436/1110 1236/1442/1110
f 1223/1429/1111 1174/1368/1111 1173/1367/1111
f 1173/1367/1111 1237/1443/1111 1223/1429/1111
f 1229/1435/1112 1126/1320/1112 1125/1319/1112
f 1125/1319/1112 1234/1440/1112 1229/1435/1112
f 1237/1443/1113 1173/1367/1113 1200/1396/1113
f 1200/1396/1113 1238/1444/1113 1237/1443/1113
f 1233/1439/1114 1144/1338/1114 1143/1337/1114
f 1143/1337/1114 1239/1445/1114 1233/1439/1114
f 1241/1447/1115 1199/1414/1115 1216/1413/1115
f 1216/1413/1115 1240/1446/1115 1241/1447/1115
f 1243/1449/1116 1160/1354/1116 1159/1353/1116
f 1159/1353/1116 1242/1448/1116 1243/1449/1116
f 1238/1444/1117 1200/1396/1117 1199/1395/1117
f 1199/1395/1117 1241/1450/1117 1238/1444/1117
f 1245/1452/1118 1166/1360/1118 1165/1359/1118
f 1165/1359/1118 1244/1451/1118 1245/1452/1118
f 1240/1446/1119 1216/1413/1119 1188/1384/1119
f 1188/1384/1119 1246/1453/1119 1240/1446/1119
f 1248/1455/1120 1190/1386/1120 1196/1392/1120
f 1196/1392/1120 1247/1454/1120 1248/1455/1120
f 1242/1448/1121 1159/1353/1121 1166/1360/1121
f 1166/1360/1121 1245/1452/1121 1242/1448/1121
f 1246/1453/1122 1188/1384/1122 1187/1383/1122
f 1187/1383/1122 1249/1456/1122 1246/1453/1122
f 1244/1451/1123 1165/1359/1123 1180/1376/1123
f 1180/1376/1123 1250/1457/1123 1244/1451/1123
f 1252/1459/1124 1136/1330/1124 1135/1329/1124
f 1135/1329/1124 1251/1458/1124 1252/1459/1124
f 1253/1460/1125 1194/1390/1125 1160/1354/1125
f 1160/1354/1125 1243/1449/1125 1253/1460/1125
f 1254/1461/1124 1204/1400/1124 1136/1330/1124
f 1136/1330/1124 1252/1459/1124 1254/1461/1124
f 1239/1445/1126 1143/1337/1126 1194/1390/1126
f 1194/1390/1126 1253/1460/1126 1239/1445/1126
f 1255/1462/1127 1218/1416/1127 1204/1400/1127
f 1204/1400/1127 1254/1461/1127 1255/1462/1127
f 1256/1463/1128 1210/1406/1128 1110/1304/1128
f 1110/1304/1128 1236/1442/1128 1256/1463/1128
f 1258/1465/1120 1118/1312/1120 1117/1311/1120
f 1117/1311/1120 1257/1464/1120 1258/1465/1120
f 1260/1467/1129 1208/1404/1129 1207/1403/1129
f 1207/1403/1129 1259/1466/1129 1260/1467/1129
f 1247/1454/1120 1196/1392/1120 1118/1312/1120
f 1118/1312/1120 1258/1465/1120 1247/1454/1120
f 1259/1469/1130 1207/1420/1130 1168/1362/1130
f 1168/1362/1130 1261/1468/1130 1259/1469/1130
f 1263/1471/1131 1202/1398/1131 1114/1308/1131
f 1114/1308/1131 1262/1470/1131 1263/1471/1131
f 1227/1433/1132 1220/1418/1132 1208/1404/1132
f 1208/1404/1132 1260/1467/1132 1227/1433/1132
f 1251/1458/1133 1135/1329/1133 1190/1386/1133
f 1190/1386/1133 1248/1455/1133 1251/1458/1133
f 1265/1474/1134 1178/1472/1134 1106/1300/1134
f 1106/1300/1134 1264/1473/1134 1265/1474/1134
f 1266/1475/1135 1183/1379/1135 1218/1416/1135
f 1218/1416/1135 1255/1462/1135 1266/1475/1135
f 1267/1476/1136 1101/1295/1136 1222/1422/1136
f 1222/1422/1136 1228/1434/1136 1267/1476/1136
f 1268/1477/1135 1184/1380/1135 1183/1379/1135
f 1183/1379/1135 1266/1475/1135 1268/1477/1135
f 1270/1479/1137 1105/1299/1137 1102/1296/1137
f 1102/1296/1137 1269/1478/1137 1270/1479/1137
f 1271/1480/1138 1213/1409/1138 1184/1380/1138
f 1184/1380/1138 1268/1477/1138 1271/1480/1138
f 1269/1478/1139 1102/1296/1139 1101/1295/1139
f 1101/1295/1139 1267/1476/1139 1269/1478/1139
f 1272/1481/1140 1214/1410/1140 1213/1409/1140
f 1213/1409/1140 1271/1480/1140 1272/1481/1140
f 1264/1473/1141 1106/1300/1141 1105/1299/1141
f 1105/1299/1141 1270/1479/1141 1264/1473/1141
f 1273/1482/1142 1147/1341/1142 1214/1410/1142
f 1214/1410/1142 1272/1481/1142 1273/1482/1142
f 1249/1456/1143 1187/1383/1143 1210/1406/1143
f 1210/1406/1143 1256/1463/1143 1249/1456/1143
f 1275/1484/1144 1122/1316/1144 1121/1315/1144
f 1121/1315/1144 1274/1483/1144 1275/1484/1144
f 1276/1485/1145 1148/1342/1145 1147/1341/1145
f 1147/1341/1145 1273/1482/1145 1276/1485/1145
f 1278/1487/1146 1140/1334/1146 1139/1333/1146
f 1139/1333/1146 1277/1486/1146 1278/1487/1146
f 1261/1468/1147 1168/1362/1147 1148/1342/1147
f 1148/1342/1147 1276/1485/1147 1261/1468/1147
f 1262/1470/1148 1114/1308/1148 1113/1307/1148
f 1113/1307/1148 1279/1488/1148 1262/1470/1148
f 1277/1486/1149 1139/1333/1149 1156/1350/1149
f 1156/1350/1149 1280/1489/1149 1277/1486/1149
f 1281/1490/1150 1129/1323/1150 1176/1370/1150
f 1176/1370/1150 1232/1438/1150 1281/1490/1150
f 1279/1488/1151 1113/1307/1151 1132/1326/1151
f 1132/1326/1151 1282/1491/1151 1279/1488/1151
f 1274/1483/1152 1121/1315/1152 1140/1334/1152
f 1140/1334/1152 1278/1487/1152 1274/1483/1152
f 1225/1431/1153 1130/1324/1153 1129/1323/1153
f 1129/1323/1153 1281/1490/1153 1225/1431/1153
f 1282/1491/1154 1132/1326/1154 1154/1348/1154
f 1154/1348/1154 1283/1492/1154 1282/1491/1154
f 1280/1489/1155 1156/1350/1155 1170/1364/1155
f 1170/1364/1155 1284/1493/1155 1280/1489/1155
f 1231/1437/1156 1152/1346/1156 1151/1345/1156
f 1151/1345/1156 1235/1441/1156 1231/1437/1156
f 1283/1492/1157 1154/1348/1157 1162/1356/1157
f 1162/1356/1157 1226/1432/1157 1283/1492/1157
f 1284/1493/1158 1170/1364/1158 1178/1472/1158
f 1178/1472/1158 1265/1474/1158 1284/1493/1158
f 1286/1495/1159 1229/1435/1159 1234/1440/1159
f 1234/1440/1159 1285/1494/1159 1286/1495/1159
f 1288/1497/1160 1237/1443/1160 1238/1444/1160
f 1238/1444/1160 1287/1496/1160 1288/1497/1160
f 1290/1499/1161 1233/1439/1161 1239/1445/1161
f 1239/1445/1161 1289/1498/1161 1290/1499/1161
f 1292/1501/1162 1241/1447/1162 1240/1446/1162
f 1240/1446/1162 1291/1500/1162 1292/1501/1162
f 1294/1503/1163 1243/1449/1163 1242/1448/1163
f 1242/1448/1163 1293/1502/1163 1294/1503/1163
f 1287/1496/1164 1238/1444/1164 1241/1450/1164
f 1241/1450/1164 1292/1504/1164 1287/1496/1164
f 1296/1506/1165 1245/1452/1165 1244/1451/1165
f 1244/1451/1165 1295/1505/1165 1296/1506/1165
f 1291/1500/1166 1240/1446/1166 1246/1453/1166
f 1246/1453/1166 1297/1507/1166 1291/1500/1166
f 1293/1502/1167 1242/1448/1167 1245/1452/1167
f 1245/1452/1167 1296/1506/1167 1293/1502/1167
f 1297/1507/1168 1246/1453/1168 1249/1456/1168
f 1249/1456/1168 1298/1508/1168 1297/1507/1168
f 1295/1505/1169 1244/1451/1169 1250/1457/1169
f 1250/1457/1169 1299/1509/1169 1295/1505/1169
f 1301/1511/1170 1252/1459/1170 1251/1458/1170
f 1251/1458/1170 1300/1510/1170 1301/1511/1170
f 1302/1512/1171 1253/1460/1171 1243/1449/1171
f 1243/1449/1171 1294/1503/1171 1302/1512/1171
f 1303/1513/1172 1254/1461/1172 1252/1459/1172
f 1252/1459/1172 1301/1511/1172 1303/1513/1172
f 1289/1498/1173 1239/1445/1173 1253/1460/1173
f 1253/1460/1173 1302/1512/1173 1289/1498/1173
f 1304/1514/1174 1255/1462/1174 1254/1461/1174
f 1254/1461/1174 1303/1513/1174 1304/1514/1174
f 1306/1516/1175 1256/1463/1175 1236/1442/1175
f 1236/1442/1175 1305/1515/1175 1306/1516/1175
f 1308/1518/1176 1258/1465/1176 1257/1464/1176
f 1257/1464/1176 1307/1517/1176 1308/1518/1176
f 1310/1520/1177 1260/1467/1177 1259/1466/1177
f 1259/1466/1177 1309/1519/1177 1310/1520/1177
f 1311/1521/1176 1247/1454/1176 1258/1465/1176
f 1258/1465/1176 1308/1518/1176 1311/1521/1176
f 1309/1523/1178 1259/1469/1178 1261/1468/1178
f 1261/1468/1178 1312/1522/1178 1309/1523/1178
f 1314/1525/1179 1263/1471/1179 1262/1470/1179
f 1262/1470/1179 1313/1524/1179 1314/1525/1179
f 1315/1526/1180 1227/1433/1180 1260/1467/1180
f 1260/1467/1180 1310/1520/1180 1315/1526/1180
f 1300/1510/1170 1251/1458/1170 1248/1455/1170
f 1248/1455/1170 1316/1527/1170 1300/1510/1170
f 1318/1529/1181 1265/1474/1181 1264/1473/1181
f 1264/1473/1181 1317/1528/1181 1318/1529/1181
f 1319/1530/1182 1266/1475/1182 1255/1462/1182
f 1255/1462/1182 1304/1514/1182 1319/1530/1182
f 1321/1532/1183 1267/1476/1183 1228/1434/1183
f 1228/1434/1183 1320/1531/1183 1321/1532/1183
f 1322/1533/1182 1268/1477/1182 1266/1475/1182
f 1266/1475/1182 1319/1530/1182 1322/1533/1182
f 1324/1535/1184 1270/1479/1184 1269/1478/1184
f 1269/1478/1184 1323/1534/1184 1324/1535/1184
f 1325/1536/1185 1271/1480/1185 1268/1477/1185
f 1268/1477/1185 1322/1533/1185 1325/1536/1185
f 1323/1534/1186 1269/1478/1186 1267/1476/1186
f 1267/1476/1186 1321/1532/1186 1323/1534/1186
f 1326/1537/1187 1272/1481/1187 1271/1480/1187
f 1271/1480/1187 1325/1536/1187 1326/1537/1187
f 1317/1528/1188 1264/1473/1188 1270/1479/1188
f 1270/1479/1188 1324/1535/1188 1317/1528/1188
f 1327/1538/1189 1273/1482/1189 1272/1481/1189
f 1272/1481/1189 1326/1537/1189 1327/1538/1189
f 1316/1527/1176 1248/1455/1176 1247/1454/1176
f 1247/1454/1176 1311/1521/1176 1316/1527/1176
f 1329/1540/1190 1275/1484/1190 1274/1483/1190
f 1274/1483/1190 1328/1539/1190 1329/1540/1190
f 1330/1541/1191 1276/1485/1191 1273/1482/1191
f 1273/1482/1191 1327/1538/1191 1330/1541/1191
f 1298/1508/1192 1249/1456/1192 1256/1463/1192
f 1256/1463/1192 1306/1516/1192 1298/1508/1192
f 1332/1543/1193 1278/1487/1193 1277/1486/1193
f 1277/1486/1193 1331/1542/1193 1332/1543/1193
f 1312/1522/1194 1261/1468/1194 1276/1485/1194
f 1276/1485/1194 1330/1541/1194 1312/1522/1194
f 1313/1524/1195 1262/1470/1195 1279/1488/1195
f 1279/1488/1195 1333/1544/1195 1313/1524/1195
f 1331/1542/1196 1277/1486/1196 1280/1489/1196
f 1280/1489/1196 1334/1545/1196 1331/1542/1196
f 1336/1547/1197 1281/1490/1197 1232/1438/1197
f 1232/1438/1197 1335/1546/1197 1336/1547/1197
f 1333/1544/1198 1279/1488/1198 1282/1491/1198
f 1282/1491/1198 1337/1548/1198 1333/1544/1198
f 1328/1539/1199 1274/1483/1199 1278/1487/1199
f 1278/1487/1199 1332/1543/1199 1328/1539/1199
f 1338/1549/1200 1225/1431/1200 1281/1490/1200
f 1281/1490/1200 1336/1547/1200 1338/1549/1200
f 1337/1548/1201 1282/1491/1201 1283/1492/1201
f 1283/1492/1201 1339/1550/1201 1337/1548/1201
f 1334/1545/1202 1280/1489/1202 1284/1493/1202
f 1284/1493/1202 1340/1551/1202 1334/1545/1202
f 1342/1553/1203 1231/1437/1203 1235/1441/1203
f 1235/1441/1203 1341/1552/1203 1342/1553/1203
f 1339/1550/1204 1283/1492/1204 1226/1432/1204
f 1226/1432/1204 1343/1554/1204 1339/1550/1204
f 1340/1551/1205 1284/1493/1205 1265/1474/1205
f 1265/1474/1205 1318/1529/1205 1340/1551/1205
f 1345/1556/1206 1224/1430/1206 1223/1429/1206
f 1223/1429/1206 1344/1555/1206 1345/1556/1206
f 1343/1554/1207 1226/1432/1207 1225/1431/1207
f 1225/1431/1207 1338/1549/1207 1343/1554/1207
f 1320/1531/1208 1228/1434/1208 1227/1433/1208
f 1227/1433/1208 1315/1526/1208 1320/1531/1208
f 1346/1557/1209 1230/1436/1209 1229/1435/1209
f 1229/1435/1209 1286/1495/1209 1346/1557/1209
f 1335/1546/1210 1232/1438/1210 1231/1437/1210
f 1231/1437/1210 1342/1553/1210 1335/1546/1210
f 1285/1494/1211 1234/1440/1211 1233/1439/1211
f 1233/1439/1211 1290/1499/1211 1285/1494/1211
f 1341/1552/1212 1235/1441/1212 1224/1430/1212
f 1224/1430/1212 1345/1556/1212 1341/1552/1212
f 1305/1515/1213 1236/1442/1213 1230/1436/1213
f 1230/1436/1213 1346/1557/1213 1305/1515/1213
f 1344/1555/1214 1223/1429/1214 1237/1443/1214
f 1237/1443/1214 1288/1497/1214 1344/1555/1214
f 1350/1561/1215 1347/1558/1215 1348/1559/1215
f 1348/1559/1215 1349/1560/1215 1350/1561/1215
f 1352/1563/1216 1338/1549/1216 1336/1547/1216
f 1336/1547/1216 1351/1562/1216 1352/1563/1216
f 1354/1565/1217 1337/1548/1217 1339/1550/1217
f 1339/1550/1217 1353/1564/1217 1354/1565/1217
f 1358/1569/1218 1355/1566/1218 1356/1567/1218
f 1356/1567/1218 1357/1568/1218 1358/1569/1218
f 1356/1567/1219 1342/1553/1219 1341/1552/1219
f 1341/1552/1219 1359/1570/1219 1356/1567/1219
f 1353/1564/1220 1339/1550/1220 1343/1554/1220
f 1343/1554/1220 1360/1571/1220 1353/1564/1220
f 1364/1575/1221 1361/1572/1221 1362/1573/1221
f 1362/1573/1221 1363/1574/1221 1364/1575/1221
f 1366/1577/1222 1345/1556/1222 1344/1555/1222
f 1344/1555/1222 1365/1576/1222 1366/1577/1222
f 1360/1571/1223 1343/1554/1223 1338/1549/1223
f 1338/1549/1223 1352/1563/1223 1360/1571/1223
f 1370/1581/1224 1367/1578/1224 1368/1579/1224
f 1368/1579/1224 1369/1580/1224 1370/1581/1224
f 1372/1583/1225 1346/1557/1225 1286/1495/1225
f 1286/1495/1225 1371/1582/1225 1372/1583/1225
f 1355/1566/1226 1335/1546/1226 1342/1553/1226
f 1342/1553/1226 1356/1567/1226 1355/1566/1226
f 1347/1558/1227 1285/1494/1227 1290/1499/1227
f 1290/1499/1227 1348/1559/1227 1347/1558/1227
f 1359/1570/1228 1341/1552/1228 1345/1556/1228
f 1345/1556/1228 1366/1577/1228 1359/1570/1228
f 1373/1584/1229 1305/1515/1229 1346/1557/1229
f 1346/1557/1229 1372/1583/1229 1373/1584/1229
f 1365/1576/1230 1344/1555/1230 1288/1497/1230
f 1288/1497/1230 1374/1585/1230 1365/1576/1230
f 1371/1582/1231 1286/1495/1231 1285/1494/1231
f 1285/1494/1231 1347/1558/1231 1371/1582/1231
f 1374/1585/1232 1288/1497/1232 1287/1496/1232
f 1287/1496/1232 1375/1586/1232 1374/1585/1232
f 1348/1559/1233 1290/1499/1233 1289/1498/1233
f 1289/1498/1233 1376/1587/1233 1348/1559/1233
f 1378/1589/1234 1292/1501/1234 1291/1500/1234
f 1291/1500/1234 1377/1588/1234 1378/1589/1234
f 1380/1591/1235 1294/1503/1235 1293/1502/1235
f 1293/1502/1235 1379/1590/1235 1380/1591/1235
f 1375/1586/1236 1287/1496/1236 1292/1504/1236
f 1292/1504/1236 1378/1592/1236 1375/1586/1236
f 1382/1594/1237 1296/1506/1237 1295/1505/1237
f 1295/1505/1237 1381/1593/1237 1382/1594/1237
f 1377/1588/1238 1291/1500/1238 1297/1507/1238
f 1297/1507/1238 1383/1595/1238 1377/1588/1238
f 1379/1590/1239 1293/1502/1239 1296/1506/1239
f 1296/1506/1239 1382/1594/1239 1379/1590/1239
f 1383/1595/1240 1297/1507/1240 1298/1508/1240
f 1298/1508/1240 1384/1596/1240 1383/1595/1240
f 1381/1593/1241 1295/1505/1241 1299/1509/1241
f 1299/1509/1241 1385/1597/1241 1381/1593/1241
f 1387/1599/1242 1301/1511/1242 1300/1510/1242
f 1300/1510/1242 1386/1598/1242 1387/1599/1242
f 1388/1600/1243 1302/1512/1243 1294/1503/1243
f 1294/1503/1243 1380/1591/1243 1388/1600/1243
f 1389/1601/1242 1303/1513/1242 1301/1511/1242
f 1301/1511/1242 1387/1599/1242 1389/1601/1242
f 1376/1587/1244 1289/1498/1244 1302/1512/1244
f 1302/1512/1244 1388/1600/1244 1376/1587/1244
f 1390/1602/1245 1304/1514/1245 1303/1513/1245
f 1303/1513/1245 1389/1601/1245 1390/1602/1245
f 1391/1603/1246 1306/1516/1246 1305/1515/1246
f 1305/1515/1246 1373/1584/1246 1391/1603/1246
f 1393/1605/1247 1308/1518/1247 1307/1517/1247
f 1307/1517/1247 1392/1604/1247 1393/1605/1247
f 1362/1573/1248 1310/1520/1248 1309/1519/1248
f 1309/1519/1248 1394/1606/1248 1362/1573/1248
f 1395/1607/1247 1311/1521/1247 1308/1518/1247
f 1308/1518/1247 1393/1605/1247 1395/1607/1247
f 1394/1609/1249 1309/1523/1249 1312/1522/1249
f 1312/1522/1249 1396/1608/1249 1394/1609/1249
f 1367/1578/1250 1314/1525/1250 1313/1524/1250
f 1313/1524/1250 1368/1579/1250 1367/1578/1250
f 1361/1572/1251 1315/1526/1251 1310/1520/1251
f 1310/1520/1251 1362/1573/1251 1361/1572/1251
f 1386/1598/1252 1300/1510/1252 1316/1527/1252
f 1316/1527/1252 1397/1610/1252 1386/1598/1252
f 1399/1612/1253 1372/1583/1253 1371/1582/1253
f 1371/1582/1253 1398/1611/1253 1399/1612/1253
f 1400/1613/1254 1319/1530/1254 1304/1514/1254
f 1304/1514/1254 1390/1602/1254 1400/1613/1254
f 1402/1615/1255 1360/1571/1255 1352/1563/1255
f 1352/1563/1255 1401/1614/1255 1402/1615/1255
f 1403/1616/1254 1322/1533/1254 1319/1530/1254
f 1319/1530/1254 1400/1613/1254 1403/1616/1254
f 1405/1618/1256 1394/1609/1256 1396/1608/1256
f 1396/1608/1256 1404/1617/1256 1405/1618/1256
f 1406/1619/1257 1325/1536/1257 1322/1533/1257
f 1322/1533/1257 1403/1616/1257 1406/1619/1257
f 1408/1621/1258 1395/1607/1258 1393/1605/1258
f 1393/1605/1258 1407/1620/1258 1408/1621/1258
f 1409/1622/1259 1326/1537/1259 1325/1536/1259
f 1325/1536/1259 1406/1619/1259 1409/1622/1259
f 1411/1624/1260 1366/1577/1260 1365/1576/1260
f 1365/1576/1260 1410/1623/1260 1411/1624/1260
f 1412/1625/1261 1327/1538/1261 1326/1537/1261
f 1326/1537/1261 1409/1622/1261 1412/1625/1261
f 1397/1610/1262 1316/1527/1262 1311/1521/1262
f 1311/1521/1262 1395/1607/1262 1397/1610/1262
f 1413/1626/1263 1353/1564/1263 1360/1571/1263
f 1360/1571/1263 1402/1615/1263 1413/1626/1263
f 1414/1627/1264 1330/1541/1264 1327/1538/1264
f 1327/1538/1264 1412/1625/1264 1414/1627/1264
f 1384/1596/1265 1298/1508/1265 1306/1516/1265
f 1306/1516/1265 1391/1603/1265 1384/1596/1265
f 1363/1574/1266 1362/1573/1266 1394/1606/1266
f 1394/1606/1266 1405/1628/1266 1363/1574/1266
f 1396/1608/1267 1312/1522/1267 1330/1541/1267
f 1330/1541/1267 1414/1627/1267 1396/1608/1267
f 1368/1579/1268 1313/1524/1268 1333/1544/1268
f 1333/1544/1268 1415/1629/1268 1368/1579/1268
f 1407/1620/1269 1393/1605/1269 1392/1604/1269
f 1392/1604/1269 1416/1630/1269 1407/1620/1269
f 1351/1562/1270 1336/1547/1270 1335/1546/1270
f 1335/1546/1270 1355/1566/1270 1351/1562/1270
f 1415/1629/1271 1333/1544/1271 1337/1548/1271
f 1337/1548/1271 1354/1565/1271 1415/1629/1271
f 1418/1632/1272 1386/1598/1272 1397/1610/1272
f 1397/1610/1272 1417/1631/1272 1418/1632/1272
f 1419/1633/1273 1359/1570/1273 1366/1577/1273
f 1366/1577/1273 1411/1624/1273 1419/1633/1273
f 1420/1634/1274 1373/1584/1274 1372/1583/1274
f 1372/1583/1274 1399/1612/1274 1420/1634/1274
f 1422/1636/1275 1400/1613/1275 1390/1602/1275
f 1390/1602/1275 1421/1635/1275 1422/1636/1275
f 1410/1623/1276 1365/1576/1276 1374/1585/1276
f 1374/1585/1276 1423/1637/1276 1410/1623/1276
f 1398/1611/1277 1371/1582/1277 1347/1558/1277
f 1347/1558/1277 1350/1561/1277 1398/1611/1277
f 1424/1638/1275 1403/1616/1275 1400/1613/1275
f 1400/1613/1275 1422/1636/1275 1424/1638/1275
f 1423/1637/1278 1374/1585/1278 1375/1586/1278
f 1375/1586/1278 1425/1639/1278 1423/1637/1278
f 1349/1560/1279 1348/1559/1279 1376/1587/1279
f 1376/1587/1279 1426/1640/1279 1349/1560/1279
f 1427/1641/1280 1406/1619/1280 1403/1616/1280
f 1403/1616/1280 1424/1638/1280 1427/1641/1280
f 1429/1643/1281 1378/1589/1281 1377/1588/1281
f 1377/1588/1281 1428/1642/1281 1429/1643/1281
f 1431/1645/1282 1380/1591/1282 1379/1590/1282
f 1379/1590/1282 1430/1644/1282 1431/1645/1282
f 1432/1646/1283 1409/1622/1283 1406/1619/1283
f 1406/1619/1283 1427/1641/1283 1432/1646/1283
f 1425/1639/1284 1375/1586/1284 1378/1592/1284
f 1378/1592/1284 1429/1647/1284 1425/1639/1284
f 1434/1649/1285 1382/1594/1285 1381/1593/1285
f 1381/1593/1285 1433/1648/1285 1434/1649/1285
f 1435/1650/1286 1412/1625/1286 1409/1622/1286
f 1409/1622/1286 1432/1646/1286 1435/1650/1286
f 1428/1642/1287 1377/1588/1287 1383/1595/1287
f 1383/1595/1287 1436/1651/1287 1428/1642/1287
f 1430/1644/1288 1379/1590/1288 1382/1594/1288
f 1382/1594/1288 1434/1649/1288 1430/1644/1288
f 1417/1631/1269 1397/1610/1269 1395/1607/1269
f 1395/1607/1269 1408/1621/1269 1417/1631/1269
f 1437/1652/1289 1414/1627/1289 1412/1625/1289
f 1412/1625/1289 1435/1650/1289 1437/1652/1289
f 1436/1651/1290 1383/1595/1290 1384/1596/1290
f 1384/1596/1290 1438/1653/1290 1436/1651/1290
f 1433/1648/1291 1381/1593/1291 1385/1597/1291
f 1385/1597/1291 1439/1654/1291 1433/1648/1291
f 1438/1653/1292 1384/1596/1292 1391/1603/1292
f 1391/1603/1292 1440/1655/1292 1438/1653/1292
f 1404/1617/1293 1396/1608/1293 1414/1627/1293
f 1414/1627/1293 1437/1652/1293 1404/1617/1293
f 1441/1656/1294 1387/1599/1294 1386/1598/1294
f 1386/1598/1294 1418/1632/1294 1441/1656/1294
f 1442/1657/1295 1388/1600/1295 1380/1591/1295
f 1380/1591/1295 1431/1645/1295 1442/1657/1295
f 1369/1580/1296 1368/1579/1296 1415/1629/1296
f 1415/1629/1296 1443/1658/1296 1369/1580/1296
f 1444/1659/1297 1351/1562/1297 1355/1566/1297
f 1355/1566/1297 1358/1569/1297 1444/1659/1297
f 1445/1660/1294 1389/1601/1294 1387/1599/1294
f 1387/1599/1294 1441/1656/1294 1445/1660/1294
f 1426/1640/1298 1376/1587/1298 1388/1600/1298
f 1388/1600/1298 1442/1657/1298 1426/1640/1298
f 1443/1658/1299 1415/1629/1299 1354/1565/1299
f 1354/1565/1299 1446/1661/1299 1443/1658/1299
f 1401/1614/1300 1352/1563/1300 1351/1562/1300
f 1351/1562/1300 1444/1659/1300 1401/1614/1300
f 1421/1635/1301 1390/1602/1301 1389/1601/1301
f 1389/1601/1301 1445/1660/1301 1421/1635/1301
f 1440/1655/1302 1391/1603/1302 1373/1584/1302
f 1373/1584/1302 1420/1634/1302 1440/1655/1302
f 1446/1661/1303 1354/1565/1303 1353/1564/1303
f 1353/1564/1303 1413/1626/1303 1446/1661/1303
f 1357/1568/1304 1356/1567/1304 1359/1570/1304
f 1359/1570/1304 1419/1633/1304 1357/1568/1304
f 1448/1663/1305 1443/1658/1305 1446/1661/1305
f 1446/1661/1305 1447/1662/1305 1448/1663/1305
f 1450/1665/1306 1442/1657/1306 1431/1645/1306
f 1431/1645/1306 1449/1664/1306 1450/1665/1306
f 1452/1667/1307 1444/1659/1307 1358/1569/1307
f 1358/1569/1307 1451/1666/1307 1452/1667/1307
f 1454/1669/1308 1425/1639/1308 1429/1647/1308
f 1429/1647/1308 1453/1668/1308 1454/1669/1308
f 1455/1670/1309 1369/1580/1309 1443/1658/1309
f 1443/1658/1309 1448/1663/1309 1455/1670/1309
f 1456/1671/1310 1426/1640/1310 1442/1657/1310
f 1442/1657/1310 1450/1665/1310 1456/1671/1310
f 1457/1672/1311 1401/1614/1311 1444/1659/1311
f 1444/1659/1311 1452/1667/1311 1457/1672/1311
f 1453/1674/1312 1429/1643/1312 1428/1642/1312
f 1428/1642/1312 1458/1673/1312 1453/1674/1312
f 1460/1676/1313 1440/1655/1313 1420/1634/1313
f 1420/1634/1313 1459/1675/1313 1460/1676/1313
f 1462/1678/1314 1357/1568/1314 1419/1633/1314
f 1419/1633/1314 1461/1677/1314 1462/1678/1314
f 1463/1679/1315 1423/1637/1315 1425/1639/1315
f 1425/1639/1315 1454/1669/1315 1463/1679/1315
f 1465/1681/1316 1424/1638/1316 1422/1636/1316
f 1422/1636/1316 1464/1680/1316 1465/1681/1316
f 1467/1683/1317 1363/1574/1317 1405/1628/1317
f 1405/1628/1317 1466/1682/1317 1467/1683/1317
f 1468/1684/1318 1402/1615/1318 1401/1614/1318
f 1401/1614/1318 1457/1672/1318 1468/1684/1318
f 1470/1686/1319 1411/1624/1319 1410/1623/1319
f 1410/1623/1319 1469/1685/1319 1470/1686/1319
f 1464/1680/1320 1422/1636/1320 1421/1635/1320
f 1421/1635/1320 1471/1687/1320 1464/1680/1320
f 1466/1689/1321 1405/1618/1321 1404/1617/1321
f 1404/1617/1321 1472/1688/1321 1466/1689/1321
f 1474/1691/1322 1399/1612/1322 1398/1611/1322
f 1398/1611/1322 1473/1690/1322 1474/1691/1322
f 1475/1692/1323 1438/1653/1323 1440/1655/1323
f 1440/1655/1323 1460/1676/1323 1475/1692/1323
f 1477/1694/1324 1418/1632/1324 1417/1631/1324
f 1417/1631/1324 1476/1693/1324 1477/1694/1324
f 1478/1695/1325 1364/1575/1325 1363/1574/1325
f 1363/1574/1325 1467/1683/1325 1478/1695/1325
f 1480/1697/1326 1350/1561/1326 1349/1560/1326
f 1349/1560/1326 1479/1696/1326 1480/1697/1326
f 1481/1698/1327 1370/1581/1327 1369/1580/1327
f 1369/1580/1327 1455/1670/1327 1481/1698/1327
f 1459/1675/1328 1420/1634/1328 1399/1612/1328
f 1399/1612/1328 1474/1691/1328 1459/1675/1328
f 1476/1693/1329 1417/1631/1329 1408/1621/1329
f 1408/1621/1329 1482/1699/1329 1476/1693/1329
f 1482/1699/1329 1408/1621/1329 1407/1620/1329
f 1407/1620/1329 1483/1700/1329 1482/1699/1329
f 1473/1690/1330 1398/1611/1330 1350/1561/1330
f 1350/1561/1330 1480/1697/1330 1473/1690/1330
f 1469/1685/1331 1410/1623/1331 1423/1637/1331
f 1423/1637/1331 1463/1679/1331 1469/1685/1331
f 1483/1700/1332 1407/1620/1332 1416/1630/1332
f 1416/1630/1332 1484/1701/1332 1483/1700/1332
f 1479/1696/1333 1349/1560/1333 1426/1640/1333
f 1426/1640/1333 1456/1671/1333 1479/1696/1333
f 1461/1677/1334 1419/1633/1334 1411/1624/1334
f 1411/1624/1334 1470/1686/1334 1461/1677/1334
f 1485/1702/1335 1427/1641/1335 1424/1638/1335
f 1424/1638/1335 1465/1681/1335 1485/1702/1335
f 1471/1687/1336 1421/1635/1336 1445/1660/1336
f 1445/1660/1336 1486/1703/1336 1471/1687/1336
f 1487/1704/1337 1413/1626/1337 1402/1615/1337
f 1402/1615/1337 1468/1684/1337 1487/1704/1337
f 1449/1664/1338 1431/1645/1338 1430/1644/1338
f 1430/1644/1338 1488/1705/1338 1449/1664/1338
f 1489/1706/1339 1432/1646/1339 1427/1641/1339
f 1427/1641/1339 1485/1702/1339 1489/1706/1339
f 1486/1703/1340 1445/1660/1340 1441/1656/1340
f 1441/1656/1340 1490/1707/1340 1486/1703/1340
f 1492/1709/1341 1434/1649/1341 1433/1648/1341
f 1433/1648/1341 1491/1708/1341 1492/1709/1341
f 1493/1710/1342 1435/1650/1342 1432/1646/1342
f 1432/1646/1342 1489/1706/1342 1493/1710/1342
f 1490/1707/1340 1441/1656/1340 1418/1632/1340
f 1418/1632/1340 1477/1694/1340 1490/1707/1340
f 1447/1662/1343 1446/1661/1343 1413/1626/1343
f 1413/1626/1343 1487/1704/1343 1447/1662/1343
f 1488/1705/1344 1430/1644/1344 1434/1649/1344
f 1434/1649/1344 1492/1709/1344 1488/1705/1344
f 1494/1711/1345 1437/1652/1345 1435/1650/1345
f 1435/1650/1345 1493/1710/1345 1494/1711/1345
f 1495/1712/1346 1436/1651/1346 1438/1653/1346
f 1438/1653/1346 1475/1692/1346 1495/1712/1346
f 1433/1648/1347 1439/1654/1347 1491/1708/1347
f 1451/1666/1348 1358/1569/1348 1357/1568/1348
f 1357/1568/1348 1462/1678/1348 1451/1666/1348
f 1472/1688/1349 1404/1617/1349 1437/1652/1349
f 1437/1652/1349 1494/1711/1349 1472/1688/1349
f 1458/1673/1350 1428/1642/1350 1436/1651/1350
f 1436/1651/1350 1495/1712/1350 1458/1673/1350
f 1497/1716/1351 1460/1713/1351 1459/1714/1351
f 1459/1714/1351 1496/1715/1351 1497/1716/1351
f 1498/1718/1352 1475/1717/1352 1460/1713/1352
f 1460/1713/1352 1497/1716/1352 1498/1718/1352
f 1500/1722/1353 1479/1719/1353 1456/1720/1353
f 1456/1720/1353 1499/1721/1353 1500/1722/1353
f 1502/1726/1354 1449/1723/1354 1488/1724/1354
f 1488/1724/1354 1501/1725/1354 1502/1726/1354
f 1503/1728/1355 1495/1727/1355 1475/1717/1355
f 1475/1717/1355 1498/1718/1355 1503/1728/1355
f 1505/1732/1356 1492/1729/1356 1491/1730/1356
f 1491/1730/1356 1504/1731/1356 1505/1732/1356
f 1506/1734/1357 1458/1733/1357 1495/1727/1357
f 1495/1727/1357 1503/1728/1357 1506/1734/1357
f 1501/1725/1358 1488/1724/1358 1492/1729/1358
f 1492/1729/1358 1505/1732/1358 1501/1725/1358
f 1508/1738/1359 1474/1735/1359 1473/1736/1359
f 1473/1736/1359 1507/1737/1359 1508/1738/1359
f 1504/1731/1360 1491/1730/1360 1439/1739/1360
f 1439/1739/1360 1509/1740/1360 1504/1731/1360
f 1510/1742/1361 1480/1741/1361 1479/1719/1361
f 1479/1719/1361 1500/1722/1361 1510/1742/1361
f 1454/1744/1362 1453/1743/1362 1458/1733/1362
f 1458/1733/1362 1506/1734/1362 1454/1744/1362
f 1511/1746/1363 1450/1745/1363 1449/1723/1363
f 1449/1723/1363 1502/1726/1363 1511/1746/1363
f 1496/1715/1364 1459/1714/1364 1474/1735/1364
f 1474/1735/1364 1508/1738/1364 1496/1715/1364
f 1499/1721/1365 1456/1720/1365 1450/1745/1365
f 1450/1745/1365 1511/1746/1365 1499/1721/1365
f 1507/1737/1366 1473/1736/1366 1480/1741/1366
f 1480/1741/1366 1510/1742/1366 1507/1737/1366
f 1513/1748/1367 1499/1721/1367 1511/1746/1367
f 1511/1746/1367 1512/1747/1367 1513/1748/1367
f 1515/1750/1368 1507/1737/1368 1510/1742/1368
f 1510/1742/1368 1514/1749/1368 1515/1750/1368
f 1517/1752/1369 1503/1728/1369 1498/1718/1369
f 1498/1718/1369 1516/1751/1369 1517/1752/1369
f 1519/1754/1370 1497/1716/1370 1496/1715/1370
f 1496/1715/1370 1518/1753/1370 1519/1754/1370
f 1520/1755/1371 1500/1722/1371 1499/1721/1371
f 1499/1721/1371 1513/1748/1371 1520/1755/1371
f 1521/1756/1372 1506/1734/1372 1503/1728/1372
f 1503/1728/1372 1517/1752/1372 1521/1756/1372
f 1523/1758/1373 1502/1726/1373 1501/1725/1373
f 1501/1725/1373 1522/1757/1373 1523/1758/1373
f 1525/1760/1374 1505/1732/1374 1504/1731/1374
f 1504/1731/1374 1524/1759/1374 1525/1760/1374
f 1516/1751/1375 1498/1718/1375 1497/1716/1375
f 1497/1716/1375 1519/1754/1375 1516/1751/1375
f 1463/1679/1376 1454/1669/1376 1506/1761/1376
f 1506/1761/1376 1521/1762/1376 1463/1679/1376
f 1522/1757/1377 1501/1725/1377 1505/1732/1377
f 1505/1732/1377 1525/1760/1377 1522/1757/1377
f 1526/1763/1378 1508/1738/1378 1507/1737/1378
f 1507/1737/1378 1515/1750/1378 1526/1763/1378
f 1524/1759/1379 1504/1731/1379 1509/1740/1379
f 1509/1740/1379 1527/1764/1379 1524/1759/1379
f 1514/1749/1380 1510/1742/1380 1500/1722/1380
f 1500/1722/1380 1520/1755/1380 1514/1749/1380
f 1512/1747/1381 1511/1746/1381 1502/1726/1381
f 1502/1726/1381 1523/1758/1381 1512/1747/1381
f 1518/1753/1382 1496/1715/1382 1508/1738/1382
f 1508/1738/1382 1526/1763/1382 1518/1753/1382
f 1529/1766/1383 1514/1749/1383 1520/1755/1383
f 1520/1755/1383 1528/1765/1383 1529/1766/1383
f 1531/1768/1384 1512/1747/1384 1523/1758/1384
f 1523/1758/1384 1530/1767/1384 1531/1768/1384
f 1533/1770/1385 1518/1753/1385 1526/1763/1385
f 1526/1763/1385 1532/1769/1385 1533/1770/1385
f 1534/1771/1386 1513/1748/1386 1512/1747/1386
f 1512/1747/1386 1531/1768/1386 1534/1771/1386
f 1535/1772/1387 1515/1750/1387 1514/1749/1387
f 1514/1749/1387 1529/1766/1387 1535/1772/1387
f 1537/1774/1388 1517/1752/1388 1516/1751/1388
f 1516/1751/1388 1536/1773/1388 1537/1774/1388
f 1538/1775/1389 1519/1754/1389 1518/1753/1389
f 1518/1753/1389 1533/1770/1389 1538/1775/1389
f 1528/1765/1390 1520/1755/1390 1513/1748/1390
f 1513/1748/1390 1534/1771/1390 1528/1765/1390
f 1539/1776/1391 1521/1756/1391 1517/1752/1391
f 1517/1752/1391 1537/1774/1391 1539/1776/1391
f 1530/1767/1392 1523/1758/1392 1522/1757/1392
f 1522/1757/1392 1540/1777/1392 1530/1767/1392
f 1542/1779/1393 1525/1760/1393 1524/1759/1393
f 1524/1759/1393 1541/1778/1393 1542/1779/1393
f 1536/1773/1394 1516/1751/1394 1519/1754/1394
f 1519/1754/1394 1538/1775/1394 1536/1773/1394
f 1540/1777/1395 1522/1757/1395 1525/1760/1395
f 1525/1760/1395 1542/1779/1395 1540/1777/1395
f 1532/1769/1396 1526/1763/1396 1515/1750/1396
f 1515/1750/1396 1535/1772/1396 1532/1769/1396
f 1469/1685/1397 1463/1679/1397 1521/1762/1397
f 1521/1762/1397 1539/1780/1397 1469/1685/1397
f 1541/1778/1398 1524/1759/1398 1527/1764/1398
f 1527/1764/1398 1543/1781/1398 1541/1778/1398
f 1545/1783/1399 1529/1766/1399 1528/1765/1399
f 1528/1765/1399 1544/1782/1399 1545/1783/1399
f 1547/1785/1400 1531/1768/1400 1530/1767/1400
f 1530/1767/1400 1546/1784/1400 1547/1785/1400
f 1549/1787/1401 1533/1770/1401 1532/1769/1401
f 1532/1769/1401 1548/1786/1401 1549/1787/1401
f 1551/1789/1402 1537/1774/1402 1536/1773/1402
f 1536/1773/1402 1550/1788/1402 1551/1789/1402
f 1552/1790/1403 1539/1776/1403 1537/1774/1403
f 1537/1774/1403 1551/1789/1403 1552/1790/1403
f 1553/1791/1404 1534/1771/1404 1531/1768/1404
f 1531/1768/1404 1547/1785/1404 1553/1791/1404
f 1554/1792/1405 1535/1772/1405 1529/1766/1405
f 1529/1766/1405 1545/1783/1405 1554/1792/1405
f 1555/1796/1406 1538/1793/1406 1533/1794/1406
f 1533/1794/1406 1549/1795/1406 1555/1796/1406
f 1544/1782/1407 1528/1765/1407 1534/1771/1407
f 1534/1771/1407 1553/1791/1407 1544/1782/1407
f 1546/1784/1408 1530/1767/1408 1540/1777/1408
f 1540/1777/1408 1556/1797/1408 1546/1784/1408
f 1470/1686/1409 1469/1685/1409 1539/1780/1409
f 1539/1780/1409 1552/1798/1409 1470/1686/1409
f 1558/1800/1410 1542/1779/1410 1541/1778/1410
f 1541/1778/1410 1557/1799/1410 1558/1800/1410
f 1550/1788/1411 1536/1773/1411 1538/1775/1411
f 1538/1775/1411 1555/1801/1411 1550/1788/1411
f 1556/1797/1412 1540/1777/1412 1542/1779/1412
f 1542/1779/1412 1558/1800/1412 1556/1797/1412
f 1548/1786/1413 1532/1769/1413 1535/1772/1413
f 1535/1772/1413 1554/1792/1413 1548/1786/1413
f 1557/1799/1414 1541/1778/1414 1543/1781/1414
f 1543/1781/1414 1559/1802/1414 1557/1799/1414
f 1561/1804/1415 1554/1792/1415 1545/1783/1415
f 1545/1783/1415 1560/1803/1415 1561/1804/1415
f 1563/1806/1416 1555/1796/1416 1549/1795/1416
f 1549/1795/1416 1562/1805/1416 1563/1806/1416
f 1565/1808/1417 1544/1782/1417 1553/1791/1417
f 1553/1791/1417 1564/1807/1417 1565/1808/1417
f 1567/1810/1418 1551/1789/1418 1550/1788/1418
f 1550/1788/1418 1566/1809/1418 1567/1810/1418
f 1569/1812/1419 1546/1784/1419 1556/1797/1419
f 1556/1797/1419 1568/1811/1419 1569/1812/1419
f 1570/1813/1420 1552/1790/1420 1551/1789/1420
f 1551/1789/1420 1567/1810/1420 1570/1813/1420
f 1461/1677/1421 1470/1686/1421 1552/1798/1421
f 1552/1798/1421 1570/1814/1421 1461/1677/1421
f 1572/1816/1422 1558/1800/1422 1557/1799/1422
f 1557/1799/1422 1571/1815/1422 1572/1816/1422
f 1566/1809/1423 1550/1788/1423 1555/1801/1423
f 1555/1801/1423 1563/1817/1423 1566/1809/1423
f 1568/1811/1424 1556/1797/1424 1558/1800/1424
f 1558/1800/1424 1572/1816/1424 1568/1811/1424
f 1573/1818/1425 1548/1786/1425 1554/1792/1425
f 1554/1792/1425 1561/1804/1425 1573/1818/1425
f 1571/1815/1426 1557/1799/1426 1559/1802/1426
f 1559/1802/1426 1574/1819/1426 1571/1815/1426
f 1560/1803/1427 1545/1783/1427 1544/1782/1427
f 1544/1782/1427 1565/1808/1427 1560/1803/1427
f 1575/1820/1428 1547/1785/1428 1546/1784/1428
f 1546/1784/1428 1569/1812/1428 1575/1820/1428
f 1562/1821/1429 1549/1787/1429 1548/1786/1429
f 1548/1786/1429 1573/1818/1429 1562/1821/1429
f 1564/1807/1430 1553/1791/1430 1547/1785/1430
f 1547/1785/1430 1575/1820/1430 1564/1807/1430
f 1462/1678/1431 1461/1677/1431 1570/1814/1431
f 1570/1814/1431 1576/1822/1431 1462/1678/1431
f 1578/1824/1432 1571/1815/1432 1574/1819/1432
f 1574/1819/1432 1577/1823/1432 1578/1824/1432
f 1580/1826/1433 1560/1803/1433 1565/1808/1433
f 1565/1808/1433 1579/1825/1433 1580/1826/1433
f 1582/1828/1434 1575/1820/1434 1569/1812/1434
f 1569/1812/1434 1581/1827/1434 1582/1828/1434
f 1584/1830/1435 1562/1821/1435 1573/1818/1435
f 1573/1818/1435 1583/1829/1435 1584/1830/1435
f 1585/1831/1436 1564/1807/1436 1575/1820/1436
f 1575/1820/1436 1582/1828/1436 1585/1831/1436
f 1586/1832/1437 1561/1804/1437 1560/1803/1437
f 1560/1803/1437 1580/1826/1437 1586/1832/1437
f 1587/1833/1438 1563/1817/1438 1562/1821/1438
f 1562/1821/1438 1584/1830/1438 1587/1833/1438
f 1579/1825/1439 1565/1808/1439 1564/1807/1439
f 1564/1807/1439 1585/1831/1439 1579/1825/1439
f 1589/1835/1440 1567/1810/1440 1566/1809/1440
f 1566/1809/1440 1588/1834/1440 1589/1835/1440
f 1581/1827/1441 1569/1812/1441 1568/1811/1441
f 1568/1811/1441 1590/1836/1441 1581/1827/1441
f 1576/1837/1442 1570/1813/1442 1567/1810/1442
f 1567/1810/1442 1589/1835/1442 1576/1837/1442
f 1591/1838/1443 1572/1816/1443 1571/1815/1443
f 1571/1815/1443 1578/1824/1443 1591/1838/1443
f 1588/1834/1444 1566/1809/1444 1563/1817/1444
f 1563/1817/1444 1587/1833/1444 1588/1834/1444
f 1590/1836/1445 1568/1811/1445 1572/1816/1445
f 1572/1816/1445 1591/1838/1445 1590/1836/1445
f 1583/1829/1446 1573/1818/1446 1561/1804/1446
f 1561/1804/1446 1586/1832/1446 1583/1829/1446
f 1593/1840/1447 1591/1838/1447 1578/1824/1447
f 1578/1824/1447 1592/1839/1447 1593/1840/1447
f 1595/1842/1448 1588/1834/1448 1587/1833/1448
f 1587/1833/1448 1594/1841/1448 1595/1842/1448
f 1596/1843/1449 1589/1835/1449 1588/1834/1449
f 1588/1834/1449 1595/1842/1449 1596/1843/1449
f 1597/1844/1450 1590/1836/1450 1591/1838/1450
f 1591/1838/1450 1593/1840/1450 1597/1844/1450
f 1599/1846/1451 1583/1829/1451 1586/1832/1451
f 1586/1832/1451 1598/1845/1451 1599/1846/1451
f 1451/1666/1452 1462/1678/1452 1576/1822/1452
f 1576/1822/1452 1600/1847/1452 1451/1666/1452
f 1592/1839/1453 1578/1824/1453 1577/1823/1453
f 1577/1823/1453 1601/1848/1453 1592/1839/1453
f 1603/1850/1454 1580/1826/1454 1579/1825/1454
f 1579/1825/1454 1602/1849/1454 1603/1850/1454
f 1605/1852/1455 1582/1828/1455 1581/1827/1455
f 1581/1827/1455 1604/1851/1455 1605/1852/1455
f 1606/1853/1456 1584/1830/1456 1583/1829/1456
f 1583/1829/1456 1599/1846/1456 1606/1853/1456
f 1600/1854/1457 1576/1837/1457 1589/1835/1457
f 1589/1835/1457 1596/1843/1457 1600/1854/1457
f 1607/1855/1458 1585/1831/1458 1582/1828/1458
f 1582/1828/1458 1605/1852/1458 1607/1855/1458
f 1598/1845/1459 1586/1832/1459 1580/1826/1459
f 1580/1826/1459 1603/1850/1459 1598/1845/1459
f 1594/1841/1460 1587/1833/1460 1584/1830/1460
f 1584/1830/1460 1606/1853/1460 1594/1841/1460
f 1602/1849/1461 1579/1825/1461 1585/1831/1461
f 1585/1831/1461 1607/1855/1461 1602/1849/1461
f 1604/1851/1462 1581/1827/1462 1590/1836/1462
f 1590/1836/1462 1597/1844/1462 1604/1851/1462
f 1609/1857/1463 1598/1845/1463 1603/1850/1463
f 1603/1850/1463 1608/1856/1463 1609/1857/1463
f 1611/1859/1464 1600/1854/1464 1596/1843/1464
f 1596/1843/1464 1610/1858/1464 1611/1859/1464
f 1613/1861/1465 1594/1841/1465 1606/1853/1465
f 1606/1853/1465 1612/1860/1465 1613/1861/1465
f 1615/1863/1466 1602/1849/1466 1607/1855/1466
f 1607/1855/1466 1614/1862/1466 1615/1863/1466
f 1617/1865/1467 1604/1851/1467 1597/1844/1467
f 1597/1844/1467 1616/1864/1467 1617/1865/1467
f 1619/1867/1468 1593/1840/1468 1592/1839/1468
f 1592/1839/1468 1618/1866/1468 1619/1867/1468
f 1620/1868/1469 1595/1842/1469 1594/1841/1469
f 1594/1841/1469 1613/1861/1469 1620/1868/1469
f 1616/1864/1470 1597/1844/1470 1593/1840/1470
f 1593/1840/1470 1619/1867/1470 1616/1864/1470
f 1621/1869/1471 1599/1846/1471 1598/1845/1471
f 1598/1845/1471 1609/1857/1471 1621/1869/1471
f 1452/1667/1472 1451/1666/1472 1600/1847/1472
f 1600/1847/1472 1611/1870/1472 1452/1667/1472
f 1618/1866/1473 1592/1839/1473 1601/1848/1473
f 1601/1848/1473 1622/1871/1473 1618/1866/1473
f 1608/1856/1474 1603/1850/1474 1602/1849/1474
f 1602/1849/1474 1615/1863/1474 1608/1856/1474
f 1623/1872/1475 1605/1852/1475 1604/1851/1475
f 1604/1851/1475 1617/1865/1475 1623/1872/1475
f 1612/1860/1476 1606/1853/1476 1599/1846/1476
f 1599/1846/1476 1621/1869/1476 1612/1860/1476
f 1610/1858/1477 1596/1843/1477 1595/1842/1477
f 1595/1842/1477 1620/1868/1477 1610/1858/1477
f 1614/1862/1478 1607/1855/1478 1605/1852/1478
f 1605/1852/1478 1623/1872/1478 1614/1862/1478
f 1625/1874/1479 1618/1866/1479 1622/1871/1479
f 1622/1871/1479 1624/1873/1479 1625/1874/1479
f 1627/1876/1480 1608/1856/1480 1615/1863/1480
f 1615/1863/1480 1626/1875/1480 1627/1876/1480
f 1629/1878/1481 1623/1872/1481 1617/1865/1481
f 1617/1865/1481 1628/1877/1481 1629/1878/1481
f 1631/1880/1482 1611/1859/1482 1610/1858/1482
f 1610/1858/1482 1630/1879/1482 1631/1880/1482
f 1632/1881/1483 1614/1862/1483 1623/1872/1483
f 1623/1872/1483 1629/1878/1483 1632/1881/1483
f 1633/1882/1484 1609/1857/1484 1608/1856/1484
f 1608/1856/1484 1627/1876/1484 1633/1882/1484
f 1635/1884/1485 1613/1861/1485 1612/1860/1485
f 1612/1860/1485 1634/1883/1485 1635/1884/1485
f 1630/1879/1486 1610/1858/1486 1620/1868/1486
f 1620/1868/1486 1636/1885/1486 1630/1879/1486
f 1626/1875/1487 1615/1863/1487 1614/1862/1487
f 1614/1862/1487 1632/1881/1487 1626/1875/1487
f 1628/1877/1488 1617/1865/1488 1616/1864/1488
f 1616/1864/1488 1637/1886/1488 1628/1877/1488
f 1638/1887/1489 1619/1867/1489 1618/1866/1489
f 1618/1866/1489 1625/1874/1489 1638/1887/1489
f 1636/1885/1490 1620/1868/1490 1613/1861/1490
f 1613/1861/1490 1635/1884/1490 1636/1885/1490
f 1637/1886/1491 1616/1864/1491 1619/1867/1491
f 1619/1867/1491 1638/1887/1491 1637/1886/1491
f 1639/1888/1492 1621/1869/1492 1609/1857/1492
f 1609/1857/1492 1633/1882/1492 1639/1888/1492
f 1457/1672/1493 1452/1667/1493 1611/1870/1493
f 1611/1870/1493 1631/1889/1493 1457/1672/1493
f 1634/1883/1494 1612/1860/1494 1621/1869/1494
f 1621/1869/1494 1639/1888/1494 1634/1883/1494
f 1641/1891/1495 1628/1877/1495 1637/1886/1495
f 1637/1886/1495 1640/1890/1495 1641/1891/1495
f 1468/1684/1496 1457/1672/1496 1631/1889/1496
f 1631/1889/1496 1642/1892/1496 1468/1684/1496
f 1644/1894/1497 1638/1887/1497 1625/1874/1497
f 1625/1874/1497 1643/1893/1497 1644/1894/1497
f 1640/1890/1498 1637/1886/1498 1638/1887/1498
f 1638/1887/1498 1644/1894/1498 1640/1890/1498
f 1646/1896/1499 1636/1885/1499 1635/1884/1499
f 1635/1884/1499 1645/1895/1499 1646/1896/1499
f 1648/1898/1500 1634/1883/1500 1639/1888/1500
f 1639/1888/1500 1647/1897/1500 1648/1898/1500
f 1643/1893/1501 1625/1874/1501 1624/1873/1501
f 1624/1873/1501 1649/1899/1501 1643/1893/1501
f 1647/1897/1502 1639/1888/1502 1633/1882/1502
f 1633/1882/1502 1650/1900/1502 1647/1897/1502
f 1651/1901/1503 1629/1878/1503 1628/1877/1503
f 1628/1877/1503 1641/1891/1503 1651/1901/1503
f 1653/1903/1504 1627/1876/1504 1626/1875/1504
f 1626/1875/1504 1652/1902/1504 1653/1903/1504
f 1654/1904/1505 1632/1881/1505 1629/1878/1505
f 1629/1878/1505 1651/1901/1505 1654/1904/1505
f 1650/1900/1506 1633/1882/1506 1627/1876/1506
f 1627/1876/1506 1653/1903/1506 1650/1900/1506
f 1655/1905/1507 1630/1879/1507 1636/1885/1507
f 1636/1885/1507 1646/1896/1507 1655/1905/1507
f 1642/1906/1508 1631/1880/1508 1630/1879/1508
f 1630/1879/1508 1655/1905/1508 1642/1906/1508
f 1645/1895/1509 1635/1884/1509 1634/1883/1509
f 1634/1883/1509 1648/1898/1509 1645/1895/1509
f 1652/1902/1510 1626/1875/1510 1632/1881/1510
f 1632/1881/1510 1654/1904/1510 1652/1902/1510
f 1657/1908/1511 1653/1903/1511 1652/1902/1511
f 1652/1902/1511 1656/1907/1511 1657/1908/1511
f 1659/1910/1512 1654/1904/1512 1651/1901/1512
f 1651/1901/1512 1658/1909/1512 1659/1910/1512
f 1660/1911/1513 1650/1900/1513 1653/1903/1513
f 1653/1903/1513 1657/1908/1513 1660/1911/1513
f 1662/1913/1514 1645/1895/1514 1648/1898/1514
f 1648/1898/1514 1661/1912/1514 1662/1913/1514
f 1656/1907/1515 1652/1902/1515 1654/1904/1515
f 1654/1904/1515 1659/1910/1515 1656/1907/1515
f 1663/1914/1516 1646/1896/1516 1645/1895/1516
f 1645/1895/1516 1662/1913/1516 1663/1914/1516
f 1665/1916/1517 1641/1891/1517 1640/1890/1517
f 1640/1890/1517 1664/1915/1517 1665/1916/1517
f 1661/1912/1518 1648/1898/1518 1647/1897/1518
f 1647/1897/1518 1666/1917/1518 1661/1912/1518
f 1670/1921/1519 1667/1918/1519 1668/1919/1519
f 1668/1919/1519 1669/1920/1519 1670/1921/1519
f 1672/1923/1520 1644/1894/1520 1643/1893/1520
f 1643/1893/1520 1671/1922/1520 1672/1923/1520
f 1674/1925/1521 1642/1906/1521 1655/1905/1521
f 1655/1905/1521 1673/1924/1521 1674/1925/1521
f 1664/1915/1522 1640/1890/1522 1644/1894/1522
f 1644/1894/1522 1672/1923/1522 1664/1915/1522
f 1673/1924/1523 1655/1905/1523 1646/1896/1523
f 1646/1896/1523 1663/1914/1523 1673/1924/1523
f 1676/1927/1524 1675/1926/1524 1667/1918/1524
f 1667/1918/1524 1670/1921/1524 1676/1927/1524
f 1671/1922/1525 1643/1893/1525 1649/1899/1525
f 1649/1899/1525 1677/1928/1525 1671/1922/1525
f 1666/1917/1526 1647/1897/1526 1650/1900/1526
f 1650/1900/1526 1660/1911/1526 1666/1917/1526
f 1487/1704/1527 1468/1684/1527 1642/1892/1527
f 1642/1892/1527 1674/1929/1527 1487/1704/1527
f 1658/1909/1528 1651/1901/1528 1641/1891/1528
f 1641/1891/1528 1665/1916/1528 1658/1909/1528
f 1679/1931/1529 1665/1916/1529 1664/1915/1529
f 1664/1915/1529 1678/1930/1529 1679/1931/1529
f 1681/1933/1530 1663/1914/1530 1662/1913/1530
f 1662/1913/1530 1680/1932/1530 1681/1933/1530
f 1683/1935/1531 1672/1923/1531 1671/1922/1531
f 1671/1922/1531 1682/1934/1531 1683/1935/1531
f 1685/1938/1532 1674/1929/1532 1673/1936/1532
f 1673/1936/1532 1684/1937/1532 1685/1938/1532
f 1678/1930/1533 1664/1915/1533 1672/1923/1533
f 1672/1923/1533 1683/1935/1533 1678/1930/1533
f 1684/1939/1534 1673/1924/1534 1663/1914/1534
f 1663/1914/1534 1681/1933/1534 1684/1939/1534
f 1682/1934/1535 1671/1922/1535 1677/1928/1535
f 1677/1928/1535 1686/1940/1535 1682/1934/1535
f 1688/1942/1536 1666/1917/1536 1660/1911/1536
f 1660/1911/1536 1687/1941/1536 1688/1942/1536
f 1689/1943/1537 1658/1909/1537 1665/1916/1537
f 1665/1916/1537 1679/1931/1537 1689/1943/1537
f 1691/1945/1538 1657/1908/1538 1656/1907/1538
f 1656/1907/1538 1690/1944/1538 1691/1945/1538
f 1692/1946/1539 1659/1910/1539 1658/1909/1539
f 1658/1909/1539 1689/1943/1539 1692/1946/1539
f 1687/1941/1540 1660/1911/1540 1657/1908/1540
f 1657/1908/1540 1691/1945/1540 1687/1941/1540
f 1680/1932/1541 1662/1913/1541 1661/1912/1541
f 1661/1912/1541 1693/1947/1541 1680/1932/1541
f 1690/1944/1542 1656/1907/1542 1659/1910/1542
f 1659/1910/1542 1692/1946/1542 1690/1944/1542
f 1447/1662/1543 1487/1704/1543 1674/1929/1543
f 1674/1929/1543 1685/1938/1543 1447/1662/1543
f 1693/1947/1544 1661/1912/1544 1666/1917/1544
f 1666/1917/1544 1688/1942/1544 1693/1947/1544
f 1697/1951/1545 1694/1948/1545 1695/1949/1545
f 1695/1949/1545 1696/1950/1545 1697/1951/1545
f 1701/1955/1546 1698/1952/1546 1699/1953/1546
f 1699/1953/1546 1700/1954/1546 1701/1955/1546
f 1703/1957/1547 1702/1956/1547 1694/1948/1547
f 1694/1948/1547 1697/1951/1547 1703/1957/1547
f 1707/1961/1548 1704/1958/1548 1705/1959/1548
f 1705/1959/1548 1706/1960/1548 1707/1961/1548
f 1711/1965/1549 1708/1962/1549 1709/1963/1549
f 1709/1963/1549 1710/1964/1549 1711/1965/1549
f 1715/1969/1550 1712/1966/1550 1713/1967/1550
f 1713/1967/1550 1714/1968/1550 1715/1969/1550
f 1719/1973/1551 1716/1970/1551 1717/1971/1551
f 1717/1971/1551 1718/1972/1551 1719/1973/1551
f 1723/1977/1552 1720/1974/1552 1721/1975/1552
f 1721/1975/1552 1722/1976/1552 1723/1977/1552
f 1710/1964/1553 1709/1963/1553 1716/1970/1553
f 1716/1970/1553 1719/1973/1553 1710/1964/1553
f 1725/1979/1554 1724/1978/1554 1712/1966/1554
f 1712/1966/1554 1715/1969/1554 1725/1979/1554
f 1722/1976/1555 1721/1975/1555 1724/1980/1555
f 1724/1980/1555 1725/1981/1555 1722/1976/1555
f 1718/1972/1556 1717/1971/1556 1726/1982/1556
f 1726/1982/1556 1727/1983/1556 1718/1972/1556
f 1706/1960/1548 1705/1959/1548 1698/1952/1548
f 1698/1952/1548 1701/1955/1548 1706/1960/1548
f 1696/1950/1557 1695/1949/1557 1708/1962/1557
f 1708/1962/1557 1711/1965/1557 1696/1950/1557
f 1700/1954/1558 1699/1953/1558 1702/1956/1558
f 1702/1956/1558 1703/1957/1558 1700/1954/1558
f 1714/1968/1559 1713/1967/1559 1704/1958/1559
f 1704/1958/1559 1707/1961/1559 1714/1968/1559
f 1729/1985/1560 1718/1972/1560 1727/1983/1560
f 1727/1983/1560 1728/1984/1560 1729/1985/1560
f 1731/1987/1561 1706/1960/1561 1701/1955/1561
f 1701/1955/1561 1730/1986/1561 1731/1987/1561
f 1733/1989/1562 1696/1950/1562 1711/1965/1562
f 1711/1965/1562 1732/1988/1562 1733/1989/1562
f 1735/1991/1563 1700/1954/1563 1703/1957/1563
f 1703/1957/1563 1734/1990/1563 1735/1991/1563
f 1736/1992/1564 1697/1951/1564 1696/1950/1564
f 1696/1950/1564 1733/1989/1564 1736/1992/1564
f 1730/1986/1565 1701/1955/1565 1700/1954/1565
f 1700/1954/1565 1735/1991/1565 1730/1986/1565
f 1738/1994/1566 1714/1968/1566 1707/1961/1566
f 1707/1961/1566 1737/1993/1566 1738/1994/1566
f 1737/1993/1567 1707/1961/1567 1706/1960/1567
f 1706/1960/1567 1731/1987/1567 1737/1993/1567
f 1734/1990/1568 1703/1957/1568 1697/1951/1568
f 1697/1951/1568 1736/1992/1568 1734/1990/1568
f 1455/1670/1569 1723/1977/1569 1722/1976/1569
f 1722/1976/1569 1739/1995/1569 1455/1670/1569
f 1732/1988/1570 1711/1965/1570 1710/1964/1570
f 1710/1964/1570 1740/1996/1570 1732/1988/1570
f 1739/1995/1571 1722/1976/1571 1725/1981/1571
f 1725/1981/1571 1741/1997/1571 1739/1995/1571
f 1742/1998/1572 1719/1973/1572 1718/1972/1572
f 1718/1972/1572 1729/1985/1572 1742/1998/1572
f 1743/1999/1573 1715/1969/1573 1714/1968/1573
f 1714/1968/1573 1738/1994/1573 1743/1999/1573
f 1740/1996/1574 1710/1964/1574 1719/1973/1574
f 1719/1973/1574 1742/1998/1574 1740/1996/1574
f 1741/2000/1575 1725/1979/1575 1715/1969/1575
f 1715/1969/1575 1743/1999/1575 1741/2000/1575
f 1747/2004/1576 1744/2001/1576 1745/2002/1576
f 1745/2002/1576 1746/2003/1576 1747/2004/1576
f 1751/2008/1577 1748/2005/1577 1749/2006/1577
f 1749/2006/1577 1750/2007/1577 1751/2008/1577
f 1755/2012/1578 1752/2009/1578 1753/2010/1578
f 1753/2010/1578 1754/2011/1578 1755/2012/1578
f 1759/2016/1579 1756/2013/1579 1757/2014/1579
f 1757/2014/1579 1758/2015/1579 1759/2016/1579
f 1754/2011/1580 1753/2010/1580 1760/2017/1580
f 1760/2017/1580 1761/2018/1580 1754/2011/1580
f 1761/2018/1581 1760/2017/1581 1744/2001/1581
f 1744/2001/1581 1747/2004/1581 1761/2018/1581
f 1765/2022/1582 1762/2019/1582 1763/2020/1582
f 1763/2020/1582 1764/2021/1582 1765/2022/1582
f 1758/2015/1583 1757/2014/1583 1762/2019/1583
f 1762/2019/1583 1765/2022/1583 1758/2015/1583
f 1767/2026/1584 1766/2023/1584 1752/2024/1584
f 1752/2024/1584 1755/2025/1584 1767/2026/1584
f 1764/2021/1585 1763/2020/1585 1768/2027/1585
f 1768/2027/1585 1769/2028/1585 1764/2021/1585
f 1746/2003/1586 1745/2002/1586 1770/2029/1586
f 1770/2029/1586 1771/2030/1586 1746/2003/1586
f 1484/1701/1587 1481/1698/1587 1766/2023/1587
f 1766/2023/1587 1767/2026/1587 1484/1701/1587
f 1773/2032/1588 1772/2031/1588 1756/2013/1588
f 1756/2013/1588 1759/2016/1588 1773/2032/1588
f 1775/2034/1577 1774/2033/1577 1748/2005/1577
f 1748/2005/1577 1751/2008/1577 1775/2034/1577
f 1750/2007/1589 1749/2006/1589 1772/2031/1589
f 1772/2031/1589 1773/2032/1589 1750/2007/1589
f 1771/2030/1590 1770/2029/1590 1774/2033/1590
f 1774/2033/1590 1775/2034/1590 1771/2030/1590
f 1777/2036/1591 1765/2022/1591 1764/2021/1591
f 1764/2021/1591 1776/2035/1591 1777/2036/1591
f 1779/2038/1592 1755/2012/1592 1754/2011/1592
f 1754/2011/1592 1778/2037/1592 1779/2038/1592
f 1780/2039/1593 1758/2015/1593 1765/2022/1593
f 1765/2022/1593 1777/2036/1593 1780/2039/1593
f 1781/2041/1594 1767/2026/1594 1755/2025/1594
f 1755/2025/1594 1779/2040/1594 1781/2041/1594
f 1776/2035/1595 1764/2021/1595 1769/2028/1595
f 1769/2028/1595 1782/2042/1595 1776/2035/1595
f 1784/2044/1596 1746/2003/1596 1771/2030/1596
f 1771/2030/1596 1783/2043/1596 1784/2044/1596
f 1778/2037/1597 1754/2011/1597 1761/2018/1597
f 1761/2018/1597 1785/2045/1597 1778/2037/1597
f 1787/2047/1598 1773/2032/1598 1759/2016/1598
f 1759/2016/1598 1786/2046/1598 1787/2047/1598
f 1789/2049/1599 1775/2034/1599 1751/2008/1599
f 1751/2008/1599 1788/2048/1599 1789/2049/1599
f 1790/2050/1600 1750/2007/1600 1773/2032/1600
f 1773/2032/1600 1787/2047/1600 1790/2050/1600
f 1783/2043/1601 1771/2030/1601 1775/2034/1601
f 1775/2034/1601 1789/2049/1601 1783/2043/1601
f 1791/2051/1602 1747/2004/1602 1746/2003/1602
f 1746/2003/1602 1784/2044/1602 1791/2051/1602
f 1788/2048/1603 1751/2008/1603 1750/2007/1603
f 1750/2007/1603 1790/2050/1603 1788/2048/1603
f 1785/2045/1604 1761/2018/1604 1747/2004/1604
f 1747/2004/1604 1791/2051/1604 1785/2045/1604
f 1786/2046/1605 1759/2016/1605 1758/2015/1605
f 1758/2015/1605 1780/2039/1605 1786/2046/1605
f 1483/1700/1606 1484/1701/1606 1767/2026/1606
f 1767/2026/1606 1781/2041/1606 1483/1700/1606
f 1793/2053/1607 1783/2043/1607 1789/2049/1607
f 1789/2049/1607 1792/2052/1607 1793/2053/1607
f 1795/2055/1608 1791/2051/1608 1784/2044/1608
f 1784/2044/1608 1794/2054/1608 1795/2055/1608
f 1797/2057/1609 1788/2048/1609 1790/2050/1609
f 1790/2050/1609 1796/2056/1609 1797/2057/1609
f 1798/2058/1610 1785/2045/1610 1791/2051/1610
f 1791/2051/1610 1795/2055/1610 1798/2058/1610
f 1800/2060/1611 1786/2046/1611 1780/2039/1611
f 1780/2039/1611 1799/2059/1611 1800/2060/1611
f 1801/2061/1612 1778/2037/1612 1785/2045/1612
f 1785/2045/1612 1798/2058/1612 1801/2061/1612
f 1803/2063/1613 1777/2036/1613 1776/2035/1613
f 1776/2035/1613 1802/2062/1613 1803/2063/1613
f 1804/2064/1614 1779/2038/1614 1778/2037/1614
f 1778/2037/1614 1801/2061/1614 1804/2064/1614
f 1482/1699/1615 1483/1700/1615 1781/2041/1615
f 1781/2041/1615 1805/2065/1615 1482/1699/1615
f 1799/2059/1616 1780/2039/1616 1777/2036/1616
f 1777/2036/1616 1803/2063/1616 1799/2059/1616
f 1805/2065/1617 1781/2041/1617 1779/2040/1617
f 1779/2040/1617 1804/2066/1617 1805/2065/1617
f 1802/2062/1618 1776/2035/1618 1782/2042/1618
f 1782/2042/1618 1806/2067/1618 1802/2062/1618
f 1794/2054/1619 1784/2044/1619 1783/2043/1619
f 1783/2043/1619 1793/2053/1619 1794/2054/1619
f 1807/2068/1620 1787/2047/1620 1786/2046/1620
f 1786/2046/1620 1800/2060/1620 1807/2068/1620
f 1792/2052/1621 1789/2049/1621 1788/2048/1621
f 1788/2048/1621 1797/2057/1621 1792/2052/1621
f 1796/2056/1622 1790/2050/1622 1787/2047/1622
f 1787/2047/1622 1807/2068/1622 1796/2056/1622
f 1809/2070/1621 1792/2052/1621 1797/2057/1621
f 1797/2057/1621 1808/2069/1621 1809/2070/1621
f 1811/2072/1623 1796/2056/1623 1807/2068/1623
f 1807/2068/1623 1810/2071/1623 1811/2072/1623
f 1812/2073/1607 1793/2053/1607 1792/2052/1607
f 1792/2052/1607 1809/2070/1607 1812/2073/1607
f 1814/2075/1608 1795/2055/1608 1794/2054/1608
f 1794/2054/1608 1813/2074/1608 1814/2075/1608
f 1808/2069/1621 1797/2057/1621 1796/2056/1621
f 1796/2056/1621 1811/2072/1621 1808/2069/1621
f 1815/2076/1610 1798/2058/1610 1795/2055/1610
f 1795/2055/1610 1814/2075/1610 1815/2076/1610
f 1817/2078/1624 1800/2060/1624 1799/2059/1624
f 1799/2059/1624 1816/2077/1624 1817/2078/1624
f 1818/2079/1612 1801/2061/1612 1798/2058/1612
f 1798/2058/1612 1815/2076/1612 1818/2079/1612
f 1820/2081/1625 1803/2063/1625 1802/2062/1625
f 1802/2062/1625 1819/2080/1625 1820/2081/1625
f 1821/2082/1626 1804/2064/1626 1801/2061/1626
f 1801/2061/1626 1818/2079/1626 1821/2082/1626
f 1816/2077/1627 1799/2059/1627 1803/2063/1627
f 1803/2063/1627 1820/2081/1627 1816/2077/1627
f 1822/2084/1628 1805/2065/1628 1804/2066/1628
f 1804/2066/1628 1821/2083/1628 1822/2084/1628
f 1819/2080/1629 1802/2062/1629 1806/2067/1629
f 1806/2067/1629 1823/2085/1629 1819/2080/1629
f 1813/2074/1619 1794/2054/1619 1793/2053/1619
f 1793/2053/1619 1812/2073/1619 1813/2074/1619
f 1476/1693/1630 1482/1699/1630 1805/2065/1630
f 1805/2065/1630 1822/2084/1630 1476/1693/1630
f 1810/2071/1631 1807/2068/1631 1800/2060/1631
f 1800/2060/1631 1817/2078/1631 1810/2071/1631
f 1827/2089/1632 1824/2086/1632 1825/2087/1632
f 1825/2087/1632 1826/2088/1632 1827/2089/1632
f 1829/2091/1633 1816/2077/1633 1820/2081/1633
f 1820/2081/1633 1828/2090/1633 1829/2091/1633
f 1831/2093/1634 1822/2084/1634 1821/2083/1634
f 1821/2083/1634 1830/2092/1634 1831/2093/1634
f 1833/2095/1635 1819/2080/1635 1823/2085/1635
f 1823/2085/1635 1832/2094/1635 1833/2095/1635
f 1835/2097/1636 1813/2074/1636 1812/2073/1636
f 1812/2073/1636 1834/2096/1636 1835/2097/1636
f 1836/2098/1637 1476/1693/1637 1822/2084/1637
f 1822/2084/1637 1831/2093/1637 1836/2098/1637
f 1838/2100/1638 1810/2071/1638 1817/2078/1638
f 1817/2078/1638 1837/2099/1638 1838/2100/1638
f 1840/2102/1639 1809/2070/1639 1808/2069/1639
f 1808/2069/1639 1839/2101/1639 1840/2102/1639
f 1841/2103/1640 1818/2079/1640 1815/2076/1640
f 1815/2076/1640 1824/2086/1640 1841/2103/1640
f 1842/2104/1641 1811/2072/1641 1810/2071/1641
f 1810/2071/1641 1838/2100/1641 1842/2104/1641
f 1834/2096/1642 1812/2073/1642 1809/2070/1642
f 1809/2070/1642 1840/2102/1642 1834/2096/1642
f 1830/2105/1643 1821/2082/1643 1818/2079/1643
f 1818/2079/1643 1841/2103/1643 1830/2105/1643
f 1825/2087/1644 1814/2075/1644 1813/2074/1644
f 1813/2074/1644 1835/2097/1644 1825/2087/1644
f 1839/2101/1645 1808/2069/1645 1811/2072/1645
f 1811/2072/1645 1842/2104/1645 1839/2101/1645
f 1824/2086/1646 1815/2076/1646 1814/2075/1646
f 1814/2075/1646 1825/2087/1646 1824/2086/1646
f 1837/2099/1647 1817/2078/1647 1816/2077/1647
f 1816/2077/1647 1829/2091/1647 1837/2099/1647
f 1828/2090/1648 1820/2081/1648 1819/2080/1648
f 1819/2080/1648 1833/2095/1648 1828/2090/1648
f 1844/2107/1649 1837/2099/1649 1829/2091/1649
f 1829/2091/1649 1843/2106/1649 1844/2107/1649
f 1846/2109/1650 1830/2105/1650 1841/2103/1650
f 1841/2103/1650 1845/2108/1650 1846/2109/1650
f 1848/2111/1651 1828/2090/1651 1833/2095/1651
f 1833/2095/1651 1847/2110/1651 1848/2111/1651
f 1490/1707/1652 1836/2098/1652 1831/2093/1652
f 1831/2093/1652 1849/2112/1652 1490/1707/1652
f 1843/2106/1653 1829/2091/1653 1828/2090/1653
f 1828/2090/1653 1848/2111/1653 1843/2106/1653
f 1849/2112/1654 1831/2093/1654 1830/2092/1654
f 1830/2092/1654 1846/2113/1654 1849/2112/1654
f 1847/2110/1655 1833/2095/1655 1832/2094/1655
f 1832/2094/1655 1850/2114/1655 1847/2110/1655
f 1852/2116/1656 1835/2097/1656 1834/2096/1656
f 1834/2096/1656 1851/2115/1656 1852/2116/1656
f 1853/2117/1657 1838/2100/1657 1837/2099/1657
f 1837/2099/1657 1844/2107/1657 1853/2117/1657
f 1855/2119/1658 1840/2102/1658 1839/2101/1658
f 1839/2101/1658 1854/2118/1658 1855/2119/1658
f 1856/2120/1659 1842/2104/1659 1838/2100/1659
f 1838/2100/1659 1853/2117/1659 1856/2120/1659
f 1851/2115/1660 1834/2096/1660 1840/2102/1660
f 1840/2102/1660 1855/2119/1660 1851/2115/1660
f 1845/2108/1661 1841/2103/1661 1824/2086/1661
f 1824/2086/1661 1827/2089/1661 1845/2108/1661
f 1826/2088/1662 1825/2087/1662 1835/2097/1662
f 1835/2097/1662 1852/2116/1662 1826/2088/1662
f 1854/2118/1663 1839/2101/1663 1842/2104/1663
f 1842/2104/1663 1856/2120/1663 1854/2118/1663
f 1858/2122/1664 1853/2117/1664 1844/2107/1664
f 1844/2107/1664 1857/2121/1664 1858/2122/1664
f 1860/2124/1658 1855/2119/1658 1854/2118/1658
f 1854/2118/1658 1859/2123/1658 1860/2124/1658
f 1862/2126/1665 1846/2109/1665 1845/2108/1665
f 1845/2108/1665 1861/2125/1665 1862/2126/1665
f 1863/2127/1666 1856/2120/1666 1853/2117/1666
f 1853/2117/1666 1858/2122/1666 1863/2127/1666
f 1864/2128/1660 1851/2115/1660 1855/2119/1660
f 1855/2119/1660 1860/2124/1660 1864/2128/1660
f 1866/2130/1662 1826/2088/1662 1852/2116/1662
f 1852/2116/1662 1865/2129/1662 1866/2130/1662
f 1859/2123/1663 1854/2118/1663 1856/2120/1663
f 1856/2120/1663 1863/2127/1663 1859/2123/1663
f 1867/2131/1632 1827/2089/1632 1826/2088/1632
f 1826/2088/1632 1866/2130/1632 1867/2131/1632
f 1857/2121/1667 1844/2107/1667 1843/2106/1667
f 1843/2106/1667 1868/2132/1667 1857/2121/1667
f 1861/2125/1661 1845/2108/1661 1827/2089/1661
f 1827/2089/1661 1867/2131/1661 1861/2125/1661
f 1870/2134/1668 1848/2111/1668 1847/2110/1668
f 1847/2110/1668 1869/2133/1668 1870/2134/1668
f 1486/1703/1669 1490/1707/1669 1849/2112/1669
f 1849/2112/1669 1871/2135/1669 1486/1703/1669
f 1868/2132/1670 1843/2106/1670 1848/2111/1670
f 1848/2111/1670 1870/2134/1670 1868/2132/1670
f 1871/2135/1671 1849/2112/1671 1846/2113/1671
f 1846/2113/1671 1862/2136/1671 1871/2135/1671
f 1869/2133/1672 1847/2110/1672 1850/2114/1672
f 1850/2114/1672 1872/2137/1672 1869/2133/1672
f 1865/2129/1656 1852/2116/1656 1851/2115/1656
f 1851/2115/1656 1864/2128/1656 1865/2129/1656
f 1874/2139/1673 1862/2126/1673 1861/2125/1673
f 1861/2125/1673 1873/2138/1673 1874/2139/1673
f 1876/2141/1674 1870/2134/1674 1869/2133/1674
f 1869/2133/1674 1875/2140/1674 1876/2141/1674
f 1873/2138/1675 1861/2125/1675 1867/2131/1675
f 1867/2131/1675 1877/2142/1675 1873/2138/1675
f 1878/2143/1676 1868/2132/1676 1870/2134/1676
f 1870/2134/1676 1876/2141/1676 1878/2143/1676
f 1879/2145/1677 1871/2135/1677 1862/2136/1677
f 1862/2136/1677 1874/2144/1677 1879/2145/1677
f 1875/2149/1678 1869/2146/1678 1872/2147/1678
f 1872/2147/1678 1880/2148/1678 1875/2149/1678
f 1882/2151/1679 1865/2129/1679 1864/2128/1679
f 1864/2128/1679 1881/2150/1679 1882/2151/1679
f 1471/1687/1680 1486/1703/1680 1871/2135/1680
f 1871/2135/1680 1879/2145/1680 1471/1687/1680
f 1884/2153/1681 1858/2122/1681 1857/2121/1681
f 1857/2121/1681 1883/2152/1681 1884/2153/1681
f 1886/2155/1682 1860/2124/1682 1859/2123/1682
f 1859/2123/1682 1885/2154/1682 1886/2155/1682
f 1887/2156/1683 1863/2127/1683 1858/2122/1683
f 1858/2122/1683 1884/2153/1683 1887/2156/1683
f 1881/2150/1684 1864/2128/1684 1860/2124/1684
f 1860/2124/1684 1886/2155/1684 1881/2150/1684
f 1888/2157/1685 1866/2130/1685 1865/2129/1685
f 1865/2129/1685 1882/2151/1685 1888/2157/1685
f 1885/2154/1686 1859/2123/1686 1863/2127/1686
f 1863/2127/1686 1887/2156/1686 1885/2154/1686
f 1877/2142/1687 1867/2131/1687 1866/2130/1687
f 1866/2130/1687 1888/2157/1687 1877/2142/1687
f 1883/2152/1688 1857/2121/1688 1868/2132/1688
f 1868/2132/1688 1878/2143/1688 1883/2152/1688
f 1890/2159/1689 1881/2150/1689 1886/2155/1689
f 1886/2155/1689 1889/2158/1689 1890/2159/1689
f 1892/2161/1690 1873/2138/1690 1877/2142/1690
f 1877/2142/1690 1891/2160/1690 1892/2161/1690
f 1893/2162/1691 1874/2139/1691 1873/2138/1691
f 1873/2138/1691 1892/2161/1691 1893/2162/1691
f 1895/2164/1692 1888/2157/1692 1882/2151/1692
f 1882/2151/1692 1894/2163/1692 1895/2164/1692
f 1897/2166/1693 1885/2154/1693 1887/2156/1693
f 1887/2156/1693 1896/2165/1693 1897/2166/1693
f 1891/2160/1694 1877/2142/1694 1888/2157/1694
f 1888/2157/1694 1895/2164/1694 1891/2160/1694
f 1899/2170/1695 1883/2167/1695 1878/2168/1695
f 1878/2168/1695 1898/2169/1695 1899/2170/1695
f 1901/2172/1696 1876/2141/1696 1875/2140/1696
f 1875/2140/1696 1900/2171/1696 1901/2172/1696
f 1898/2173/1697 1878/2143/1697 1876/2141/1697
f 1876/2141/1697 1901/2172/1697 1898/2173/1697
f 1902/2175/1698 1879/2145/1698 1874/2144/1698
f 1874/2144/1698 1893/2174/1698 1902/2175/1698
f 1900/2177/1699 1875/2149/1699 1880/2148/1699
f 1880/2148/1699 1903/2176/1699 1900/2177/1699
f 1894/2163/1700 1882/2151/1700 1881/2150/1700
f 1881/2150/1700 1890/2159/1700 1894/2163/1700
f 1464/1680/1701 1471/1687/1701 1879/2145/1701
f 1879/2145/1701 1902/2175/1701 1464/1680/1701
f 1904/2179/1702 1884/2178/1702 1883/2167/1702
f 1883/2167/1702 1899/2170/1702 1904/2179/1702
f 1889/2158/1703 1886/2155/1703 1885/2154/1703
f 1885/2154/1703 1897/2166/1703 1889/2158/1703
f 1896/2165/1704 1887/2156/1704 1884/2153/1704
f 1884/2153/1704 1904/2180/1704 1896/2165/1704
f 1906/2182/1705 1900/2177/1705 1903/2176/1705
f 1903/2176/1705 1905/2181/1705 1906/2182/1705
f 1908/2184/1706 1894/2163/1706 1890/2159/1706
f 1890/2159/1706 1907/2183/1706 1908/2184/1706
f 1465/1681/1707 1464/1680/1707 1902/2175/1707
f 1902/2175/1707 1909/2185/1707 1465/1681/1707
f 1911/2187/1708 1904/2179/1708 1899/2170/1708
f 1899/2170/1708 1910/2186/1708 1911/2187/1708
f 1913/2189/1709 1889/2158/1709 1897/2166/1709
f 1897/2166/1709 1912/2188/1709 1913/2189/1709
f 1914/2191/1710 1896/2165/1710 1904/2180/1710
f 1904/2180/1710 1911/2190/1710 1914/2191/1710
f 1907/2183/1711 1890/2159/1711 1889/2158/1711
f 1889/2158/1711 1913/2189/1711 1907/2183/1711
f 1916/2193/1712 1893/2162/1712 1892/2161/1712
f 1892/2161/1712 1915/2192/1712 1916/2193/1712
f 1917/2194/1713 1895/2164/1713 1894/2163/1713
f 1894/2163/1713 1908/2184/1713 1917/2194/1713
f 1912/2188/1714 1897/2166/1714 1896/2165/1714
f 1896/2165/1714 1914/2191/1714 1912/2188/1714
f 1918/2195/1715 1891/2160/1715 1895/2164/1715
f 1895/2164/1715 1917/2194/1715 1918/2195/1715
f 1910/2186/1716 1899/2170/1716 1898/2169/1716
f 1898/2169/1716 1919/2196/1716 1910/2186/1716
f 1920/2198/1717 1901/2172/1717 1900/2171/1717
f 1900/2171/1717 1906/2197/1717 1920/2198/1717
f 1915/2192/1718 1892/2161/1718 1891/2160/1718
f 1891/2160/1718 1918/2195/1718 1915/2192/1718
f 1919/2199/1719 1898/2173/1719 1901/2172/1719
f 1901/2172/1719 1920/2198/1719 1919/2199/1719
f 1909/2185/1720 1902/2175/1720 1893/2174/1720
f 1893/2174/1720 1916/2200/1720 1909/2185/1720
f 1922/2202/1721 1920/2198/1721 1906/2197/1721
f 1906/2197/1721 1921/2201/1721 1922/2202/1721
f 1923/2203/1722 1919/2199/1722 1920/2198/1722
f 1920/2198/1722 1922/2202/1722 1923/2203/1722
f 1925/2205/1723 1909/2185/1723 1916/2200/1723
f 1916/2200/1723 1924/2204/1723 1925/2205/1723
f 1921/2207/1724 1906/2182/1724 1905/2181/1724
f 1905/2181/1724 1926/2206/1724 1921/2207/1724
f 1928/2209/1725 1908/2184/1725 1907/2183/1725
f 1907/2183/1725 1927/2208/1725 1928/2209/1725
f 1485/1702/1726 1465/1681/1726 1909/2185/1726
f 1909/2185/1726 1925/2205/1726 1485/1702/1726
f 1930/2211/1727 1911/2187/1727 1910/2186/1727
f 1910/2186/1727 1929/2210/1727 1930/2211/1727
f 1932/2213/1728 1913/2189/1728 1912/2188/1728
f 1912/2188/1728 1931/2212/1728 1932/2213/1728
f 1933/2215/1729 1914/2214/1729 1911/2187/1729
f 1911/2187/1729 1930/2211/1729 1933/2215/1729
f 1927/2208/1730 1907/2183/1730 1913/2189/1730
f 1913/2189/1730 1932/2213/1730 1927/2208/1730
f 1935/2217/1731 1915/2192/1731 1918/2195/1731
f 1918/2195/1731 1934/2216/1731 1935/2217/1731
f 1936/2218/1732 1917/2194/1732 1908/2184/1732
f 1908/2184/1732 1928/2209/1732 1936/2218/1732
f 1931/2220/1733 1912/2219/1733 1914/2214/1733
f 1914/2214/1733 1933/2215/1733 1931/2220/1733
f 1924/2221/1734 1916/2193/1734 1915/2192/1734
f 1915/2192/1734 1935/2217/1734 1924/2221/1734
f 1934/2216/1735 1918/2195/1735 1917/2194/1735
f 1917/2194/1735 1936/2218/1735 1934/2216/1735
f 1929/2210/1736 1910/2186/1736 1919/2196/1736
f 1919/2196/1736 1923/2222/1736 1929/2210/1736
f 1938/2224/1737 1927/2208/1737 1932/2213/1737
f 1932/2213/1737 1937/2223/1737 1938/2224/1737
f 1940/2226/1738 1924/2221/1738 1935/2217/1738
f 1935/2217/1738 1939/2225/1738 1940/2226/1738
f 1942/2228/1739 1936/2218/1739 1928/2209/1739
f 1928/2209/1739 1941/2227/1739 1942/2228/1739
f 1944/2231/1740 1931/2212/1740 1933/2229/1740
f 1933/2229/1740 1943/2230/1740 1944/2231/1740
f 1945/2232/1741 1934/2216/1741 1936/2218/1741
f 1936/2218/1741 1942/2228/1741 1945/2232/1741
f 1947/2234/1742 1929/2210/1742 1923/2222/1742
f 1923/2222/1742 1946/2233/1742 1947/2234/1742
f 1949/2236/1743 1922/2202/1743 1921/2201/1743
f 1921/2201/1743 1948/2235/1743 1949/2236/1743
f 1946/2233/1744 1923/2222/1744 1922/2237/1744
f 1922/2237/1744 1949/2238/1744 1946/2233/1744
f 1950/2240/1745 1925/2205/1745 1924/2204/1745
f 1924/2204/1745 1940/2239/1745 1950/2240/1745
f 1948/2242/1746 1921/2207/1746 1926/2206/1746
f 1926/2206/1746 1951/2241/1746 1948/2242/1746
f 1939/2225/1747 1935/2217/1747 1934/2216/1747
f 1934/2216/1747 1945/2232/1747 1939/2225/1747
f 1941/2227/1748 1928/2209/1748 1927/2208/1748
f 1927/2208/1748 1938/2224/1748 1941/2227/1748
f 1489/1706/1749 1485/1702/1749 1925/2205/1749
f 1925/2205/1749 1950/2240/1749 1489/1706/1749
f 1952/2243/1750 1930/2211/1750 1929/2210/1750
f 1929/2210/1750 1947/2234/1750 1952/2243/1750
f 1937/2223/1751 1932/2213/1751 1931/2212/1751
f 1931/2212/1751 1944/2231/1751 1937/2223/1751
f 1943/2244/1752 1933/2215/1752 1930/2211/1752
f 1930/2211/1752 1952/2243/1752 1943/2244/1752
f 1493/1710/1753 1489/1706/1753 1950/2240/1753
f 1950/2240/1753 1953/2245/1753 1493/1710/1753
f 1955/2247/1754 1949/2238/1754 1948/2242/1754
f 1948/2242/1754 1954/2246/1754 1955/2247/1754
f 1956/2248/1755 1946/2233/1755 1949/2238/1755
f 1949/2238/1755 1955/2247/1755 1956/2248/1755
f 1953/2245/1756 1950/2240/1756 1940/2239/1756
f 1940/2239/1756 1957/2249/1756 1953/2245/1756
f 1954/2246/1757 1948/2242/1757 1951/2241/1757
f 1951/2241/1757 1958/2250/1757 1954/2246/1757
f 1960/2252/1758 1941/2227/1758 1938/2224/1758
f 1938/2224/1758 1959/2251/1758 1960/2252/1758
f 1962/2254/1759 1952/2243/1759 1947/2234/1759
f 1947/2234/1759 1961/2253/1759 1962/2254/1759
f 1964/2256/1760 1937/2223/1760 1944/2231/1760
f 1944/2231/1760 1963/2255/1760 1964/2256/1760
f 1965/2257/1761 1943/2244/1761 1952/2243/1761
f 1952/2243/1761 1962/2254/1761 1965/2257/1761
f 1959/2251/1762 1938/2224/1762 1937/2223/1762
f 1937/2223/1762 1964/2256/1762 1959/2251/1762
f 1967/2259/1763 1939/2225/1763 1945/2232/1763
f 1945/2232/1763 1966/2258/1763 1967/2259/1763
f 1968/2260/1764 1942/2228/1764 1941/2227/1764
f 1941/2227/1764 1960/2252/1764 1968/2260/1764
f 1963/2262/1765 1944/2261/1765 1943/2244/1765
f 1943/2244/1765 1965/2257/1765 1963/2262/1765
f 1966/2258/1766 1945/2232/1766 1942/2228/1766
f 1942/2228/1766 1968/2260/1766 1966/2258/1766
f 1957/2263/1767 1940/2226/1767 1939/2225/1767
f 1939/2225/1767 1967/2259/1767 1957/2263/1767
f 1961/2253/1768 1947/2234/1768 1946/2233/1768
f 1946/2233/1768 1956/2248/1768 1961/2253/1768
f 1970/2266/1769 1964/2264/1769 1963/2262/1769
f 1963/2262/1769 1969/2265/1769 1970/2266/1769
f 1972/2268/1770 1965/2257/1770 1962/2254/1770
f 1962/2254/1770 1971/2267/1770 1972/2268/1770
f 1973/2270/1771 1959/2269/1771 1964/2264/1771
f 1964/2264/1771 1970/2266/1771 1973/2270/1771
f 1975/2272/1772 1968/2260/1772 1960/2252/1772
f 1960/2252/1772 1974/2271/1772 1975/2272/1772
f 1969/2265/1773 1963/2262/1773 1965/2257/1773
f 1965/2257/1773 1972/2268/1773 1969/2265/1773
f 1976/2273/1774 1966/2258/1774 1968/2260/1774
f 1968/2260/1774 1975/2272/1774 1976/2273/1774
f 1978/2275/1775 1961/2253/1775 1956/2248/1775
f 1956/2248/1775 1977/2274/1775 1978/2275/1775
f 1979/2276/1776 1967/2259/1776 1966/2258/1776
f 1966/2258/1776 1976/2273/1776 1979/2276/1776
f 1494/1711/1777 1493/1710/1777 1953/2245/1777
f 1953/2245/1777 1980/2277/1777 1494/1711/1777
f 1982/2279/1778 1955/2247/1778 1954/2246/1778
f 1954/2246/1778 1981/2278/1778 1982/2279/1778
f 1983/2280/1779 1957/2263/1779 1967/2259/1779
f 1967/2259/1779 1979/2276/1779 1983/2280/1779
f 1977/2274/1780 1956/2248/1780 1955/2247/1780
f 1955/2247/1780 1982/2279/1780 1977/2274/1780
f 1980/2282/1781 1953/2281/1781 1957/2263/1781
f 1957/2263/1781 1983/2280/1781 1980/2282/1781
f 1981/2278/1782 1954/2246/1782 1958/2250/1782
f 1958/2250/1782 1984/2283/1782 1981/2278/1782
f 1974/2285/1783 1960/2284/1783 1959/2269/1783
f 1959/2269/1783 1973/2270/1783 1974/2285/1783
f 1971/2267/1784 1962/2254/1784 1961/2253/1784
f 1961/2253/1784 1978/2275/1784 1971/2267/1784
f 1986/2287/1785 1974/2285/1785 1973/2270/1785
f 1973/2270/1785 1985/2286/1785 1986/2287/1785
f 1988/2289/1786 1971/2267/1786 1978/2275/1786
f 1978/2275/1786 1987/2288/1786 1988/2289/1786
f 1990/2291/1787 1970/2266/1787 1969/2265/1787
f 1969/2265/1787 1989/2290/1787 1990/2291/1787
f 1991/2292/1788 1972/2268/1788 1971/2267/1788
f 1971/2267/1788 1988/2289/1788 1991/2292/1788
f 1985/2286/1789 1973/2270/1789 1970/2266/1789
f 1970/2266/1789 1990/2291/1789 1985/2286/1789
f 1992/2294/1790 1975/2293/1790 1974/2285/1790
f 1974/2285/1790 1986/2287/1790 1992/2294/1790
f 1989/2290/1791 1969/2265/1791 1972/2268/1791
f 1972/2268/1791 1991/2292/1791 1989/2290/1791
f 1478/2296/1792 1976/2295/1792 1975/2293/1792
f 1975/2293/1792 1992/2294/1792 1478/2296/1792
f 1987/2288/1793 1978/2275/1793 1977/2274/1793
f 1977/2274/1793 1993/2297/1793 1987/2288/1793
f 1467/2299/1794 1979/2276/1794 1976/2273/1794
f 1976/2273/1794 1478/2298/1794 1467/2299/1794
f 1494/1711/1795 1980/2277/1795 1472/1688/1795
f 1995/2301/1796 1982/2279/1796 1981/2278/1796
f 1981/2278/1796 1994/2300/1796 1995/2301/1796
f 1466/2302/1797 1983/2280/1797 1979/2276/1797
f 1979/2276/1797 1467/2299/1797 1466/2302/1797
f 1993/2297/1798 1977/2274/1798 1982/2279/1798
f 1982/2279/1798 1995/2301/1798 1993/2297/1798
f 1472/2303/1799 1980/2282/1799 1983/2280/1799
f 1983/2280/1799 1466/2302/1799 1472/2303/1799
f 1994/2300/1800 1981/2278/1800 1984/2283/1800
f 1984/2283/1800 1996/2304/1800 1994/2300/1800
f 1478/1695/1801 1992/2305/1801 1364/1575/1801
f 1998/2309/1802 1323/2306/1802 1321/2307/1802
f 1321/2307/1802 1997/2308/1802 1998/2309/1802
f 2000/2313/1803 1340/2310/1803 1318/2311/1803
f 1318/2311/1803 1999/2312/1803 2000/2313/1803
f 1999/2312/1804 1318/2311/1804 1317/2314/1804
f 1317/2314/1804 2001/2315/1804 1999/2312/1804
f 2003/2319/1805 1331/2316/1805 1334/2317/1805
f 1334/2317/1805 2002/2318/1805 2003/2319/1805
f 2001/2315/1806 1317/2314/1806 1324/2320/1806
f 1324/2320/1806 2004/2321/1806 2001/2315/1806
f 2005/2322/1807 1320/1531/1807 1315/1526/1807
f 1315/1526/1807 1361/1572/1807 2005/2322/1807
f 1997/2308/1808 1321/2307/1808 1320/2323/1808
f 1320/2323/1808 2005/2324/1808 1997/2308/1808
f 2007/2328/1809 1328/2325/1809 1332/2326/1809
f 1332/2326/1809 2006/2327/1809 2007/2328/1809
f 2008/2330/1810 1329/2329/1810 1328/2325/1810
f 1328/2325/1810 2007/2328/1810 2008/2330/1810
f 2004/2321/1811 1324/2320/1811 1323/2306/1811
f 1323/2306/1811 1998/2309/1811 2004/2321/1811
f 2002/2318/1812 1334/2317/1812 1340/2310/1812
f 1340/2310/1812 2000/2313/1812 2002/2318/1812
f 2006/2327/1813 1332/2326/1813 1331/2316/1813
f 1331/2316/1813 2003/2319/1813 2006/2327/1813
f 1988/2289/1814 2000/2331/1814 1999/2332/1814
f 1999/2332/1814 1991/2292/1814 1988/2289/1814
f 1991/2292/1815 1999/2332/1815 2001/2333/1815
f 2001/2333/1815 1989/2290/1815 1991/2292/1815
f 1993/2337/1816 2003/2334/1816 2002/2335/1816
f 2002/2335/1816 1987/2336/1816 1993/2337/1816
f 1989/2290/1817 2001/2333/1817 2004/2338/1817
f 2004/2338/1817 1990/2291/1817 1989/2290/1817
f 1986/2287/1818 1997/2339/1818 2005/2340/1818
f 2005/2340/1818 1992/2294/1818 1986/2287/1818
f 1994/2300/1819 2007/2341/1819 2006/2342/1819
f 2006/2342/1819 1995/2301/1819 1994/2300/1819
f 1996/2304/1820 2008/2343/1820 2007/2341/1820
f 2007/2341/1820 1994/2300/1820 1996/2304/1820
f 1990/2291/1821 2004/2338/1821 1998/2344/1821
f 1998/2344/1821 1985/2286/1821 1990/2291/1821
f 1987/2288/1822 2002/2345/1822 2000/2331/1822
f 2000/2331/1822 1988/2289/1822 1987/2288/1822
f 1992/2294/1823 2005/2340/1823 1361/2346/1823
f 1361/2346/1823 1364/2347/1823 1992/2294/1823
f 1995/2301/1824 2006/2342/1824 2003/2348/1824
f 2003/2348/1824 1993/2297/1824 1995/2301/1824
f 1985/2286/1825 1998/2344/1825 1997/2339/1825
f 1997/2339/1825 1986/2287/1825 1985/2286/1825
f 2012/2352/1826 2009/2349/1826 2010/2350/1826
f 2010/2350/1826 2011/2351/1826 2012/2352/1826
f 2016/2356/1827 2013/2353/1827 2014/2354/1827
f 2014/2354/1827 2015/2355/1827 2016/2356/1827
f 2020/2360/1828 2017/2357/1828 2018/2358/1828
f 2018/2358/1828 2019/2359/1828 2020/2360/1828
f 2024/2364/1829 2021/2361/1829 2022/2362/1829
f 2022/2362/1829 2023/2363/1829 2024/2364/1829
f 2028/2368/1830 2025/2365/1830 2026/2366/1830
f 2026/2366/1830 2027/2367/1830 2028/2368/1830
f 2032/2372/1831 2029/2369/1831 2030/2370/1831
f 2030/2370/1831 2031/2371/1831 2032/2372/1831
f 2034/2376/1832 803/2373/1832 792/2374/1832
f 792/2374/1832 2033/2375/1832 2034/2376/1832
f 2038/2380/1833 2035/2377/1833 2036/2378/1833
f 2036/2378/1833 2037/2379/1833 2038/2380/1833
f 2042/2384/1834 2039/2381/1834 2040/2382/1834
f 2040/2382/1834 2041/2383/1834 2042/2384/1834
f 2044/2386/1835 2043/2385/1835 2035/2377/1835
f 2035/2377/1835 2038/2380/1835 2044/2386/1835
f 2048/2390/1836 2045/2387/1836 2046/2388/1836
f 2046/2388/1836 2047/2389/1836 2048/2390/1836
f 2015/2355/1837 2014/2354/1837 2049/2391/1837
f 2049/2391/1837 2050/2392/1837 2015/2355/1837
f 2054/2396/1838 2051/2393/1838 2052/2394/1838
f 2052/2394/1838 2053/2395/1838 2054/2396/1838
f 2023/2363/1839 2022/2362/1839 2055/2397/1839
f 2055/2397/1839 2056/2398/1839 2023/2363/1839
f 2058/2400/1840 2057/2399/1840 2043/2385/1840
f 2043/2385/1840 2044/2386/1840 2058/2400/1840
f 2062/2404/1841 2059/2401/1841 2060/2402/1841
f 2060/2402/1841 2061/2403/1841 2062/2404/1841
f 2064/2408/1842 1574/2405/1842 1559/2406/1842
f 1559/2406/1842 2063/2407/1842 2064/2408/1842
f 2066/2410/1843 2065/2409/1843 2039/2381/1843
f 2039/2381/1843 2042/2384/1843 2066/2410/1843
f 2067/2413/1844 1509/2411/1844 1439/2412/1844
f 1439/2412/1844 2051/2393/1844 2067/2413/1844
f 2069/2415/1845 2068/2414/1845 2017/2357/1845
f 2017/2357/1845 2020/2360/1845 2069/2415/1845
f 2073/2419/1846 2070/2416/1846 2071/2417/1846
f 2071/2417/1846 2072/2418/1846 2073/2419/1846
f 2077/2423/1847 2074/2420/1847 2075/2421/1847
f 2075/2421/1847 2076/2422/1847 2077/2423/1847
f 2079/2425/1848 2078/2424/1848 2025/2365/1848
f 2025/2365/1848 2028/2368/1848 2079/2425/1848
f 2083/2429/1849 2080/2426/1849 2081/2427/1849
f 2081/2427/1849 2082/2428/1849 2083/2429/1849
f 2031/2371/1850 2030/2370/1850 2080/2426/1850
f 2080/2426/1850 2083/2429/1850 2031/2371/1850
f 2087/2433/1851 2084/2430/1851 2085/2431/1851
f 2085/2431/1851 2086/2432/1851 2087/2433/1851
f 2091/2437/1852 2088/2434/1852 2089/2435/1852
f 2089/2435/1852 2090/2436/1852 2091/2437/1852
f 2011/2351/1853 2010/2350/1853 2021/2361/1853
f 2021/2361/1853 2024/2364/1853 2011/2351/1853
f 2093/2439/1854 2092/2438/1854 2057/2399/1854
f 2057/2399/1854 2058/2400/1854 2093/2439/1854
f 2041/2383/1855 2040/2382/1855 2094/2440/1855
f 2094/2440/1855 2095/2441/1855 2041/2383/1855
f 2099/2445/1856 2096/2442/1856 2097/2443/1856
f 2097/2443/1856 2098/2444/1856 2099/2445/1856
f 2103/2449/1857 2100/2446/1857 2101/2447/1857
f 2101/2447/1857 2102/2448/1857 2103/2449/1857
f 2037/2379/1858 2036/2378/1858 2104/2450/1858
f 2104/2450/1858 2105/2451/1858 2037/2379/1858
f 2107/2453/1859 2106/2452/1859 1675/1926/1859
f 1675/1926/1859 1676/1927/1859 2107/2453/1859
f 2111/2457/1860 2108/2454/1860 2109/2455/1860
f 2109/2455/1860 2110/2456/1860 2111/2457/1860
f 2112/2458/1861 2033/2375/1861 2100/2446/1861
f 2100/2446/1861 2103/2449/1861 2112/2458/1861
f 2027/2367/1862 2026/2366/1862 2113/2459/1862
f 2113/2459/1862 2114/2460/1862 2027/2367/1862
f 2116/2462/1863 2115/2461/1863 2092/2438/1863
f 2092/2438/1863 2093/2439/1863 2116/2462/1863
f 2120/2466/1864 2117/2463/1864 2118/2464/1864
f 2118/2464/1864 2119/2465/1864 2120/2466/1864
f 2047/2389/1865 2046/2388/1865 2121/2467/1865
f 2121/2467/1865 2122/2468/1865 2047/2389/1865
f 2086/2432/1866 2085/2431/1866 2123/2469/1866
f 2123/2469/1866 2124/2470/1866 2086/2432/1866
f 2098/2444/1867 2097/2443/1867 2125/2471/1867
f 2125/2471/1867 2126/2472/1867 2098/2444/1867
f 2130/2476/1868 2127/2473/1868 2128/2474/1868
f 2128/2474/1868 2129/2475/1868 2130/2476/1868
f 2102/2448/1869 2101/2447/1869 2088/2434/1869
f 2088/2434/1869 2091/2437/1869 2102/2448/1869
f 2134/2480/1870 2131/2477/1870 2132/2478/1870
f 2132/2478/1870 2133/2479/1870 2134/2480/1870
f 2136/2482/1871 2135/2481/1871 2074/2420/1871
f 2074/2420/1871 2077/2423/1871 2136/2482/1871
f 2138/2484/1872 2137/2483/1872 2115/2461/1872
f 2115/2461/1872 2116/2462/1872 2138/2484/1872
f 2140/2486/1873 2139/2485/1873 2137/2483/1873
f 2137/2483/1873 2138/2484/1873 2140/2486/1873
f 2061/2403/1874 2060/2402/1874 2029/2369/1874
f 2029/2369/1874 2032/2372/1874 2061/2403/1874
f 2144/2490/1875 2141/2487/1875 2142/2488/1875
f 2142/2488/1875 2143/2489/1875 2144/2490/1875
f 2105/2451/1876 2104/2450/1876 2135/2481/1876
f 2135/2481/1876 2136/2482/1876 2105/2451/1876
f 2145/2492/1877 1527/2491/1877 1509/2411/1877
f 1509/2411/1877 2067/2413/1877 2145/2492/1877
f 2053/2395/1878 2052/2394/1878 2065/2409/1878
f 2065/2409/1878 2066/2410/1878 2053/2395/1878
f 2149/2496/1879 2146/2493/1879 2147/2494/1879
f 2147/2494/1879 2148/2495/1879 2149/2496/1879
f 2153/2500/1880 2150/2497/1880 2151/2498/1880
f 2151/2498/1880 2152/2499/1880 2153/2500/1880
f 2076/2422/1881 2075/2421/1881 2009/2349/1881
f 2009/2349/1881 2012/2352/1881 2076/2422/1881
f 2143/2489/1882 2142/2488/1882 2154/2501/1882
f 2154/2501/1882 2155/2502/1882 2143/2489/1882
f 2133/2479/1883 2132/2478/1883 2156/2503/1883
f 2156/2503/1883 2157/2504/1883 2133/2479/1883
f 2082/2428/1884 2081/2427/1884 2068/2414/1884
f 2068/2414/1884 2069/2415/1884 2082/2428/1884
f 2019/2359/1885 2018/2358/1885 2131/2477/1885
f 2131/2477/1885 2134/2480/1885 2019/2359/1885
f 2095/2441/1886 2094/2440/1886 2106/2452/1886
f 2106/2452/1886 2107/2453/1886 2095/2441/1886
f 2161/2508/1887 2158/2505/1887 2159/2506/1887
f 2159/2506/1887 2160/2507/1887 2161/2508/1887
f 2110/2456/1888 2109/2455/1888 2127/2473/1888
f 2127/2473/1888 2130/2476/1888 2110/2456/1888
f 2155/2502/1889 2154/2501/1889 2045/2387/1889
f 2045/2387/1889 2048/2390/1889 2155/2502/1889
f 2162/2510/1890 1543/2509/1890 1527/2491/1890
f 1527/2491/1890 2145/2492/1890 2162/2510/1890
f 2164/2512/1891 2163/2511/1891 2158/2505/1891
f 2158/2505/1891 2161/2508/1891 2164/2512/1891
f 2114/2460/1892 2113/2459/1892 2034/2376/1892
f 2034/2376/1892 2165/2513/1892 2114/2460/1892
f 2167/2515/1893 2166/2514/1893 2163/2511/1893
f 2163/2511/1893 2164/2512/1893 2167/2515/1893
f 1669/1920/1894 1668/1919/1894 2168/2516/1894
f 2168/2516/1894 2169/2517/1894 1669/1920/1894
f 2090/2436/1895 2089/2435/1895 2166/2514/1895
f 2166/2514/1895 2167/2515/1895 2090/2436/1895
f 2129/2475/1896 2128/2474/1896 2170/2518/1896
f 2170/2518/1896 2171/2519/1896 2129/2475/1896
f 2152/2499/1897 2151/2498/1897 2096/2442/1897
f 2096/2442/1897 2099/2445/1897 2152/2499/1897
f 2122/2468/1898 2121/2467/1898 2117/2463/1898
f 2117/2463/1898 2120/2466/1898 2122/2468/1898
f 2169/2517/1899 2168/2516/1899 2013/2353/1899
f 2013/2353/1899 2016/2356/1899 2169/2517/1899
f 2157/2504/1900 2156/2503/1900 2172/2520/1900
f 2172/2520/1900 2173/2521/1900 2157/2504/1900
f 2175/2523/1901 2174/2522/1901 2084/2430/1901
f 2084/2430/1901 2087/2433/1901 2175/2523/1901
f 2050/2392/1902 2049/2391/1902 2078/2424/1902
f 2078/2424/1902 2079/2425/1902 2050/2392/1902
f 2177/2525/1903 2176/2524/1903 2070/2416/1903
f 2070/2416/1903 2073/2419/1903 2177/2525/1903
f 2126/2472/1904 2125/2471/1904 2108/2454/1904
f 2108/2454/1904 2111/2457/1904 2126/2472/1904
f 2063/2407/1905 1559/2406/1905 1543/2509/1905
f 1543/2509/1905 2162/2510/1905 2063/2407/1905
f 2056/2398/1906 2055/2397/1906 2174/2522/1906
f 2174/2522/1906 2175/2523/1906 2056/2398/1906
f 2124/2470/1907 2123/2469/1907 2150/2497/1907
f 2150/2497/1907 2153/2500/1907 2124/2470/1907
f 2119/2465/1908 2118/2464/1908 2064/2408/1908
f 2064/2408/1908 2178/2526/1908 2119/2465/1908
f 2173/2521/1909 2172/2520/1909 2139/2485/1909
f 2139/2485/1909 2140/2486/1909 2173/2521/1909
f 2148/2495/1910 2147/2494/1910 2059/2401/1910
f 2059/2401/1910 2062/2404/1910 2148/2495/1910
f 2165/2513/1911 2034/2376/1911 2033/2375/1911
f 2033/2375/1911 2112/2458/1911 2165/2513/1911
f 2147/2494/1912 443/2527/1912 442/2528/1912
f 442/2528/1912 2059/2401/1912 2147/2494/1912
f 2172/2520/1913 701/2529/1913 735/2530/1913
f 735/2530/1913 2139/2485/1913 2172/2520/1913
f 2118/2464/1914 1577/2531/1914 1574/2405/1914
f 1574/2405/1914 2064/2408/1914 2118/2464/1914
f 2123/2469/1915 1926/2206/1915 1905/2181/1915
f 1905/2181/1915 2150/2497/1915 2123/2469/1915
f 2055/2535/1916 1996/2532/1916 1984/2533/1916
f 1984/2533/1916 2174/2534/1916 2055/2535/1916
f 2125/2471/1917 1850/2536/1917 1832/2537/1917
f 1832/2537/1917 2108/2454/1917 2125/2471/1917
f 2176/2524/1918 1768/2538/1918 1728/2539/1918
f 1728/2539/1918 2070/2416/1918 2176/2524/1918
f 2049/2391/1919 855/1007/1919 852/1000/1919
f 852/1000/1919 2078/2424/1919 2049/2391/1919
f 2174/2522/1920 1984/2283/1920 1958/2250/1920
f 1958/2250/1920 2084/2430/1920 2174/2522/1920
f 2156/2503/1921 691/2540/1921 701/2529/1921
f 701/2529/1921 2172/2520/1921 2156/2503/1921
f 2168/2516/1922 897/2541/1922 888/2542/1922
f 888/2542/1922 2013/2353/1922 2168/2516/1922
f 2121/2467/1923 1622/2543/1923 1601/2544/1923
f 1601/2544/1923 2117/2463/1923 2121/2467/1923
f 2151/2498/1924 1903/2176/1924 1880/2148/1924
f 1880/2148/1924 2096/2442/1924 2151/2498/1924
f 2128/2474/1925 1782/2545/1925 1769/2546/1925
f 1769/2546/1925 2170/2518/1925 2128/2474/1925
f 2089/2435/1926 415/2547/1926 414/2548/1926
f 414/2548/1926 2166/2514/1926 2089/2435/1926
f 1668/1919/1927 923/2549/1927 897/2541/1927
f 897/2541/1927 2168/2516/1927 1668/1919/1927
f 2166/2514/1928 414/2548/1928 421/2550/1928
f 421/2550/1928 2163/2511/1928 2166/2514/1928
f 2113/2459/1929 804/2551/1929 803/2373/1929
f 803/2373/1929 2034/2376/1929 2113/2459/1929
f 2163/2511/1930 421/2550/1930 419/456/1930
f 419/456/1930 2158/2505/1930 2163/2511/1930
f 2154/2501/1931 1677/2552/1931 1649/2553/1931
f 1649/2553/1931 2045/2387/1931 2154/2501/1931
f 2109/2455/1932 1823/2554/1932 1806/2555/1932
f 1806/2555/1932 2127/2473/1932 2109/2455/1932
f 2158/2505/1933 419/456/1933 418/455/1933
f 418/455/1933 2159/2506/1933 2158/2505/1933
f 2094/2440/1934 1179/2556/1934 943/2557/1934
f 943/2557/1934 2106/2452/1934 2094/2440/1934
f 2018/2358/1935 606/2558/1935 628/2559/1935
f 628/2559/1935 2131/2477/1935 2018/2358/1935
f 2081/2427/1936 556/2560/1936 562/2561/1936
f 562/2561/1936 2068/2414/1936 2081/2427/1936
f 2132/2478/1937 655/2562/1937 691/2540/1937
f 691/2540/1937 2156/2503/1937 2132/2478/1937
f 2142/2488/1938 1686/2563/1938 1677/2552/1938
f 1677/2552/1938 2154/2501/1938 2142/2488/1938
f 2075/2421/1939 1119/2564/1939 1122/2565/1939
f 1122/2565/1939 2009/2349/1939 2075/2421/1939
f 2150/2497/1940 1905/2181/1940 1903/2176/1940
f 1903/2176/1940 2151/2498/1940 2150/2497/1940
f 2146/2493/1941 525/2566/1941 443/2527/1941
f 443/2527/1941 2147/2494/1941 2146/2493/1941
f 2052/2394/1942 1385/2567/1942 1299/2568/1942
f 1299/2568/1942 2065/2409/1942 2052/2394/1942
f 2104/2450/1943 1074/2569/1943 1086/2570/1943
f 1086/2570/1943 2135/2481/1943 2104/2450/1943
f 2141/2487/1944 1726/2571/1944 1686/2563/1944
f 1686/2563/1944 2142/2488/1944 2141/2487/1944
f 2060/2402/1945 439/2572/1945 438/2573/1945
f 438/2573/1945 2029/2369/1945 2060/2402/1945
f 2139/2485/1946 735/2530/1946 990/2574/1946
f 990/2574/1946 2137/2483/1946 2139/2485/1946
f 2137/2483/1947 990/2574/1947 1002/2575/1947
f 1002/2575/1947 2115/2461/1947 2137/2483/1947
f 2135/2481/1948 1086/2570/1948 1098/2576/1948
f 1098/2576/1948 2074/2420/1948 2135/2481/1948
f 2131/2477/1949 628/2559/1949 655/2562/1949
f 655/2562/1949 2132/2478/1949 2131/2477/1949
f 2101/2447/1950 750/2577/1950 760/2578/1950
f 760/2578/1950 2088/2434/1950 2101/2447/1950
f 2127/2473/1951 1806/2555/1951 1782/2545/1951
f 1782/2545/1951 2128/2474/1951 2127/2473/1951
f 2097/2443/1952 1872/2147/1952 1850/2536/1952
f 1850/2536/1952 2125/2471/1952 2097/2443/1952
f 2085/2431/1953 1951/2241/1953 1926/2206/1953
f 1926/2206/1953 2123/2469/1953 2085/2431/1953
f 2046/2388/1954 1624/2579/1954 1622/2543/1954
f 1622/2543/1954 2121/2467/1954 2046/2388/1954
f 2117/2463/1955 1601/2544/1955 1577/2531/1955
f 1577/2531/1955 2118/2464/1955 2117/2463/1955
f 2115/2461/1956 1002/2575/1956 1014/2580/1956
f 1014/2580/1956 2092/2438/1956 2115/2461/1956
f 2026/2366/1957 813/2581/1957 804/2551/1957
f 804/2551/1957 2113/2459/1957 2026/2366/1957
f 2033/2375/1958 792/2374/1958 791/2582/1958
f 791/2582/1958 2100/2446/1958 2033/2375/1958
f 2108/2454/1959 1832/2537/1959 1823/2554/1959
f 1823/2554/1959 2109/2455/1959 2108/2454/1959
f 2106/2452/1960 943/2557/1960 936/2583/1960
f 936/2583/1960 1675/1926/1960 2106/2452/1960
f 2036/2378/1961 1073/2584/1961 1074/2569/1961
f 1074/2569/1961 2104/2450/1961 2036/2378/1961
f 2100/2446/1962 791/2582/1962 750/2577/1962
f 750/2577/1962 2101/2447/1962 2100/2446/1962
f 2096/2442/1963 1880/2148/1963 1872/2147/1963
f 1872/2147/1963 2097/2443/1963 2096/2442/1963
f 2040/2382/1964 1180/2585/1964 1179/2556/1964
f 1179/2556/1964 2094/2440/1964 2040/2382/1964
f 2092/2438/1965 1014/2580/1965 1026/2586/1965
f 1026/2586/1965 2057/2399/1965 2092/2438/1965
f 2010/2350/1966 1275/2587/1966 1329/2588/1966
f 1329/2588/1966 2021/2361/1966 2010/2350/1966
f 2088/2434/1967 760/2578/1967 415/2547/1967
f 415/2547/1967 2089/2435/1967 2088/2434/1967
f 2084/2430/1968 1958/2250/1968 1951/2241/1968
f 1951/2241/1968 2085/2431/1968 2084/2430/1968
f 2030/2370/1969 543/2589/1969 544/2590/1969
f 544/2590/1969 2080/2426/1969 2030/2370/1969
f 2080/2426/1970 544/2590/1970 556/2560/1970
f 556/2560/1970 2081/2427/1970 2080/2426/1970
f 2078/2424/1971 852/1000/1971 818/999/1971
f 818/999/1971 2025/2365/1971 2078/2424/1971
f 2074/2420/1972 1098/2576/1972 1119/2564/1972
f 1119/2564/1972 2075/2421/1972 2074/2420/1972
f 2070/2416/1973 1728/2539/1973 1727/2591/1973
f 1727/2591/1973 2071/2417/1973 2070/2416/1973
f 2068/2414/1974 562/2561/1974 581/2592/1974
f 581/2592/1974 2017/2357/1974 2068/2414/1974
f 2065/2409/1975 1299/2568/1975 1250/2593/1975
f 1250/2593/1975 2039/2381/1975 2065/2409/1975
f 2059/2401/1976 442/2528/1976 439/2572/1976
f 439/2572/1976 2060/2402/1976 2059/2401/1976
f 2057/2399/1977 1026/2586/1977 1038/2594/1977
f 1038/2594/1977 2043/2385/1977 2057/2399/1977
f 2022/2596/1978 2008/2595/1978 1996/2532/1978
f 1996/2532/1978 2055/2535/1978 2022/2596/1978
f 2051/2393/1979 1439/2412/1979 1385/2567/1979
f 1385/2567/1979 2052/2394/1979 2051/2393/1979
f 2014/2354/1980 876/2597/1980 855/1007/1980
f 855/1007/1980 2049/2391/1980 2014/2354/1980
f 2045/2387/1981 1649/2553/1981 1624/2579/1981
f 1624/2579/1981 2046/2388/1981 2045/2387/1981
f 2043/2385/1982 1038/2594/1982 1049/2598/1982
f 1049/2598/1982 2035/2377/1982 2043/2385/1982
f 2039/2381/1983 1250/2593/1983 1180/2585/1983
f 1180/2585/1983 2040/2382/1983 2039/2381/1983
f 2035/2377/1984 1049/2598/1984 1073/2584/1984
f 1073/2584/1984 2036/2378/1984 2035/2377/1984
f 2029/2369/1985 438/2573/1985 543/2589/1985
f 543/2589/1985 2030/2370/1985 2029/2369/1985
f 2025/2365/1986 818/999/1986 813/2581/1986
f 813/2581/1986 2026/2366/1986 2025/2365/1986
f 2021/2600/1987 1329/2329/1987 2008/2330/1987
f 2008/2330/1987 2022/2599/1987 2021/2600/1987
f 2017/2357/1988 581/2592/1988 606/2558/1988
f 606/2558/1988 2018/2358/1988 2017/2357/1988
f 2013/2353/1989 888/2542/1989 876/2597/1989
f 876/2597/1989 2014/2354/1989 2013/2353/1989
f 2009/2349/1990 1122/2565/1990 1275/2587/1990
f 1275/2587/1990 2010/2350/1990 2009/2349/1990
f 1675/1926/1991 936/2583/1991 924/2601/1991
f 924/2601/1991 1667/1918/1991 1675/1926/1991
f 1667/1918/1992 924/2601/1992 923/2549/1992
f 923/2549/1992 1668/1919/1992 1667/1918/1992
f 2179/2602/1993 2067/2413/1993 2051/2393/1993
f 2051/2393/1993 2054/2396/1993 2179/2602/1993
f 2180/2603/1994 2162/2510/1994 2145/2492/1994
f 2145/2492/1994 2179/2602/1994 2180/2603/1994
f 2145/2492/1995 2067/2413/1995 2179/2602/1995
f 2178/2526/1996 2063/2407/1996 2162/2510/1996
f 2162/2510/1996 2180/2603/1996 2178/2526/1996
f 2064/2408/1997 2063/2407/1997 2178/2526/1997
f 2182/2607/1998 2143/2604/1998 2155/2605/1998
f 2155/2605/1998 2181/2606/1998 2182/2607/1998
f 2184/2611/1999 2107/2608/1999 1676/2609/1999
f 1676/2609/1999 2183/2610/1999 2184/2611/1999
f 2186/2615/2000 2082/2612/2000 2069/2613/2000
f 2069/2613/2000 2185/2614/2000 2186/2615/2000
f 2183/2610/2001 1676/2609/2001 1670/2616/2001
f 1670/2616/2001 2187/2617/2001 2183/2610/2001
f 2188/2619/2002 2144/2618/2002 2143/2604/2002
f 2143/2604/2002 2182/2607/2002 2188/2619/2002
f 2190/2623/2003 2037/2620/2003 2105/2621/2003
f 2105/2621/2003 2189/2622/2003 2190/2623/2003
f 2185/2614/2004 2069/2613/2004 2020/2624/2004
f 2020/2624/2004 2191/2625/2004 2185/2614/2004
f 2193/2629/2005 2073/2626/2005 2072/2627/2005
f 2072/2627/2005 2192/2628/2005 2193/2629/2005
f 2189/2622/2006 2105/2621/2006 2136/2630/2006
f 2136/2630/2006 2194/2631/2006 2189/2622/2006
f 2191/2625/2007 2020/2624/2007 2019/2632/2007
f 2019/2632/2007 2195/2633/2007 2191/2625/2007
f 2196/2635/2008 2177/2634/2008 2073/2626/2008
f 2073/2626/2008 2193/2629/2008 2196/2635/2008
f 2194/2631/2009 2136/2630/2009 2077/2636/2009
f 2077/2636/2009 2197/2637/2009 2194/2631/2009
f 2195/2633/2010 2019/2632/2010 2134/2638/2010
f 2134/2638/2010 2198/2639/2010 2195/2633/2010
f 2200/2643/2011 2129/2640/2011 2171/2641/2011
f 2171/2641/2011 2199/2642/2011 2200/2643/2011
f 2197/2637/2012 2077/2636/2012 2076/2644/2012
f 2076/2644/2012 2201/2645/2012 2197/2637/2012
f 2198/2639/2013 2134/2638/2013 2133/2646/2013
f 2133/2646/2013 2202/2647/2013 2198/2639/2013
f 2079/2648/2014 2028/2649/2014 2203/2650/2014
f 2187/2617/2015 1670/2616/2015 1669/2651/2015
f 1669/2651/2015 2204/2652/2015 2187/2617/2015
f 2205/2654/2016 2130/2653/2016 2129/2640/2016
f 2129/2640/2016 2200/2643/2016 2205/2654/2016
f 2207/2658/2017 2041/2655/2017 2095/2656/2017
f 2095/2656/2017 2206/2657/2017 2207/2658/2017
f 2202/2647/2018 2133/2646/2018 2157/2659/2018
f 2157/2659/2018 2208/2660/2018 2202/2647/2018
f 2119/2661/2019 2178/2662/2019 2209/2663/2019
f 2210/2665/2020 2110/2664/2020 2130/2653/2020
f 2130/2653/2020 2205/2654/2020 2210/2665/2020
f 2204/2652/2021 1669/2651/2021 2169/2666/2021
f 2169/2666/2021 2211/2667/2021 2204/2652/2021
f 2201/2645/2022 2076/2644/2022 2012/2668/2022
f 2012/2668/2022 2212/2669/2022 2201/2645/2022
f 2208/2660/2023 2157/2659/2023 2173/2670/2023
f 2173/2670/2023 2213/2671/2023 2208/2660/2023
f 2214/2673/2024 2111/2672/2024 2110/2664/2024
f 2110/2664/2024 2210/2665/2024 2214/2673/2024
f 2216/2677/2025 2102/2674/2025 2091/2675/2025
f 2091/2675/2025 2215/2676/2025 2216/2677/2025
f 2206/2657/2026 2095/2656/2026 2107/2608/2026
f 2107/2608/2026 2184/2611/2026 2206/2657/2026
f 2140/2678/2027 2138/2679/2027 2213/2680/2027
f 2217/2682/2028 2126/2681/2028 2111/2672/2028
f 2111/2672/2028 2214/2673/2028 2217/2682/2028
f 2218/2686/2029 2050/2683/2029 2079/2684/2029
f 2079/2684/2029 2203/2685/2029 2218/2686/2029
f 2219/2688/2030 2042/2687/2030 2041/2655/2030
f 2041/2655/2030 2207/2658/2030 2219/2688/2030
f 2215/2676/2031 2091/2675/2031 2090/2689/2031
f 2090/2689/2031 2220/2690/2031 2215/2676/2031
f 2179/2691/2032 2054/2692/2032 2209/2693/2032
f 2221/2695/2033 2098/2694/2033 2126/2681/2033
f 2126/2681/2033 2217/2682/2033 2221/2695/2033
f 2173/2670/2034 2140/2696/2034 2213/2671/2034
f 2212/2669/2035 2012/2668/2035 2011/2697/2035
f 2011/2697/2035 2222/2698/2035 2212/2669/2035
f 2112/2699/2036 2103/2700/2036 2203/2701/2036
f 2223/2703/2037 2099/2702/2037 2098/2694/2037
f 2098/2694/2037 2221/2695/2037 2223/2703/2037
f 2209/2693/2038 2066/2704/2038 2042/2687/2038
f 2042/2687/2038 2219/2688/2038 2209/2693/2038
f 2203/2701/2039 2103/2700/2039 2102/2674/2039
f 2102/2674/2039 2216/2677/2039 2203/2701/2039
f 2224/2706/2040 2152/2705/2040 2099/2702/2040
f 2099/2702/2040 2223/2703/2040 2224/2706/2040
f 2225/2708/2041 2153/2707/2041 2152/2705/2041
f 2152/2705/2041 2224/2706/2041 2225/2708/2041
f 2114/2709/2042 2165/2710/2042 2203/2701/2042
f 2053/2711/2043 2066/2704/2043 2209/2693/2043
f 2165/2710/2044 2112/2699/2044 2203/2701/2044
f 2226/2713/2045 2124/2712/2045 2153/2707/2045
f 2153/2707/2045 2225/2708/2045 2226/2713/2045
f 2054/2692/2046 2053/2711/2046 2209/2693/2046
f 2027/2714/2047 2114/2715/2047 2203/2650/2047
f 2227/2717/2048 2086/2716/2048 2124/2712/2048
f 2124/2712/2048 2226/2713/2048 2227/2717/2048
f 2028/2649/2049 2027/2714/2049 2203/2650/2049
f 2228/2719/2050 2087/2718/2050 2086/2716/2050
f 2086/2716/2050 2227/2717/2050 2228/2719/2050
f 2230/2723/2051 2161/2720/2051 2160/2721/2051
f 2160/2721/2051 2229/2722/2051 2230/2723/2051
f 2175/2724/2052 2087/2718/2052 2228/2719/2052
f 2231/2728/2053 2015/2725/2053 2050/2726/2053
f 2050/2726/2053 2218/2727/2053 2231/2728/2053
f 2232/2730/2054 2164/2729/2054 2161/2720/2054
f 2161/2720/2054 2230/2723/2054 2232/2730/2054
f 2233/2732/2055 2056/2731/2055 2175/2724/2055
f 2175/2724/2055 2228/2719/2055 2233/2732/2055
f 2180/2733/2056 2179/2691/2056 2209/2693/2056
f 2234/2735/2057 2016/2734/2057 2015/2725/2057
f 2015/2725/2057 2231/2728/2057 2234/2735/2057
f 2235/2737/2058 2167/2736/2058 2164/2729/2058
f 2164/2729/2058 2232/2730/2058 2235/2737/2058
f 2236/2739/2059 2023/2738/2059 2056/2731/2059
f 2056/2731/2059 2233/2732/2059 2236/2739/2059
f 2178/2662/2060 2180/2740/2060 2209/2663/2060
f 2211/2667/2061 2169/2666/2061 2016/2734/2061
f 2016/2734/2061 2234/2735/2061 2211/2667/2061
f 2220/2690/2062 2090/2689/2062 2167/2736/2062
f 2167/2736/2062 2235/2737/2062 2220/2690/2062
f 2237/2744/2063 2024/2741/2063 2023/2742/2063
f 2023/2742/2063 2236/2743/2063 2237/2744/2063
f 2239/2748/2064 2149/2745/2064 2148/2746/2064
f 2148/2746/2064 2238/2747/2064 2239/2748/2064
f 2138/2679/2065 2116/2749/2065 2213/2680/2065
f 2241/2753/2066 2062/2750/2066 2061/2751/2066
f 2061/2751/2066 2240/2752/2066 2241/2753/2066
f 2222/2698/2067 2011/2697/2067 2024/2741/2067
f 2024/2741/2067 2237/2744/2067 2222/2698/2067
f 2242/2755/2068 2120/2754/2068 2119/2661/2068
f 2119/2661/2068 2209/2663/2068 2242/2755/2068
f 2116/2749/2069 2093/2756/2069 2213/2680/2069
f 2240/2752/2070 2061/2751/2070 2032/2757/2070
f 2032/2757/2070 2243/2758/2070 2240/2752/2070
f 2244/2760/2071 2122/2759/2071 2120/2754/2071
f 2120/2754/2071 2242/2755/2071 2244/2760/2071
f 2213/2680/2072 2093/2756/2072 2058/2761/2072
f 2058/2761/2072 2245/2762/2072 2213/2680/2072
f 2238/2747/2073 2148/2746/2073 2062/2750/2073
f 2062/2750/2073 2241/2753/2073 2238/2747/2073
f 2246/2764/2074 2047/2763/2074 2122/2759/2074
f 2122/2759/2074 2244/2760/2074 2246/2764/2074
f 2245/2762/2075 2058/2761/2075 2044/2765/2075
f 2044/2765/2075 2247/2766/2075 2245/2762/2075
f 2243/2758/2076 2032/2757/2076 2031/2767/2076
f 2031/2767/2076 2248/2768/2076 2243/2758/2076
f 2249/2770/2077 2048/2769/2077 2047/2763/2077
f 2047/2763/2077 2246/2764/2077 2249/2770/2077
f 2247/2766/2078 2044/2765/2078 2038/2771/2078
f 2038/2771/2078 2250/2772/2078 2247/2766/2078
f 2248/2768/2079 2031/2767/2079 2083/2773/2079
f 2083/2773/2079 2251/2774/2079 2248/2768/2079
f 2181/2606/2080 2155/2605/2080 2048/2769/2080
f 2048/2769/2080 2249/2770/2080 2181/2606/2080
f 2250/2772/2081 2038/2771/2081 2037/2620/2081
f 2037/2620/2081 2190/2623/2081 2250/2772/2081
f 2251/2774/2082 2083/2773/2082 2082/2612/2082
f 2082/2612/2082 2186/2615/2082 2251/2774/2082
f 2253/2778/2083 2239/2775/2083 2238/2776/2083
f 2238/2776/2083 2252/2777/2083 2253/2778/2083
f 2255/2782/2084 2200/2779/2084 2199/2780/2084
f 2199/2780/2084 2254/2781/2084 2255/2782/2084
f 2257/2786/2085 2247/2783/2085 2250/2784/2085
f 2250/2784/2085 2256/2785/2085 2257/2786/2085
f 2259/2790/2086 2241/2787/2086 2240/2788/2086
f 2240/2788/2086 2258/2789/2086 2259/2790/2086
f 2260/2792/2087 2205/2791/2087 2200/2779/2087
f 2200/2779/2087 2255/2782/2087 2260/2792/2087
f 2256/2785/2088 2250/2784/2088 2190/2793/2088
f 2190/2793/2088 2261/2794/2088 2256/2785/2088
f 2258/2789/2089 2240/2788/2089 2243/2795/2089
f 2243/2795/2089 2262/2796/2089 2258/2789/2089
f 2263/2798/2090 2210/2797/2090 2205/2791/2090
f 2205/2791/2090 2260/2792/2090 2263/2798/2090
f 2265/2802/2091 2184/2799/2091 2183/2800/2091
f 2183/2800/2091 2264/2801/2091 2265/2802/2091
f 2252/2777/2092 2238/2776/2092 2241/2787/2092
f 2241/2787/2092 2259/2790/2092 2252/2777/2092
f 2266/2804/2093 2214/2803/2093 2210/2797/2093
f 2210/2797/2093 2263/2798/2093 2266/2804/2093
f 2261/2794/2094 2190/2793/2094 2189/2805/2094
f 2189/2805/2094 2267/2806/2094 2261/2794/2094
f 2262/2796/2095 2243/2795/2095 2248/2807/2095
f 2248/2807/2095 2268/2808/2095 2262/2796/2095
f 2269/2810/2096 2217/2809/2096 2214/2803/2096
f 2214/2803/2096 2266/2804/2096 2269/2810/2096
f 2267/2806/2097 2189/2805/2097 2194/2811/2097
f 2194/2811/2097 2270/2812/2097 2267/2806/2097
f 2268/2808/2098 2248/2807/2098 2251/2813/2098
f 2251/2813/2098 2271/2814/2098 2268/2808/2098
f 2272/2816/2099 2221/2815/2099 2217/2809/2099
f 2217/2809/2099 2269/2810/2099 2272/2816/2099
f 2270/2812/2100 2194/2811/2100 2197/2817/2100
f 2197/2817/2100 2273/2818/2100 2270/2812/2100
f 2271/2814/2101 2251/2813/2101 2186/2819/2101
f 2186/2819/2101 2274/2820/2101 2271/2814/2101
f 2275/2822/2102 2223/2821/2102 2221/2815/2102
f 2221/2815/2102 2272/2816/2102 2275/2822/2102
f 2277/2826/2103 2265/2823/2103 2264/2824/2103
f 2264/2824/2103 2276/2825/2103 2277/2826/2103
f 2273/2818/2104 2197/2817/2104 2201/2827/2104
f 2201/2827/2104 2278/2828/2104 2273/2818/2104
f 2274/2820/2105 2186/2819/2105 2185/2829/2105
f 2185/2829/2105 2279/2830/2105 2274/2820/2105
f 2280/2832/2106 2224/2831/2106 2223/2821/2106
f 2223/2821/2106 2275/2822/2106 2280/2832/2106
f 2282/2836/2107 2272/2833/2107 2269/2834/2107
f 2269/2834/2107 2281/2835/2107 2282/2836/2107
f 2284/2840/2108 2207/2837/2108 2206/2838/2108
f 2206/2838/2108 2283/2839/2108 2284/2840/2108
f 2279/2830/2109 2185/2829/2109 2191/2841/2109
f 2191/2841/2109 2285/2842/2109 2279/2830/2109
f 2286/2844/2110 2225/2843/2110 2224/2831/2110
f 2224/2831/2110 2280/2832/2110 2286/2844/2110
f 2278/2828/2111 2201/2827/2111 2212/2845/2111
f 2212/2845/2111 2287/2846/2111 2278/2828/2111
f 2285/2842/2112 2191/2841/2112 2195/2847/2112
f 2195/2847/2112 2288/2848/2112 2285/2842/2112
f 2289/2850/2113 2226/2849/2113 2225/2843/2113
f 2225/2843/2113 2286/2844/2113 2289/2850/2113
f 2283/2839/2114 2206/2838/2114 2184/2799/2114
f 2184/2799/2114 2265/2802/2114 2283/2839/2114
f 2288/2848/2115 2195/2847/2115 2198/2851/2115
f 2198/2851/2115 2290/2852/2115 2288/2848/2115
f 2291/2854/2116 2227/2853/2116 2226/2849/2116
f 2226/2849/2116 2289/2850/2116 2291/2854/2116
f 2292/2856/2117 2219/2855/2117 2207/2837/2117
f 2207/2837/2117 2284/2840/2117 2292/2856/2117
f 2290/2852/2118 2198/2851/2118 2202/2857/2118
f 2202/2857/2118 2293/2858/2118 2290/2852/2118
f 2294/2860/2119 2228/2859/2119 2227/2853/2119
f 2227/2853/2119 2291/2854/2119 2294/2860/2119
f 2287/2846/2120 2212/2845/2120 2222/2861/2120
f 2222/2861/2120 2295/2862/2120 2287/2846/2120
f 2202/2857/2121 2208/2863/2121 2293/2858/2121
f 2296/2865/2122 2209/2864/2122 2219/2855/2122
f 2219/2855/2122 2292/2856/2122 2296/2865/2122
f 2293/2858/2123 2208/2863/2123 2213/2866/2123
f 2213/2866/2123 2297/2867/2123 2293/2858/2123
f 2298/2869/2124 2233/2868/2124 2228/2859/2124
f 2228/2859/2124 2294/2860/2124 2298/2869/2124
f 2281/2835/2125 2269/2834/2125 2266/2870/2125
f 2266/2870/2125 2299/2871/2125 2281/2835/2125
f 2300/2873/2126 2236/2872/2126 2233/2868/2126
f 2233/2868/2126 2298/2869/2126 2300/2873/2126
f 2304/2877/2127 2301/2874/2127 2302/2875/2127
f 2302/2875/2127 2303/2876/2127 2304/2877/2127
f 2306/2881/2128 2215/2878/2128 2220/2879/2128
f 2220/2879/2128 2305/2880/2128 2306/2881/2128
f 2307/2883/2129 2237/2882/2129 2236/2872/2129
f 2236/2872/2129 2300/2873/2129 2307/2883/2129
f 2299/2871/2130 2266/2870/2130 2263/2884/2130
f 2263/2884/2130 2308/2885/2130 2299/2871/2130
f 2309/2889/2131 2305/2886/2131 2301/2887/2131
f 2301/2887/2131 2304/2888/2131 2309/2889/2131
f 2311/2893/2132 2261/2890/2132 2267/2891/2132
f 2267/2891/2132 2310/2892/2132 2311/2893/2132
f 2313/2897/2133 2203/2894/2133 2216/2895/2133
f 2216/2895/2133 2312/2896/2133 2313/2897/2133
f 2295/2862/2134 2222/2861/2134 2237/2882/2134
f 2237/2882/2134 2307/2883/2134 2295/2862/2134
f 2314/2899/2135 2242/2898/2135 2209/2864/2135
f 2209/2864/2135 2296/2865/2135 2314/2899/2135
f 2303/2876/2136 2302/2875/2136 2315/2900/2136
f 2315/2900/2136 2316/2901/2136 2303/2876/2136
f 2317/2903/2137 2256/2902/2137 2261/2890/2137
f 2261/2890/2137 2311/2893/2137 2317/2903/2137
f 2318/2905/2138 2244/2904/2138 2242/2898/2138
f 2242/2898/2138 2314/2899/2138 2318/2905/2138
f 2308/2885/2139 2263/2884/2139 2260/2906/2139
f 2260/2906/2139 2319/2907/2139 2308/2885/2139
f 2321/2911/2140 2204/2908/2140 2211/2909/2140
f 2211/2909/2140 2320/2910/2140 2321/2911/2140
f 2322/2913/2141 2246/2912/2141 2244/2904/2141
f 2244/2904/2141 2318/2905/2141 2322/2913/2141
f 2324/2917/2142 2231/2914/2142 2218/2915/2142
f 2218/2915/2142 2323/2916/2142 2324/2917/2142
f 2264/2801/2143 2183/2800/2143 2187/2918/2143
f 2187/2918/2143 2325/2919/2143 2264/2801/2143
f 2312/2896/2144 2216/2895/2144 2215/2878/2144
f 2215/2878/2144 2306/2881/2144 2312/2896/2144
f 2326/2921/2145 2249/2920/2145 2246/2912/2145
f 2246/2912/2145 2322/2913/2145 2326/2921/2145
f 2327/2923/2146 2234/2922/2146 2231/2914/2146
f 2231/2914/2146 2324/2917/2146 2327/2923/2146
f 2325/2919/2147 2187/2918/2147 2204/2908/2147
f 2204/2908/2147 2321/2911/2147 2325/2919/2147
f 2323/2916/2148 2218/2915/2148 2203/2894/2148
f 2203/2894/2148 2313/2897/2148 2323/2916/2148
f 2328/2925/2149 2181/2924/2149 2249/2920/2149
f 2249/2920/2149 2326/2921/2149 2328/2925/2149
f 2320/2910/2150 2211/2909/2150 2234/2922/2150
f 2234/2922/2150 2327/2923/2150 2320/2910/2150
f 2315/2929/2151 2230/2926/2151 2229/2927/2151
f 2229/2927/2151 2329/2928/2151 2315/2929/2151
f 2330/2931/2152 2182/2930/2152 2181/2924/2152
f 2181/2924/2152 2328/2925/2152 2330/2931/2152
f 2302/2933/2153 2232/2932/2153 2230/2926/2153
f 2230/2926/2153 2315/2929/2153 2302/2933/2153
f 2316/2901/2154 2315/2900/2154 2329/2934/2154
f 2329/2934/2154 2331/2935/2154 2316/2901/2154
f 2332/2937/2155 2188/2936/2155 2182/2930/2155
f 2182/2930/2155 2330/2931/2155 2332/2937/2155
f 2301/2939/2156 2235/2938/2156 2232/2932/2156
f 2232/2932/2156 2302/2933/2156 2301/2939/2156
f 2335/2943/2157 2297/2940/2157 2333/2941/2157
f 2333/2941/2157 2334/2942/2157 2335/2943/2157
f 2337/2947/2158 2193/2944/2158 2192/2945/2158
f 2192/2945/2158 2336/2946/2158 2337/2947/2158
f 2297/2867/2159 2213/2866/2159 2245/2948/2159
f 2245/2948/2159 2333/2949/2159 2297/2867/2159
f 2305/2880/2160 2220/2879/2160 2235/2938/2160
f 2235/2938/2160 2301/2939/2160 2305/2880/2160
f 2338/2951/2161 2196/2950/2161 2193/2944/2161
f 2193/2944/2161 2337/2947/2161 2338/2951/2161
f 2333/2949/2162 2245/2948/2162 2247/2783/2162
f 2247/2783/2162 2257/2786/2162 2333/2949/2162
f 2339/2953/2163 2293/2952/2163 2297/2940/2163
f 2297/2940/2163 2335/2943/2163 2339/2953/2163
f 2310/2892/2164 2267/2891/2164 2270/2954/2164
f 2270/2954/2164 2340/2955/2164 2310/2892/2164
f 2342/2959/2165 2253/2956/2165 2252/2957/2165
f 2252/2957/2165 2341/2958/2165 2342/2959/2165
f 2343/2961/2166 2275/2960/2166 2272/2833/2166
f 2272/2833/2166 2282/2836/2166 2343/2961/2166
f 2340/2955/2167 2270/2954/2167 2273/2962/2167
f 2273/2962/2167 2344/2963/2167 2340/2955/2167
f 2346/2967/2168 2259/2964/2168 2258/2965/2168
f 2258/2965/2168 2345/2966/2168 2346/2967/2168
f 2347/2969/2169 2280/2968/2169 2275/2960/2169
f 2275/2960/2169 2343/2961/2169 2347/2969/2169
f 2344/2963/2170 2273/2962/2170 2278/2970/2170
f 2278/2970/2170 2348/2971/2170 2344/2963/2170
f 2345/2966/2171 2258/2965/2171 2262/2972/2171
f 2262/2972/2171 2349/2973/2171 2345/2966/2171
f 2350/2975/2172 2286/2974/2172 2280/2968/2172
f 2280/2968/2172 2347/2969/2172 2350/2975/2172
f 2352/2979/2173 2284/2976/2173 2283/2977/2173
f 2283/2977/2173 2351/2978/2173 2352/2979/2173
f 2354/2983/2174 2323/2980/2174 2313/2981/2174
f 2313/2981/2174 2353/2982/2174 2354/2983/2174
f 2341/2958/2175 2252/2957/2175 2259/2964/2175
f 2259/2964/2175 2346/2967/2175 2341/2958/2175
f 2355/2985/2176 2289/2984/2176 2286/2974/2176
f 2286/2974/2176 2350/2975/2176 2355/2985/2176
f 2348/2971/2177 2278/2970/2177 2287/2986/2177
f 2287/2986/2177 2356/2987/2177 2348/2971/2177
f 2349/2973/2178 2262/2972/2178 2268/2988/2178
f 2268/2988/2178 2357/2989/2178 2349/2973/2178
f 2358/2991/2179 2291/2990/2179 2289/2984/2179
f 2289/2984/2179 2355/2985/2179 2358/2991/2179
f 2351/2978/2180 2283/2977/2180 2265/2823/2180
f 2265/2823/2180 2277/2826/2180 2351/2978/2180
f 2357/2989/2181 2268/2988/2181 2271/2992/2181
f 2271/2992/2181 2359/2993/2181 2357/2989/2181
f 2360/2995/2182 2294/2994/2182 2291/2990/2182
f 2291/2990/2182 2358/2991/2182 2360/2995/2182
f 2361/2997/2183 2292/2996/2183 2284/2976/2183
f 2284/2976/2183 2352/2979/2183 2361/2997/2183
f 2359/2993/2184 2271/2992/2184 2274/2998/2184
f 2274/2998/2184 2362/2999/2184 2359/2993/2184
f 2356/2987/2185 2287/2986/2185 2295/3000/2185
f 2295/3000/2185 2363/3001/2185 2356/2987/2185
f 2362/2999/2186 2274/2998/2186 2279/3002/2186
f 2279/3002/2186 2364/3003/2186 2362/2999/2186
f 2366/3007/2187 2307/3004/2187 2300/3005/2187
f 2300/3005/2187 2365/3006/2187 2366/3007/2187
f 2367/3009/2188 2296/3008/2188 2292/2996/2188
f 2292/2996/2188 2361/2997/2188 2367/3009/2188
f 2364/3003/2189 2279/3002/2189 2285/3010/2189
f 2285/3010/2189 2368/3011/2189 2364/3003/2189
f 2370/3015/2190 2327/3012/2190 2324/3013/2190
f 2324/3013/2190 2369/3014/2190 2370/3015/2190
f 2368/3011/2191 2285/3010/2191 2288/3016/2191
f 2288/3016/2191 2371/3017/2191 2368/3011/2191
f 2363/3001/2192 2295/3000/2192 2307/3004/2192
f 2307/3004/2192 2366/3007/2192 2363/3001/2192
f 2371/3021/2193 2288/3018/2193 2290/3019/2193
f 2290/3019/2193 2372/3020/2193 2371/3021/2193
f 2372/3023/2194 2290/3022/2194 2293/2952/2194
f 2293/2952/2194 2339/2953/2194 2372/3023/2194
f 2373/3025/2195 2298/3024/2195 2294/2994/2195
f 2294/2994/2195 2360/2995/2195 2373/3025/2195
f 2375/3029/2196 2321/3026/2196 2320/3027/2196
f 2320/3027/2196 2374/3028/2196 2375/3029/2196
f 2376/3033/2197 2306/3030/2197 2305/3031/2197
f 2305/3031/2197 2309/3032/2197 2376/3033/2197
f 2377/3035/2198 2314/3034/2198 2296/3008/2198
f 2296/3008/2198 2367/3009/2198 2377/3035/2198
f 2378/3037/2199 2312/3036/2199 2306/3030/2199
f 2306/3030/2199 2376/3033/2199 2378/3037/2199
f 2379/3039/2200 2318/3038/2200 2314/3034/2200
f 2314/3034/2200 2377/3035/2200 2379/3039/2200
f 2380/3041/2201 2322/3040/2201 2318/3038/2201
f 2318/3038/2201 2379/3039/2201 2380/3041/2201
f 2353/2982/2202 2313/2981/2202 2312/3036/2202
f 2312/3036/2202 2378/3037/2202 2353/2982/2202
f 2381/3043/2203 2326/3042/2203 2322/3040/2203
f 2322/3040/2203 2380/3041/2203 2381/3043/2203
f 2382/3047/2204 2328/3044/2204 2326/3045/2204
f 2326/3045/2204 2381/3046/2204 2382/3047/2204
f 2383/3049/2205 2330/3048/2205 2328/3044/2205
f 2328/3044/2205 2382/3047/2205 2383/3049/2205
f 2369/3051/2206 2324/3050/2206 2323/2980/2206
f 2323/2980/2206 2354/2983/2206 2369/3051/2206
f 2384/3053/2207 2332/3052/2207 2330/3048/2207
f 2330/3048/2207 2383/3049/2207 2384/3053/2207
f 2386/3057/2208 2337/3054/2208 2336/3055/2208
f 2336/3055/2208 2385/3056/2208 2386/3057/2208
f 2374/3028/2209 2320/3027/2209 2327/3012/2209
f 2327/3012/2209 2370/3015/2209 2374/3028/2209
f 2387/3059/2210 2338/3058/2210 2337/3054/2210
f 2337/3054/2210 2386/3057/2210 2387/3059/2210
f 2365/3061/2211 2300/3060/2211 2298/3024/2211
f 2298/3024/2211 2373/3025/2211 2365/3061/2211
f 2276/2825/2212 2264/2824/2212 2325/3062/2212
f 2325/3062/2212 2388/3063/2212 2276/2825/2212
f 2390/3067/2213 2255/3064/2213 2254/3065/2213
f 2254/3065/2213 2389/3066/2213 2390/3067/2213
f 2334/2942/2214 2333/2941/2214 2257/3068/2214
f 2257/3068/2214 2391/3069/2214 2334/2942/2214
f 2388/3063/2215 2325/3062/2215 2321/3026/2215
f 2321/3026/2215 2375/3029/2215 2388/3063/2215
f 2319/2907/2216 2260/2906/2216 2255/3064/2216
f 2255/3064/2216 2390/3067/2216 2319/2907/2216
f 2391/3071/2217 2257/3070/2217 2256/2902/2217
f 2256/2902/2217 2317/2903/2217 2391/3071/2217
f 2393/3075/2218 2382/3072/2218 2381/3073/2218
f 2381/3073/2218 2392/3074/2218 2393/3075/2218
f 2395/3079/2219 2391/3076/2219 2317/3077/2219
f 2317/3077/2219 2394/3078/2219 2395/3079/2219
f 2397/3083/2220 2348/3080/2220 2356/3081/2220
f 2356/3081/2220 2396/3082/2220 2397/3083/2220
f 2398/3085/2221 2383/3084/2221 2382/3072/2221
f 2382/3072/2221 2393/3075/2221 2398/3085/2221
f 2399/3087/2222 2334/3086/2222 2391/3076/2222
f 2391/3076/2222 2395/3079/2222 2399/3087/2222
f 2401/3091/2223 2346/3088/2223 2345/3089/2223
f 2345/3089/2223 2400/3090/2223 2401/3091/2223
f 2402/3093/2224 2384/3092/2224 2383/3084/2224
f 2383/3084/2224 2398/3085/2224 2402/3093/2224
f 2403/3095/2225 2341/3094/2225 2346/3088/2225
f 2346/3088/2225 2401/3091/2225 2403/3095/2225
f 2405/3099/2226 2359/3096/2226 2362/3097/2226
f 2362/3097/2226 2404/3098/2226 2405/3099/2226
f 2407/3103/2227 2386/3100/2227 2385/3101/2227
f 2385/3101/2227 2406/3102/2227 2407/3103/2227
f 2409/3107/2228 2361/3104/2228 2352/3105/2228
f 2352/3105/2228 2408/3106/2228 2409/3107/2228
f 2411/3111/2229 2365/3108/2229 2373/3109/2229
f 2373/3109/2229 2410/3110/2229 2411/3111/2229
f 2400/3090/2230 2345/3089/2230 2349/3112/2230
f 2349/3112/2230 2412/3113/2230 2400/3090/2230
f 2396/3082/2231 2356/3081/2231 2363/3114/2231
f 2363/3114/2231 2413/3115/2231 2396/3082/2231
f 2414/3117/2232 2387/3116/2232 2386/3100/2232
f 2386/3100/2232 2407/3103/2232 2414/3117/2232
f 2416/3121/2233 2351/3118/2233 2277/3119/2233
f 2277/3119/2233 2415/3120/2233 2416/3121/2233
f 2418/3125/2234 2369/3122/2234 2354/3123/2234
f 2354/3123/2234 2417/3124/2234 2418/3125/2234
f 2420/3129/2235 2390/3126/2235 2389/3127/2235
f 2389/3127/2235 2419/3128/2235 2420/3129/2235
f 2422/3133/2236 2371/3130/2236 2372/3131/2236
f 2372/3131/2236 2421/3132/2236 2422/3133/2236
f 2423/3135/2237 2357/3134/2237 2359/3096/2237
f 2359/3096/2237 2405/3099/2237 2423/3135/2237
f 2424/3137/2238 2319/3136/2238 2390/3126/2238
f 2390/3126/2238 2420/3129/2238 2424/3137/2238
f 2421/3132/2239 2372/3131/2239 2339/3138/2239
f 2339/3138/2239 2425/3139/2239 2421/3132/2239
f 2426/3141/2240 2368/3140/2240 2371/3130/2240
f 2371/3130/2240 2422/3133/2240 2426/3141/2240
f 2427/3143/2241 2342/3142/2241 2341/3094/2241
f 2341/3094/2241 2403/3095/2241 2427/3143/2241
f 2429/3147/2242 2276/3144/2242 2388/3145/2242
f 2388/3145/2242 2428/3146/2242 2429/3147/2242
f 2412/3113/2243 2349/3112/2243 2357/3134/2243
f 2357/3134/2243 2423/3135/2243 2412/3113/2243
f 2430/3149/2244 2308/3148/2244 2319/3136/2244
f 2319/3136/2244 2424/3137/2244 2430/3149/2244
f 2431/3151/2245 2364/3150/2245 2368/3140/2245
f 2368/3140/2245 2426/3141/2245 2431/3151/2245
f 2433/3155/2246 2309/3152/2246 2304/3153/2246
f 2304/3153/2246 2432/3154/2246 2433/3155/2246
f 2434/3157/2247 2299/3156/2247 2308/3148/2247
f 2308/3148/2247 2430/3149/2247 2434/3157/2247
f 2408/3106/2248 2352/3105/2248 2351/3118/2248
f 2351/3118/2248 2416/3121/2248 2408/3106/2248
f 2428/3146/2249 2388/3145/2249 2375/3158/2249
f 2375/3158/2249 2435/3159/2249 2428/3146/2249
f 2404/3098/2250 2362/3097/2250 2364/3150/2250
f 2364/3150/2250 2431/3151/2250 2404/3098/2250
f 2437/3163/2251 2374/3160/2251 2370/3161/2251
f 2370/3161/2251 2436/3162/2251 2437/3163/2251
f 2438/3165/2252 2281/3164/2252 2299/3156/2252
f 2299/3156/2252 2434/3157/2252 2438/3165/2252
f 2439/3167/2253 2344/3166/2253 2348/3080/2253
f 2348/3080/2253 2397/3083/2253 2439/3167/2253
f 2440/3169/2254 2282/3168/2254 2281/3164/2254
f 2281/3164/2254 2438/3165/2254 2440/3169/2254
f 2432/3154/2255 2304/3153/2255 2303/3170/2255
f 2303/3170/2255 2441/3171/2255 2432/3154/2255
f 2442/3173/2256 2340/3172/2256 2344/3166/2256
f 2344/3166/2256 2439/3167/2256 2442/3173/2256
f 2443/3175/2257 2343/3174/2257 2282/3168/2257
f 2282/3168/2257 2440/3169/2257 2443/3175/2257
f 2445/3179/2258 2353/3176/2258 2378/3177/2258
f 2378/3177/2258 2444/3178/2258 2445/3179/2258
f 2441/3171/2259 2303/3170/2259 2316/3180/2259
f 2316/3180/2259 2446/3181/2259 2441/3171/2259
f 2447/3183/2260 2347/3182/2260 2343/3174/2260
f 2343/3174/2260 2443/3175/2260 2447/3183/2260
f 2415/3120/2261 2277/3119/2261 2276/3144/2261
f 2276/3144/2261 2429/3147/2261 2415/3120/2261
f 2448/3185/2262 2350/3184/2262 2347/3182/2262
f 2347/3182/2262 2447/3183/2262 2448/3185/2262
f 2449/3187/2263 2355/3186/2263 2350/3184/2263
f 2350/3184/2263 2448/3185/2263 2449/3187/2263
f 2450/3189/2264 2358/3188/2264 2355/3186/2264
f 2355/3186/2264 2449/3187/2264 2450/3189/2264
f 2446/3181/2265 2316/3180/2265 2331/3190/2265
f 2331/3190/2265 2451/3191/2265 2446/3181/2265
f 2452/3193/2266 2360/3192/2266 2358/3188/2266
f 2358/3188/2266 2450/3189/2266 2452/3193/2266
f 2453/3195/2267 2366/3194/2267 2365/3108/2267
f 2365/3108/2267 2411/3111/2267 2453/3195/2267
f 2436/3162/2268 2370/3161/2268 2369/3122/2268
f 2369/3122/2268 2418/3125/2268 2436/3162/2268
f 2454/3197/2269 2376/3196/2269 2309/3152/2269
f 2309/3152/2269 2433/3155/2269 2454/3197/2269
f 2456/3201/2270 2311/3198/2270 2310/3199/2270
f 2310/3199/2270 2455/3200/2270 2456/3201/2270
f 2413/3115/2271 2363/3114/2271 2366/3194/2271
f 2366/3194/2271 2453/3195/2271 2413/3115/2271
f 2435/3159/2272 2375/3158/2272 2374/3160/2272
f 2374/3160/2272 2437/3163/2272 2435/3159/2272
f 2444/3178/2273 2378/3177/2273 2376/3196/2273
f 2376/3196/2273 2454/3197/2273 2444/3178/2273
f 2410/3110/2274 2373/3109/2274 2360/3192/2274
f 2360/3192/2274 2452/3193/2274 2410/3110/2274
f 2457/3203/2275 2367/3202/2275 2361/3104/2275
f 2361/3104/2275 2409/3107/2275 2457/3203/2275
f 2455/3200/2276 2310/3199/2276 2340/3172/2276
f 2340/3172/2276 2442/3173/2276 2455/3200/2276
f 2458/3205/2277 2377/3204/2277 2367/3202/2277
f 2367/3202/2277 2457/3203/2277 2458/3205/2277
f 2459/3207/2278 2379/3206/2278 2377/3204/2278
f 2377/3204/2278 2458/3205/2278 2459/3207/2278
f 2417/3124/2279 2354/3123/2279 2353/3176/2279
f 2353/3176/2279 2445/3179/2279 2417/3124/2279
f 2460/3209/2280 2380/3208/2280 2379/3206/2280
f 2379/3206/2280 2459/3207/2280 2460/3209/2280
f 2461/3211/2281 2335/3210/2281 2334/3086/2281
f 2334/3086/2281 2399/3087/2281 2461/3211/2281
f 2392/3074/2282 2381/3073/2282 2380/3208/2282
f 2380/3208/2282 2460/3209/2282 2392/3074/2282
f 2394/3078/2283 2317/3077/2283 2311/3198/2283
f 2311/3198/2283 2456/3201/2283 2394/3078/2283
f 2425/3139/2284 2339/3138/2284 2335/3210/2284
f 2335/3210/2284 2461/3211/2284 2425/3139/2284
f 2463/3215/2285 2430/3212/2285 2424/3213/2285
f 2424/3213/2285 2462/3214/2285 2463/3215/2285
f 2465/3219/2286 2427/3216/2286 2403/3217/2286
f 2403/3217/2286 2464/3218/2286 2465/3219/2286
f 2466/3221/2287 2434/3220/2287 2430/3212/2287
f 2430/3212/2287 2463/3215/2287 2466/3221/2287
f 2468/3225/2288 2433/3222/2288 2432/3223/2288
f 2432/3223/2288 2467/3224/2288 2468/3225/2288
f 2469/3227/2289 2438/3226/2289 2434/3220/2289
f 2434/3220/2289 2466/3221/2289 2469/3227/2289
f 2471/3231/2290 2437/3228/2290 2436/3229/2290
f 2436/3229/2290 2470/3230/2290 2471/3231/2290
f 2472/3233/2291 2440/3232/2291 2438/3226/2291
f 2438/3226/2291 2469/3227/2291 2472/3233/2291
f 2467/3224/2292 2432/3223/2292 2441/3234/2292
f 2441/3234/2292 2473/3235/2292 2467/3224/2292
f 2474/3237/2293 2443/3236/2293 2440/3232/2293
f 2440/3232/2293 2472/3233/2293 2474/3237/2293
f 2476/3241/2294 2456/3238/2294 2455/3239/2294
f 2455/3239/2294 2475/3240/2294 2476/3241/2294
f 2477/3243/2295 2447/3242/2295 2443/3236/2295
f 2443/3236/2295 2474/3237/2295 2477/3243/2295
f 2473/3235/2296 2441/3234/2296 2446/3244/2296
f 2446/3244/2296 2478/3245/2296 2473/3235/2296
f 2480/3249/2297 2422/3246/2297 2421/3247/2297
f 2421/3247/2297 2479/3248/2297 2480/3249/2297
f 2481/3251/2298 2448/3250/2298 2447/3242/2298
f 2447/3242/2298 2477/3243/2298 2481/3251/2298
f 2483/3255/2299 2415/3252/2299 2429/3253/2299
f 2429/3253/2299 2482/3254/2299 2483/3255/2299
f 2484/3257/2300 2426/3256/2300 2422/3246/2300
f 2422/3246/2300 2480/3249/2300 2484/3257/2300
f 2485/3259/2301 2449/3258/2301 2448/3250/2301
f 2448/3250/2301 2481/3251/2301 2485/3259/2301
f 2479/3248/2302 2421/3247/2302 2425/3260/2302
f 2425/3260/2302 2486/3261/2302 2479/3248/2302
f 2487/3263/2303 2431/3262/2303 2426/3256/2303
f 2426/3256/2303 2484/3257/2303 2487/3263/2303
f 2488/3265/2304 2450/3264/2304 2449/3258/2304
f 2449/3258/2304 2485/3259/2304 2488/3265/2304
f 2490/3269/2305 2428/3266/2305 2435/3267/2305
f 2435/3267/2305 2489/3268/2305 2490/3269/2305
f 2491/3271/2306 2404/3270/2306 2431/3262/2306
f 2431/3262/2306 2487/3263/2306 2491/3271/2306
f 2492/3273/2307 2452/3272/2307 2450/3264/2307
f 2450/3264/2307 2488/3265/2307 2492/3273/2307
f 2494/3277/2308 2445/3274/2308 2444/3275/2308
f 2444/3275/2308 2493/3276/2308 2494/3277/2308
f 2495/3279/2309 2394/3278/2309 2456/3238/2309
f 2456/3238/2309 2476/3241/2309 2495/3279/2309
f 2497/3283/2310 2453/3280/2310 2411/3281/2310
f 2411/3281/2310 2496/3282/2310 2497/3283/2310
f 2499/3287/2311 2396/3284/2311 2413/3285/2311
f 2413/3285/2311 2498/3286/2311 2499/3287/2311
f 2500/3289/2312 2395/3288/2312 2394/3278/2312
f 2394/3278/2312 2495/3279/2312 2500/3289/2312
f 2470/3293/2313 2436/3290/2313 2418/3291/2313
f 2418/3291/2313 2501/3292/2313 2470/3293/2313
f 2501/3292/2314 2418/3291/2314 2417/3294/2314
f 2417/3294/2314 2502/3295/2314 2501/3292/2314
f 2503/3299/2315 2399/3296/2315 2395/3297/2315
f 2395/3297/2315 2500/3298/2315 2503/3299/2315
f 2498/3286/2316 2413/3285/2316 2453/3280/2316
f 2453/3280/2316 2497/3283/2316 2498/3286/2316
f 2482/3254/2317 2429/3253/2317 2428/3266/2317
f 2428/3266/2317 2490/3269/2317 2482/3254/2317
f 2505/3303/2318 2409/3300/2318 2408/3301/2318
f 2408/3301/2318 2504/3302/2318 2505/3303/2318
f 2489/3268/2319 2435/3267/2319 2437/3228/2319
f 2437/3228/2319 2471/3231/2319 2489/3268/2319
f 2478/3245/2320 2446/3244/2320 2451/3304/2320
f 2451/3304/2320 2506/3305/2320 2478/3245/2320
f 2507/3307/2321 2416/3306/2321 2415/3252/2321
f 2415/3252/2321 2483/3255/2321 2507/3307/2321
f 2493/3276/2322 2444/3275/2322 2454/3308/2322
f 2454/3308/2322 2508/3309/2322 2493/3276/2322
f 2508/3309/2323 2454/3308/2323 2433/3222/2323
f 2433/3222/2323 2468/3225/2323 2508/3309/2323
f 2509/3311/2324 2397/3310/2324 2396/3284/2324
f 2396/3284/2324 2499/3287/2324 2509/3311/2324
f 2510/3313/2325 2410/3312/2325 2452/3272/2325
f 2452/3272/2325 2492/3273/2325 2510/3313/2325
f 2511/3315/2326 2457/3314/2326 2409/3300/2326
f 2409/3300/2326 2505/3303/2326 2511/3315/2326
f 2512/3317/2327 2405/3316/2327 2404/3270/2327
f 2404/3270/2327 2491/3271/2327 2512/3317/2327
f 2513/3319/2328 2458/3318/2328 2457/3314/2328
f 2457/3314/2328 2511/3315/2328 2513/3319/2328
f 2514/3321/2329 2459/3320/2329 2458/3318/2329
f 2458/3318/2329 2513/3319/2329 2514/3321/2329
f 2515/3323/2330 2423/3322/2330 2405/3316/2330
f 2405/3316/2330 2512/3317/2330 2515/3323/2330
f 2502/3295/2331 2417/3294/2331 2445/3274/2331
f 2445/3274/2331 2494/3277/2331 2502/3295/2331
f 2516/3325/2332 2460/3324/2332 2459/3320/2332
f 2459/3320/2332 2514/3321/2332 2516/3325/2332
f 2517/3327/2333 2412/3326/2333 2423/3322/2333
f 2423/3322/2333 2515/3323/2333 2517/3327/2333
f 2518/3329/2334 2461/3328/2334 2399/3296/2334
f 2399/3296/2334 2503/3299/2334 2518/3329/2334
f 2519/3331/2335 2392/3330/2335 2460/3324/2335
f 2460/3324/2335 2516/3325/2335 2519/3331/2335
f 2504/3302/2336 2408/3301/2336 2416/3306/2336
f 2416/3306/2336 2507/3307/2336 2504/3302/2336
f 2486/3261/2337 2425/3260/2337 2461/3328/2337
f 2461/3328/2337 2518/3329/2337 2486/3261/2337
f 2520/3335/2338 2393/3332/2338 2392/3333/2338
f 2392/3333/2338 2519/3334/2338 2520/3335/2338
f 2464/3218/2339 2403/3217/2339 2401/3336/2339
f 2401/3336/2339 2521/3337/2339 2464/3218/2339
f 2522/3339/2340 2398/3338/2340 2393/3332/2340
f 2393/3332/2340 2520/3335/2340 2522/3339/2340
f 2523/3341/2341 2400/3340/2341 2412/3326/2341
f 2412/3326/2341 2517/3327/2341 2523/3341/2341
f 2524/3343/2342 2402/3342/2342 2398/3338/2342
f 2398/3338/2342 2522/3339/2342 2524/3343/2342
f 2525/3345/2343 2439/3344/2343 2397/3310/2343
f 2397/3310/2343 2509/3311/2343 2525/3345/2343
f 2527/3349/2344 2407/3346/2344 2406/3347/2344
f 2406/3347/2344 2526/3348/2344 2527/3349/2344
f 2528/3351/2345 2442/3350/2345 2439/3344/2345
f 2439/3344/2345 2525/3345/2345 2528/3351/2345
f 2529/3353/2346 2414/3352/2346 2407/3346/2346
f 2407/3346/2346 2527/3349/2346 2529/3353/2346
f 2475/3240/2347 2455/3239/2347 2442/3350/2347
f 2442/3350/2347 2528/3351/2347 2475/3240/2347
f 2531/3357/2348 2420/3354/2348 2419/3355/2348
f 2419/3355/2348 2530/3356/2348 2531/3357/2348
f 2521/3337/2349 2401/3336/2349 2400/3340/2349
f 2400/3340/2349 2523/3341/2349 2521/3337/2349
f 2462/3214/2350 2424/3213/2350 2420/3354/2350
f 2420/3354/2350 2531/3357/2350 2462/3214/2350
f 2496/3282/2351 2411/3281/2351 2410/3358/2351
f 2410/3358/2351 2510/3359/2351 2496/3282/2351
f 2533/3363/2352 2529/3360/2352 2527/3361/2352
f 2527/3361/2352 2532/3362/2352 2533/3363/2352
f 2535/3367/2353 2475/3364/2353 2528/3365/2353
f 2528/3365/2353 2534/3366/2353 2535/3367/2353
f 2537/3371/2354 2531/3368/2354 2530/3369/2354
f 2530/3369/2354 2536/3370/2354 2537/3371/2354
f 2539/3375/2355 2521/3372/2355 2523/3373/2355
f 2523/3373/2355 2538/3374/2355 2539/3375/2355
f 2540/3377/2356 2462/3376/2356 2531/3368/2356
f 2531/3368/2356 2537/3371/2356 2540/3377/2356
f 2542/3381/2357 2496/3378/2357 2510/3379/2357
f 2510/3379/2357 2541/3380/2357 2542/3381/2357
f 2543/3383/2358 2463/3382/2358 2462/3376/2358
f 2462/3376/2358 2540/3377/2358 2543/3383/2358
f 2545/3387/2359 2465/3384/2359 2464/3385/2359
f 2464/3385/2359 2544/3386/2359 2545/3387/2359
f 2546/3389/2360 2466/3388/2360 2463/3382/2360
f 2463/3382/2360 2543/3383/2360 2546/3389/2360
f 2548/3393/2361 2468/3390/2361 2467/3391/2361
f 2467/3391/2361 2547/3392/2361 2548/3393/2361
f 2549/3395/2362 2469/3394/2362 2466/3388/2362
f 2466/3388/2362 2546/3389/2362 2549/3395/2362
f 2551/3399/2363 2471/3396/2363 2470/3397/2363
f 2470/3397/2363 2550/3398/2363 2551/3399/2363
f 2552/3401/2364 2472/3400/2364 2469/3394/2364
f 2469/3394/2364 2549/3395/2364 2552/3401/2364
f 2547/3392/2365 2467/3391/2365 2473/3402/2365
f 2473/3402/2365 2553/3403/2365 2547/3392/2365
f 2554/3405/2366 2474/3404/2366 2472/3400/2366
f 2472/3400/2366 2552/3401/2366 2554/3405/2366
f 2555/3407/2367 2476/3406/2367 2475/3364/2367
f 2475/3364/2367 2535/3367/2367 2555/3407/2367
f 2556/3409/2368 2477/3408/2368 2474/3404/2368
f 2474/3404/2368 2554/3405/2368 2556/3409/2368
f 2553/3403/2369 2473/3402/2369 2478/3410/2369
f 2478/3410/2369 2557/3411/2369 2553/3403/2369
f 2559/3415/2370 2480/3412/2370 2479/3413/2370
f 2479/3413/2370 2558/3414/2370 2559/3415/2370
f 2560/3417/2371 2481/3416/2371 2477/3408/2371
f 2477/3408/2371 2556/3409/2371 2560/3417/2371
f 2562/3421/2372 2483/3418/2372 2482/3419/2372
f 2482/3419/2372 2561/3420/2372 2562/3421/2372
f 2563/3423/2373 2484/3422/2373 2480/3412/2373
f 2480/3412/2373 2559/3415/2373 2563/3423/2373
f 2564/3425/2374 2485/3424/2374 2481/3416/2374
f 2481/3416/2374 2560/3417/2374 2564/3425/2374
f 2558/3414/2375 2479/3413/2375 2486/3426/2375
f 2486/3426/2375 2565/3427/2375 2558/3414/2375
f 2566/3429/2376 2487/3428/2376 2484/3422/2376
f 2484/3422/2376 2563/3423/2376 2566/3429/2376
f 2567/3431/2377 2488/3430/2377 2485/3424/2377
f 2485/3424/2377 2564/3425/2377 2567/3431/2377
f 2569/3435/2378 2490/3432/2378 2489/3433/2378
f 2489/3433/2378 2568/3434/2378 2569/3435/2378
f 2570/3437/2379 2491/3436/2379 2487/3428/2379
f 2487/3428/2379 2566/3429/2379 2570/3437/2379
f 2571/3439/2380 2492/3438/2380 2488/3430/2380
f 2488/3430/2380 2567/3431/2380 2571/3439/2380
f 2573/3443/2381 2494/3440/2381 2493/3441/2381
f 2493/3441/2381 2572/3442/2381 2573/3443/2381
f 2574/3445/2382 2495/3444/2382 2476/3406/2382
f 2476/3406/2382 2555/3407/2382 2574/3445/2382
f 2575/3447/2383 2497/3446/2383 2496/3378/2383
f 2496/3378/2383 2542/3381/2383 2575/3447/2383
f 2577/3451/2384 2499/3448/2384 2498/3449/2384
f 2498/3449/2384 2576/3450/2384 2577/3451/2384
f 2578/3453/2385 2500/3452/2385 2495/3444/2385
f 2495/3444/2385 2574/3445/2385 2578/3453/2385
f 2550/3398/2386 2470/3397/2386 2501/3454/2386
f 2501/3454/2386 2579/3455/2386 2550/3398/2386
f 2579/3455/2387 2501/3454/2387 2502/3456/2387
f 2502/3456/2387 2580/3457/2387 2579/3455/2387
f 2581/3459/2388 2503/3458/2388 2500/3452/2388
f 2500/3452/2388 2578/3453/2388 2581/3459/2388
f 2576/3450/2389 2498/3449/2389 2497/3446/2389
f 2497/3446/2389 2575/3447/2389 2576/3450/2389
f 2561/3420/2390 2482/3419/2390 2490/3432/2390
f 2490/3432/2390 2569/3435/2390 2561/3420/2390
f 2583/3463/2391 2505/3460/2391 2504/3461/2391
f 2504/3461/2391 2582/3462/2391 2583/3463/2391
f 2568/3434/2392 2489/3433/2392 2471/3396/2392
f 2471/3396/2392 2551/3399/2392 2568/3434/2392
f 2557/3411/2393 2478/3410/2393 2506/3464/2393
f 2506/3464/2393 2584/3465/2393 2557/3411/2393
f 2585/3467/2394 2507/3466/2394 2483/3418/2394
f 2483/3418/2394 2562/3421/2394 2585/3467/2394
f 2572/3442/2395 2493/3441/2395 2508/3468/2395
f 2508/3468/2395 2586/3469/2395 2572/3442/2395
f 2586/3469/2396 2508/3468/2396 2468/3390/2396
f 2468/3390/2396 2548/3393/2396 2586/3469/2396
f 2587/3471/2397 2509/3470/2397 2499/3448/2397
f 2499/3448/2397 2577/3451/2397 2587/3471/2397
f 2541/3380/2398 2510/3379/2398 2492/3438/2398
f 2492/3438/2398 2571/3439/2398 2541/3380/2398
f 2588/3473/2399 2511/3472/2399 2505/3460/2399
f 2505/3460/2399 2583/3463/2399 2588/3473/2399
f 2589/3475/2400 2512/3474/2400 2491/3436/2400
f 2491/3436/2400 2570/3437/2400 2589/3475/2400
f 2590/3477/2401 2513/3476/2401 2511/3472/2401
f 2511/3472/2401 2588/3473/2401 2590/3477/2401
f 2591/3479/2402 2514/3478/2402 2513/3476/2402
f 2513/3476/2402 2590/3477/2402 2591/3479/2402
f 2592/3481/2403 2515/3480/2403 2512/3474/2403
f 2512/3474/2403 2589/3475/2403 2592/3481/2403
f 2580/3457/2404 2502/3456/2404 2494/3440/2404
f 2494/3440/2404 2573/3443/2404 2580/3457/2404
f 2593/3483/2405 2516/3482/2405 2514/3478/2405
f 2514/3478/2405 2591/3479/2405 2593/3483/2405
f 2594/3485/2406 2517/3484/2406 2515/3480/2406
f 2515/3480/2406 2592/3481/2406 2594/3485/2406
f 2595/3487/2407 2518/3486/2407 2503/3458/2407
f 2503/3458/2407 2581/3459/2407 2595/3487/2407
f 2596/3489/2408 2519/3488/2408 2516/3482/2408
f 2516/3482/2408 2593/3483/2408 2596/3489/2408
f 2582/3462/2409 2504/3461/2409 2507/3466/2409
f 2507/3466/2409 2585/3467/2409 2582/3462/2409
f 2565/3427/2410 2486/3426/2410 2518/3486/2410
f 2518/3486/2410 2595/3487/2410 2565/3427/2410
f 2597/3491/2411 2520/3490/2411 2519/3488/2411
f 2519/3488/2411 2596/3489/2411 2597/3491/2411
f 2544/3386/2412 2464/3385/2412 2521/3372/2412
f 2521/3372/2412 2539/3375/2412 2544/3386/2412
f 2598/3493/2413 2522/3492/2413 2520/3490/2413
f 2520/3490/2413 2597/3491/2413 2598/3493/2413
f 2538/3374/2414 2523/3373/2414 2517/3484/2414
f 2517/3484/2414 2594/3485/2414 2538/3374/2414
f 2599/3495/2415 2524/3494/2415 2522/3492/2415
f 2522/3492/2415 2598/3493/2415 2599/3495/2415
f 2600/3497/2416 2525/3496/2416 2509/3470/2416
f 2509/3470/2416 2587/3471/2416 2600/3497/2416
f 2532/3362/2417 2527/3361/2417 2526/3498/2417
f 2526/3498/2417 2601/3499/2417 2532/3362/2417
f 2534/3366/2418 2528/3365/2418 2525/3496/2418
f 2525/3496/2418 2600/3497/2418 2534/3366/2418
f 2603/3503/2419 2577/3500/2419 2576/3501/2419
f 2576/3501/2419 2602/3502/2419 2603/3503/2419
f 2605/3507/2420 2578/3504/2420 2574/3505/2420
f 2574/3505/2420 2604/3506/2420 2605/3507/2420
f 2607/3511/2421 2579/3508/2421 2580/3509/2421
f 2580/3509/2421 2606/3510/2421 2607/3511/2421
f 2608/3515/2422 2581/3512/2422 2578/3513/2422
f 2578/3513/2422 2605/3514/2422 2608/3515/2422
f 2610/3519/2423 2561/3516/2423 2569/3517/2423
f 2569/3517/2423 2609/3518/2423 2610/3519/2423
f 2612/3523/2424 2583/3520/2424 2582/3521/2424
f 2582/3521/2424 2611/3522/2424 2612/3523/2424
f 2614/3527/2425 2557/3524/2425 2584/3525/2425
f 2584/3525/2425 2613/3526/2425 2614/3527/2425
f 2616/3531/2426 2585/3528/2426 2562/3529/2426
f 2562/3529/2426 2615/3530/2426 2616/3531/2426
f 2618/3535/2427 2586/3532/2427 2548/3533/2427
f 2548/3533/2427 2617/3534/2427 2618/3535/2427
f 2619/3537/2428 2587/3536/2428 2577/3500/2428
f 2577/3500/2428 2603/3503/2428 2619/3537/2428
f 2620/3539/2429 2588/3538/2429 2583/3520/2429
f 2583/3520/2429 2612/3523/2429 2620/3539/2429
f 2622/3543/2430 2589/3540/2430 2570/3541/2430
f 2570/3541/2430 2621/3542/2430 2622/3543/2430
f 2624/3547/2431 2591/3544/2431 2590/3545/2431
f 2590/3545/2431 2623/3546/2431 2624/3547/2431
f 2625/3549/2432 2592/3548/2432 2589/3540/2432
f 2589/3540/2432 2622/3543/2432 2625/3549/2432
f 2626/3551/2433 2593/3550/2433 2591/3544/2433
f 2591/3544/2433 2624/3547/2433 2626/3551/2433
f 2627/3553/2434 2594/3552/2434 2592/3548/2434
f 2592/3548/2434 2625/3549/2434 2627/3553/2434
f 2628/3555/2435 2596/3554/2435 2593/3550/2435
f 2593/3550/2435 2626/3551/2435 2628/3555/2435
f 2611/3522/2436 2582/3521/2436 2585/3528/2436
f 2585/3528/2436 2616/3531/2436 2611/3522/2436
f 2630/3559/2437 2549/3556/2437 2546/3557/2437
f 2546/3557/2437 2629/3558/2437 2630/3559/2437
f 2631/3561/2438 2597/3560/2438 2596/3554/2438
f 2596/3554/2438 2628/3555/2438 2631/3561/2438
f 2633/3565/2439 2544/3562/2439 2539/3563/2439
f 2539/3563/2439 2632/3564/2439 2633/3565/2439
f 2634/3567/2440 2552/3566/2440 2549/3556/2440
f 2549/3556/2440 2630/3559/2440 2634/3567/2440
f 2635/3571/2441 2598/3568/2441 2597/3569/2441
f 2597/3569/2441 2631/3570/2441 2635/3571/2441
f 2636/3573/2442 2538/3572/2442 2594/3552/2442
f 2594/3552/2442 2627/3553/2442 2636/3573/2442
f 2637/3575/2443 2554/3574/2443 2552/3566/2443
f 2552/3566/2443 2634/3567/2443 2637/3575/2443
f 2638/3577/2444 2599/3576/2444 2598/3568/2444
f 2598/3568/2444 2635/3571/2444 2638/3577/2444
f 2639/3579/2445 2600/3578/2445 2587/3536/2445
f 2587/3536/2445 2619/3537/2445 2639/3579/2445
f 2640/3581/2446 2556/3580/2446 2554/3574/2446
f 2554/3574/2446 2637/3575/2446 2640/3581/2446
f 2642/3585/2447 2532/3582/2447 2601/3583/2447
f 2601/3583/2447 2641/3584/2447 2642/3585/2447
f 2643/3587/2448 2534/3586/2448 2600/3578/2448
f 2600/3578/2448 2639/3579/2448 2643/3587/2448
f 2644/3589/2449 2560/3588/2449 2556/3580/2449
f 2556/3580/2449 2640/3581/2449 2644/3589/2449
f 2645/3591/2450 2533/3590/2450 2532/3582/2450
f 2532/3582/2450 2642/3585/2450 2645/3591/2450
f 2646/3593/2451 2535/3592/2451 2534/3586/2451
f 2534/3586/2451 2643/3587/2451 2646/3593/2451
f 2647/3595/2452 2564/3594/2452 2560/3588/2452
f 2560/3588/2452 2644/3589/2452 2647/3595/2452
f 2649/3599/2453 2537/3596/2453 2536/3597/2453
f 2536/3597/2453 2648/3598/2453 2649/3599/2453
f 2632/3564/2454 2539/3563/2454 2538/3572/2454
f 2538/3572/2454 2636/3573/2454 2632/3564/2454
f 2650/3601/2455 2567/3600/2455 2564/3594/2455
f 2564/3594/2455 2647/3595/2455 2650/3601/2455
f 2651/3603/2456 2540/3602/2456 2537/3596/2456
f 2537/3596/2456 2649/3599/2456 2651/3603/2456
f 2653/3607/2457 2542/3604/2457 2541/3605/2457
f 2541/3605/2457 2652/3606/2457 2653/3607/2457
f 2654/3609/2458 2571/3608/2458 2567/3600/2458
f 2567/3600/2458 2650/3601/2458 2654/3609/2458
f 2655/3611/2459 2543/3610/2459 2540/3602/2459
f 2540/3602/2459 2651/3603/2459 2655/3611/2459
f 2656/3613/2460 2545/3612/2460 2544/3562/2460
f 2544/3562/2460 2633/3565/2460 2656/3613/2460
f 2657/3615/2461 2575/3614/2461 2542/3604/2461
f 2542/3604/2461 2653/3607/2461 2657/3615/2461
f 2629/3558/2462 2546/3557/2462 2543/3610/2462
f 2543/3610/2462 2655/3611/2462 2629/3558/2462
f 2617/3534/2463 2548/3533/2463 2547/3616/2463
f 2547/3616/2463 2658/3617/2463 2617/3534/2463
f 2659/3621/2464 2550/3618/2464 2579/3619/2464
f 2579/3619/2464 2607/3620/2464 2659/3621/2464
f 2660/3623/2465 2551/3622/2465 2550/3618/2465
f 2550/3618/2465 2659/3621/2465 2660/3623/2465
f 2602/3502/2466 2576/3501/2466 2575/3614/2466
f 2575/3614/2466 2657/3615/2466 2602/3502/2466
f 2658/3617/2467 2547/3616/2467 2553/3624/2467
f 2553/3624/2467 2661/3625/2467 2658/3617/2467
f 2662/3627/2468 2568/3626/2468 2551/3622/2468
f 2551/3622/2468 2660/3623/2468 2662/3627/2468
f 2663/3629/2469 2555/3628/2469 2535/3592/2469
f 2535/3592/2469 2646/3593/2469 2663/3629/2469
f 2664/3631/2470 2572/3630/2470 2586/3532/2470
f 2586/3532/2470 2618/3535/2470 2664/3631/2470
f 2661/3625/2471 2553/3624/2471 2557/3524/2471
f 2557/3524/2471 2614/3527/2471 2661/3625/2471
f 2666/3635/2472 2559/3632/2472 2558/3633/2472
f 2558/3633/2472 2665/3634/2472 2666/3635/2472
f 2652/3637/2473 2541/3636/2473 2571/3608/2473
f 2571/3608/2473 2654/3609/2473 2652/3637/2473
f 2615/3530/2474 2562/3529/2474 2561/3516/2474
f 2561/3516/2474 2610/3519/2474 2615/3530/2474
f 2667/3639/2475 2563/3638/2475 2559/3632/2475
f 2559/3632/2475 2666/3635/2475 2667/3639/2475
f 2623/3546/2476 2590/3545/2476 2588/3538/2476
f 2588/3538/2476 2620/3539/2476 2623/3546/2476
f 2665/3634/2477 2558/3633/2477 2565/3640/2477
f 2565/3640/2477 2668/3641/2477 2665/3634/2477
f 2669/3643/2478 2566/3642/2478 2563/3638/2478
f 2563/3638/2478 2667/3639/2478 2669/3643/2478
f 2606/3510/2479 2580/3509/2479 2573/3644/2479
f 2573/3644/2479 2670/3645/2479 2606/3510/2479
f 2609/3518/2480 2569/3517/2480 2568/3626/2480
f 2568/3626/2480 2662/3627/2480 2609/3518/2480
f 2621/3542/2481 2570/3541/2481 2566/3642/2481
f 2566/3642/2481 2669/3643/2481 2621/3542/2481
f 2671/3647/2482 2595/3646/2482 2581/3512/2482
f 2581/3512/2482 2608/3515/2482 2671/3647/2482
f 2670/3645/2483 2573/3644/2483 2572/3630/2483
f 2572/3630/2483 2664/3631/2483 2670/3645/2483
f 2604/3506/2484 2574/3505/2484 2555/3628/2484
f 2555/3628/2484 2663/3629/2484 2604/3506/2484
f 2668/3641/2485 2565/3640/2485 2595/3646/2485
f 2595/3646/2485 2671/3647/2485 2668/3641/2485
f 2673/3651/2486 2624/3648/2486 2623/3649/2486
f 2623/3649/2486 2672/3650/2486 2673/3651/2486
f 2675/3655/2487 2625/3652/2487 2622/3653/2487
f 2622/3653/2487 2674/3654/2487 2675/3655/2487
f 2677/3659/2488 2606/3656/2488 2670/3657/2488
f 2670/3657/2488 2676/3658/2488 2677/3659/2488
f 2678/3661/2489 2626/3660/2489 2624/3648/2489
f 2624/3648/2489 2673/3651/2489 2678/3661/2489
f 2679/3663/2490 2627/3662/2490 2625/3652/2490
f 2625/3652/2490 2675/3655/2490 2679/3663/2490
f 2681/3667/2491 2671/3664/2491 2608/3665/2491
f 2608/3665/2491 2680/3666/2491 2681/3667/2491
f 2682/3669/2492 2628/3668/2492 2626/3660/2492
f 2626/3660/2492 2678/3661/2492 2682/3669/2492
f 2684/3673/2493 2611/3670/2493 2616/3671/2493
f 2616/3671/2493 2683/3672/2493 2684/3673/2493
f 2685/3675/2494 2668/3674/2494 2671/3664/2494
f 2671/3664/2494 2681/3667/2494 2685/3675/2494
f 2686/3677/2495 2631/3676/2495 2628/3668/2495
f 2628/3668/2495 2682/3669/2495 2686/3677/2495
f 2688/3681/2496 2633/3678/2496 2632/3679/2496
f 2632/3679/2496 2687/3680/2496 2688/3681/2496
f 2689/3683/2497 2635/3682/2497 2631/3676/2497
f 2631/3676/2497 2686/3677/2497 2689/3683/2497
f 2690/3685/2498 2636/3684/2498 2627/3662/2498
f 2627/3662/2498 2679/3663/2498 2690/3685/2498
f 2691/3687/2499 2638/3686/2499 2635/3682/2499
f 2635/3682/2499 2689/3683/2499 2691/3687/2499
f 2693/3691/2500 2639/3688/2500 2619/3689/2500
f 2619/3689/2500 2692/3690/2500 2693/3691/2500
f 2695/3695/2501 2642/3692/2501 2641/3693/2501
f 2641/3693/2501 2694/3694/2501 2695/3695/2501
f 2696/3697/2502 2643/3696/2502 2639/3688/2502
f 2639/3688/2502 2693/3691/2502 2696/3697/2502
f 2697/3699/2503 2645/3698/2503 2642/3692/2503
f 2642/3692/2503 2695/3695/2503 2697/3699/2503
f 2698/3701/2504 2646/3700/2504 2643/3696/2504
f 2643/3696/2504 2696/3697/2504 2698/3701/2504
f 2700/3705/2505 2649/3702/2505 2648/3703/2505
f 2648/3703/2505 2699/3704/2505 2700/3705/2505
f 2687/3680/2506 2632/3679/2506 2636/3684/2506
f 2636/3684/2506 2690/3685/2506 2687/3680/2506
f 2701/3707/2507 2651/3706/2507 2649/3702/2507
f 2649/3702/2507 2700/3705/2507 2701/3707/2507
f 2703/3711/2508 2653/3708/2508 2652/3709/2508
f 2652/3709/2508 2702/3710/2508 2703/3711/2508
f 2704/3713/2509 2655/3712/2509 2651/3706/2509
f 2651/3706/2509 2701/3707/2509 2704/3713/2509
f 2705/3715/2510 2656/3714/2510 2633/3678/2510
f 2633/3678/2510 2688/3681/2510 2705/3715/2510
f 2706/3717/2511 2629/3716/2511 2655/3712/2511
f 2655/3712/2511 2704/3713/2511 2706/3717/2511
f 2708/3721/2512 2617/3718/2512 2658/3719/2512
f 2658/3719/2512 2707/3720/2512 2708/3721/2512
f 2709/3723/2513 2630/3722/2513 2629/3716/2513
f 2629/3716/2513 2706/3717/2513 2709/3723/2513
f 2711/3727/2514 2660/3724/2514 2659/3725/2514
f 2659/3725/2514 2710/3726/2514 2711/3727/2514
f 2712/3729/2515 2634/3728/2515 2630/3722/2515
f 2630/3722/2515 2709/3723/2515 2712/3729/2515
f 2707/3720/2516 2658/3719/2516 2661/3730/2516
f 2661/3730/2516 2713/3731/2516 2707/3720/2516
f 2714/3733/2517 2637/3732/2517 2634/3728/2517
f 2634/3728/2517 2712/3729/2517 2714/3733/2517
f 2715/3735/2518 2663/3734/2518 2646/3700/2518
f 2646/3700/2518 2698/3701/2518 2715/3735/2518
f 2716/3737/2519 2640/3736/2519 2637/3732/2519
f 2637/3732/2519 2714/3733/2519 2716/3737/2519
f 2713/3731/2520 2661/3730/2520 2614/3738/2520
f 2614/3738/2520 2717/3739/2520 2713/3731/2520
f 2719/3743/2521 2666/3740/2521 2665/3741/2521
f 2665/3741/2521 2718/3742/2521 2719/3743/2521
f 2640/3736/2522 2716/3737/2522 2720/3745/2522
f 2644/3744/2522 2640/3736/2522 2720/3745/2522
f 2722/3749/2523 2615/3746/2523 2610/3747/2523
f 2610/3747/2523 2721/3748/2523 2722/3749/2523
f 2723/3751/2524 2667/3750/2524 2666/3740/2524
f 2666/3740/2524 2719/3743/2524 2723/3751/2524
f 2724/3753/2525 2647/3752/2525 2644/3744/2525
f 2644/3744/2525 2720/3745/2525 2724/3753/2525
f 2718/3742/2526 2665/3741/2526 2668/3674/2526
f 2668/3674/2526 2685/3675/2526 2718/3742/2526
f 2725/3755/2527 2669/3754/2527 2667/3750/2527
f 2667/3750/2527 2723/3751/2527 2725/3755/2527
f 2726/3757/2528 2650/3756/2528 2647/3752/2528
f 2647/3752/2528 2724/3753/2528 2726/3757/2528
f 2728/3761/2529 2609/3758/2529 2662/3759/2529
f 2662/3759/2529 2727/3760/2529 2728/3761/2529
f 2729/3763/2530 2621/3762/2530 2669/3754/2530
f 2669/3754/2530 2725/3755/2530 2729/3763/2530
f 2730/3765/2531 2654/3764/2531 2650/3756/2531
f 2650/3756/2531 2726/3757/2531 2730/3765/2531
f 2676/3658/2532 2670/3657/2532 2664/3766/2532
f 2664/3766/2532 2731/3767/2532 2676/3658/2532
f 2732/3769/2533 2604/3768/2533 2663/3734/2533
f 2663/3734/2533 2715/3735/2533 2732/3769/2533
f 2733/3771/2534 2657/3770/2534 2653/3708/2534
f 2653/3708/2534 2703/3711/2534 2733/3771/2534
f 2735/3775/2535 2603/3772/2535 2602/3773/2535
f 2602/3773/2535 2734/3774/2535 2735/3775/2535
f 2736/3777/2536 2605/3776/2536 2604/3768/2536
f 2604/3768/2536 2732/3769/2536 2736/3777/2536
f 2710/3726/2537 2659/3725/2537 2607/3778/2537
f 2607/3778/2537 2737/3779/2537 2710/3726/2537
f 2737/3779/2538 2607/3778/2538 2606/3656/2538
f 2606/3656/2538 2677/3659/2538 2737/3779/2538
f 2680/3666/2539 2608/3665/2539 2605/3776/2539
f 2605/3776/2539 2736/3777/2539 2680/3666/2539
f 2734/3774/2540 2602/3773/2540 2657/3770/2540
f 2657/3770/2540 2733/3771/2540 2734/3774/2540
f 2721/3748/2541 2610/3747/2541 2609/3758/2541
f 2609/3758/2541 2728/3761/2541 2721/3748/2541
f 2738/3781/2542 2612/3780/2542 2611/3670/2542
f 2611/3670/2542 2684/3673/2542 2738/3781/2542
f 2727/3760/2543 2662/3759/2543 2660/3724/2543
f 2660/3724/2543 2711/3727/2543 2727/3760/2543
f 2717/3739/2544 2614/3738/2544 2613/3782/2544
f 2613/3782/2544 2739/3783/2544 2717/3739/2544
f 2683/3672/2545 2616/3671/2545 2615/3746/2545
f 2615/3746/2545 2722/3749/2545 2683/3672/2545
f 2731/3767/2546 2664/3766/2546 2618/3784/2546
f 2618/3784/2546 2740/3785/2546 2731/3767/2546
f 2740/3785/2547 2618/3784/2547 2617/3718/2547
f 2617/3718/2547 2708/3721/2547 2740/3785/2547
f 2692/3690/2548 2619/3689/2548 2603/3772/2548
f 2603/3772/2548 2735/3775/2548 2692/3690/2548
f 2702/3710/2549 2652/3709/2549 2654/3764/2549
f 2654/3764/2549 2730/3765/2549 2702/3710/2549
f 2741/3787/2550 2620/3786/2550 2612/3780/2550
f 2612/3780/2550 2738/3781/2550 2741/3787/2550
f 2674/3654/2551 2622/3653/2551 2621/3762/2551
f 2621/3762/2551 2729/3763/2551 2674/3654/2551
f 2672/3650/2552 2623/3649/2552 2620/3786/2552
f 2620/3786/2552 2741/3787/2552 2672/3650/2552
f 2743/3791/2553 2730/3788/2553 2726/3789/2553
f 2726/3789/2553 2742/3790/2553 2743/3791/2553
f 2745/3795/2554 2676/3792/2554 2731/3793/2554
f 2731/3793/2554 2744/3794/2554 2745/3795/2554
f 2747/3799/2555 2732/3796/2555 2715/3797/2555
f 2715/3797/2555 2746/3798/2555 2747/3799/2555
f 2749/3803/2556 2733/3800/2556 2703/3801/2556
f 2703/3801/2556 2748/3802/2556 2749/3803/2556
f 2751/3807/2557 2735/3804/2557 2734/3805/2557
f 2734/3805/2557 2750/3806/2557 2751/3807/2557
f 2752/3809/2558 2736/3808/2558 2732/3796/2558
f 2732/3796/2558 2747/3799/2558 2752/3809/2558
f 2754/3813/2559 2710/3810/2559 2737/3811/2559
f 2737/3811/2559 2753/3812/2559 2754/3813/2559
f 2753/2685/2560 2737/3814/2560 2677/3815/2560
f 2677/3815/2560 2755/3816/2560 2753/2685/2560
f 2756/3820/2561 2680/3817/2561 2736/3818/2561
f 2736/3818/2561 2752/3819/2561 2756/3820/2561
f 2750/3806/2562 2734/3805/2562 2733/3800/2562
f 2733/3800/2562 2749/3803/2562 2750/3806/2562
f 2758/3824/2563 2721/3821/2563 2728/3822/2563
f 2728/3822/2563 2757/3823/2563 2758/3824/2563
f 2760/3828/2564 2738/3825/2564 2684/3826/2564
f 2684/3826/2564 2759/3827/2564 2760/3828/2564
f 2762/3832/2565 2727/3829/2565 2711/3830/2565
f 2711/3830/2565 2761/3831/2565 2762/3832/2565
f 2764/3836/2566 2717/3833/2566 2739/3834/2566
f 2739/3834/2566 2763/3835/2566 2764/3836/2566
f 2766/3840/2567 2683/3837/2567 2722/3838/2567
f 2722/3838/2567 2765/3839/2567 2766/3840/2567
f 2744/3844/2568 2731/3841/2568 2740/3842/2568
f 2740/3842/2568 2767/3843/2568 2744/3844/2568
f 2767/3843/2569 2740/3842/2569 2708/3845/2569
f 2708/3845/2569 2768/3846/2569 2767/3843/2569
f 2769/3848/2570 2692/3847/2570 2735/3804/2570
f 2735/3804/2570 2751/3807/2570 2769/3848/2570
f 2770/3852/2571 2702/3849/2571 2730/3850/2571
f 2730/3850/2571 2743/3851/2571 2770/3852/2571
f 2771/3854/2572 2741/3853/2572 2738/3825/2572
f 2738/3825/2572 2760/3828/2572 2771/3854/2572
f 2773/3858/2573 2674/3855/2573 2729/3856/2573
f 2729/3856/2573 2772/3857/2573 2773/3858/2573
f 2774/3860/2574 2672/3859/2574 2741/3853/2574
f 2741/3853/2574 2771/3854/2574 2774/3860/2574
f 2775/3862/2575 2673/3861/2575 2672/3859/2575
f 2672/3859/2575 2774/3860/2575 2775/3862/2575
f 2776/3864/2576 2675/3863/2576 2674/3855/2576
f 2674/3855/2576 2773/3858/2576 2776/3864/2576
f 2755/3816/2577 2677/3815/2577 2676/3865/2577
f 2676/3865/2577 2745/3866/2577 2755/3816/2577
f 2777/3868/2578 2678/3867/2578 2673/3861/2578
f 2673/3861/2578 2775/3862/2578 2777/3868/2578
f 2778/3870/2579 2679/3869/2579 2675/3863/2579
f 2675/3863/2579 2776/3864/2579 2778/3870/2579
f 2779/3872/2580 2681/3871/2580 2680/3817/2580
f 2680/3817/2580 2756/3820/2580 2779/3872/2580
f 2780/3874/2581 2682/3873/2581 2678/3867/2581
f 2678/3867/2581 2777/3868/2581 2780/3874/2581
f 2759/3827/2582 2684/3826/2582 2683/3837/2582
f 2683/3837/2582 2766/3840/2582 2759/3827/2582
f 2781/3876/2583 2685/3875/2583 2681/3871/2583
f 2681/3871/2583 2779/3872/2583 2781/3876/2583
f 2782/3878/2584 2686/3877/2584 2682/3873/2584
f 2682/3873/2584 2780/3874/2584 2782/3878/2584
f 2784/3882/2585 2688/3879/2585 2687/3880/2585
f 2687/3880/2585 2783/3881/2585 2784/3882/2585
f 2785/3886/2586 2689/3883/2586 2686/3884/2586
f 2686/3884/2586 2782/3885/2586 2785/3886/2586
f 2786/3888/2587 2690/3887/2587 2679/3869/2587
f 2679/3869/2587 2778/3870/2587 2786/3888/2587
f 2787/3890/2588 2691/3889/2588 2689/3883/2588
f 2689/3883/2588 2785/3886/2588 2787/3890/2588
f 2788/3892/2589 2693/3891/2589 2692/3847/2589
f 2692/3847/2589 2769/3848/2589 2788/3892/2589
f 2790/3896/2590 2695/3893/2590 2694/3894/2590
f 2694/3894/2590 2789/3895/2590 2790/3896/2590
f 2791/3898/2591 2696/3897/2591 2693/3891/2591
f 2693/3891/2591 2788/3892/2591 2791/3898/2591
f 2792/3900/2592 2697/3899/2592 2695/3893/2592
f 2695/3893/2592 2790/3896/2592 2792/3900/2592
f 2793/3902/2593 2698/3901/2593 2696/3897/2593
f 2696/3897/2593 2791/3898/2593 2793/3902/2593
f 2795/3906/2594 2700/3903/2594 2699/3904/2594
f 2699/3904/2594 2794/3905/2594 2795/3906/2594
f 2783/3881/2595 2687/3880/2595 2690/3887/2595
f 2690/3887/2595 2786/3888/2595 2783/3881/2595
f 2796/3908/2596 2701/3907/2596 2700/3903/2596
f 2700/3903/2596 2795/3906/2596 2796/3908/2596
f 2748/3802/2597 2703/3801/2597 2702/3909/2597
f 2702/3909/2597 2770/3910/2597 2748/3802/2597
f 2797/3912/2598 2704/3911/2598 2701/3907/2598
f 2701/3907/2598 2796/3908/2598 2797/3912/2598
f 2798/3914/2599 2705/3913/2599 2688/3879/2599
f 2688/3879/2599 2784/3882/2599 2798/3914/2599
f 2799/3916/2600 2706/3915/2600 2704/3911/2600
f 2704/3911/2600 2797/3912/2600 2799/3916/2600
f 2768/3846/2601 2708/3845/2601 2707/3917/2601
f 2707/3917/2601 2800/3918/2601 2768/3846/2601
f 2801/3920/2602 2709/3919/2602 2706/3915/2602
f 2706/3915/2602 2799/3916/2602 2801/3920/2602
f 2761/3831/2603 2711/3830/2603 2710/3810/2603
f 2710/3810/2603 2754/3813/2603 2761/3831/2603
f 2802/3922/2604 2712/3921/2604 2709/3919/2604
f 2709/3919/2604 2801/3920/2604 2802/3922/2604
f 2800/3918/2605 2707/3917/2605 2713/3923/2605
f 2713/3923/2605 2803/3924/2605 2800/3918/2605
f 2804/3926/2606 2714/3925/2606 2712/3921/2606
f 2712/3921/2606 2802/3922/2606 2804/3926/2606
f 2746/3798/2607 2715/3797/2607 2698/3901/2607
f 2698/3901/2607 2793/3902/2607 2746/3798/2607
f 2805/3928/2608 2716/3927/2608 2714/3925/2608
f 2714/3925/2608 2804/3926/2608 2805/3928/2608
f 2803/3924/2609 2713/3923/2609 2717/3833/2609
f 2717/3833/2609 2764/3836/2609 2803/3924/2609
f 2807/3932/2610 2719/3929/2610 2718/3930/2610
f 2718/3930/2610 2806/3931/2610 2807/3932/2610
f 2808/3934/2611 2720/3933/2611 2716/3927/2611
f 2716/3927/2611 2805/3928/2611 2808/3934/2611
f 2765/3839/2612 2722/3838/2612 2721/3821/2612
f 2721/3821/2612 2758/3824/2612 2765/3839/2612
f 2809/3936/2613 2723/3935/2613 2719/3929/2613
f 2719/3929/2613 2807/3932/2613 2809/3936/2613
f 2810/3938/2614 2724/3937/2614 2720/3933/2614
f 2720/3933/2614 2808/3934/2614 2810/3938/2614
f 2806/3931/2615 2718/3930/2615 2685/3875/2615
f 2685/3875/2615 2781/3876/2615 2806/3931/2615
f 2811/3940/2616 2725/3939/2616 2723/3935/2616
f 2723/3935/2616 2809/3936/2616 2811/3940/2616
f 2742/3942/2617 2726/3941/2617 2724/3937/2617
f 2724/3937/2617 2810/3938/2617 2742/3942/2617
f 2757/3823/2618 2728/3822/2618 2727/3829/2618
f 2727/3829/2618 2762/3832/2618 2757/3823/2618
f 2772/3857/2619 2729/3856/2619 2725/3939/2619
f 2725/3939/2619 2811/3940/2619 2772/3857/2619
f 2813/3946/2620 2796/3943/2620 2795/3944/2620
f 2795/3944/2620 2812/3945/2620 2813/3946/2620
f 2815/3950/2621 2748/3947/2621 2770/3948/2621
f 2770/3948/2621 2814/3949/2621 2815/3950/2621
f 2816/3952/2622 2797/3951/2622 2796/3943/2622
f 2796/3943/2622 2813/3946/2622 2816/3952/2622
f 2818/3956/2623 2798/3953/2623 2784/3954/2623
f 2784/3954/2623 2817/3955/2623 2818/3956/2623
f 2819/3958/2624 2799/3957/2624 2797/3951/2624
f 2797/3951/2624 2816/3952/2624 2819/3958/2624
f 2821/3962/2625 2768/3959/2625 2800/3960/2625
f 2800/3960/2625 2820/3961/2625 2821/3962/2625
f 2822/3966/2626 2801/3963/2626 2799/3964/2626
f 2799/3964/2626 2819/3965/2626 2822/3966/2626
f 2824/3970/2627 2761/3967/2627 2754/3968/2627
f 2754/3968/2627 2823/3969/2627 2824/3970/2627
f 2825/3972/2628 2802/3971/2628 2801/3963/2628
f 2801/3963/2628 2822/3966/2628 2825/3972/2628
f 2820/3961/2629 2800/3960/2629 2803/3973/2629
f 2803/3973/2629 2826/3974/2629 2820/3961/2629
f 2827/3978/2630 2804/3975/2630 2802/3976/2630
f 2802/3976/2630 2825/3977/2630 2827/3978/2630
f 2829/3982/2631 2746/3979/2631 2793/3980/2631
f 2793/3980/2631 2828/3981/2631 2829/3982/2631
f 2830/3984/2632 2805/3983/2632 2804/3975/2632
f 2804/3975/2632 2827/3978/2632 2830/3984/2632
f 2826/3988/2633 2803/3985/2633 2764/3986/2633
f 2764/3986/2633 2831/3987/2633 2826/3988/2633
f 2833/3992/2634 2807/3989/2634 2806/3990/2634
f 2806/3990/2634 2832/3991/2634 2833/3992/2634
f 2805/3983/2635 2830/3984/2635 2834/3994/2635
f 2808/3993/2635 2805/3983/2635 2834/3994/2635
f 2836/3998/2636 2765/3995/2636 2758/3996/2636
f 2758/3996/2636 2835/3997/2636 2836/3998/2636
f 2807/3989/2637 2833/3992/2637 2837/4000/2637
f 2809/3999/2637 2807/3989/2637 2837/4000/2637
f 2838/4002/2638 2810/4001/2638 2808/3993/2638
f 2808/3993/2638 2834/3994/2638 2838/4002/2638
f 2832/3991/2639 2806/3990/2639 2781/4003/2639
f 2781/4003/2639 2839/4004/2639 2832/3991/2639
f 2840/4008/2640 2811/4005/2640 2809/4006/2640
f 2809/4006/2640 2837/4007/2640 2840/4008/2640
f 2841/4010/2641 2742/4009/2641 2810/4001/2641
f 2810/4001/2641 2838/4002/2641 2841/4010/2641
f 2843/4014/2642 2757/4011/2642 2762/4012/2642
f 2762/4012/2642 2842/4013/2642 2843/4014/2642
f 2844/4016/2643 2772/4015/2643 2811/4005/2643
f 2811/4005/2643 2840/4008/2643 2844/4016/2643
f 2845/4018/2644 2743/4017/2644 2742/4009/2644
f 2742/4009/2644 2841/4010/2644 2845/4018/2644
f 2847/4022/2645 2745/4019/2645 2744/4020/2645
f 2744/4020/2645 2846/4021/2645 2847/4022/2645
f 2848/4026/2646 2747/4023/2646 2746/4024/2646
f 2746/4024/2646 2829/4025/2646 2848/4026/2646
f 2849/4028/2647 2749/4027/2647 2748/3947/2647
f 2748/3947/2647 2815/3950/2647 2849/4028/2647
f 2851/4032/2648 2751/4029/2648 2750/4030/2648
f 2750/4030/2648 2850/4031/2648 2851/4032/2648
f 2852/4036/2649 2752/4033/2649 2747/4034/2649
f 2747/4034/2649 2848/4035/2649 2852/4036/2649
f 2823/3969/2650 2754/3968/2650 2753/4037/2650
f 2753/4037/2650 2853/4038/2650 2823/3969/2650
f 2853/4038/2651 2753/4037/2651 2755/4039/2651
f 2755/4039/2651 2854/4040/2651 2853/4038/2651
f 2855/4042/2652 2756/4041/2652 2752/4033/2652
f 2752/4033/2652 2852/4036/2652 2855/4042/2652
f 2850/4031/2653 2750/4030/2653 2749/4027/2653
f 2749/4027/2653 2849/4028/2653 2850/4031/2653
f 2835/3997/2654 2758/3996/2654 2757/4011/2654
f 2757/4011/2654 2843/4014/2654 2835/3997/2654
f 2857/4046/2655 2760/4043/2655 2759/4044/2655
f 2759/4044/2655 2856/4045/2655 2857/4046/2655
f 2842/4013/2656 2762/4012/2656 2761/3967/2656
f 2761/3967/2656 2824/3970/2656 2842/4013/2656
f 2831/3987/2657 2764/3986/2657 2763/4047/2657
f 2763/4047/2657 2858/4048/2657 2831/3987/2657
f 2859/4050/2658 2766/4049/2658 2765/3995/2658
f 2765/3995/2658 2836/3998/2658 2859/4050/2658
f 2846/4021/2659 2744/4020/2659 2767/4051/2659
f 2767/4051/2659 2860/4052/2659 2846/4021/2659
f 2860/4052/2660 2767/4051/2660 2768/4053/2660
f 2768/4053/2660 2821/4054/2660 2860/4052/2660
f 2861/4056/2661 2769/4055/2661 2751/4029/2661
f 2751/4029/2661 2851/4032/2661 2861/4056/2661
f 2814/3949/2662 2770/3948/2662 2743/4017/2662
f 2743/4017/2662 2845/4018/2662 2814/3949/2662
f 2862/4058/2663 2771/4057/2663 2760/4043/2663
f 2760/4043/2663 2857/4046/2663 2862/4058/2663
f 2863/4062/2664 2773/4059/2664 2772/4060/2664
f 2772/4060/2664 2844/4061/2664 2863/4062/2664
f 2864/4064/2665 2774/4063/2665 2771/4057/2665
f 2771/4057/2665 2862/4058/2665 2864/4064/2665
f 2865/4066/2666 2775/4065/2666 2774/4063/2666
f 2774/4063/2666 2864/4064/2666 2865/4066/2666
f 2866/4068/2667 2776/4067/2667 2773/4059/2667
f 2773/4059/2667 2863/4062/2667 2866/4068/2667
f 2854/4040/2668 2755/4039/2668 2745/4019/2668
f 2745/4019/2668 2847/4022/2668 2854/4040/2668
f 2867/4070/2669 2777/4069/2669 2775/4065/2669
f 2775/4065/2669 2865/4066/2669 2867/4070/2669
f 2868/4074/2670 2778/4071/2670 2776/4072/2670
f 2776/4072/2670 2866/4073/2670 2868/4074/2670
f 2869/4076/2671 2779/4075/2671 2756/4041/2671
f 2756/4041/2671 2855/4042/2671 2869/4076/2671
f 2870/4078/2672 2780/4077/2672 2777/4069/2672
f 2777/4069/2672 2867/4070/2672 2870/4078/2672
f 2856/4045/2673 2759/4044/2673 2766/4049/2673
f 2766/4049/2673 2859/4050/2673 2856/4045/2673
f 2839/4004/2674 2781/4003/2674 2779/4075/2674
f 2779/4075/2674 2869/4076/2674 2839/4004/2674
f 2871/4080/2675 2782/4079/2675 2780/4077/2675
f 2780/4077/2675 2870/4078/2675 2871/4080/2675
f 2817/4084/2676 2784/4081/2676 2783/4082/2676
f 2783/4082/2676 2872/4083/2676 2817/4084/2676
f 2873/4086/2677 2785/4085/2677 2782/4079/2677
f 2782/4079/2677 2871/4080/2677 2873/4086/2677
f 2874/4090/2678 2786/4087/2678 2778/4088/2678
f 2778/4088/2678 2868/4089/2678 2874/4090/2678
f 2875/4093/2679 2787/4091/2679 2785/4092/2679
f 2785/4092/2679 2873/2596/2679 2875/4093/2679
f 2876/4095/2680 2788/4094/2680 2769/4055/2680
f 2769/4055/2680 2861/4056/2680 2876/4095/2680
f 2878/4099/2681 2790/4096/2681 2789/4097/2681
f 2789/4097/2681 2877/4098/2681 2878/4099/2681
f 2879/4102/2682 2791/4100/2682 2788/1002/2682
f 2788/1002/2682 2876/4101/2682 2879/4102/2682
f 2880/4106/2683 2792/4103/2683 2790/4104/2683
f 2790/4104/2683 2878/4105/2683 2880/4106/2683
f 2828/3981/2684 2793/3980/2684 2791/4107/2684
f 2791/4107/2684 2879/4108/2684 2828/3981/2684
f 2812/4112/2685 2795/4109/2685 2794/4110/2685
f 2794/4110/2685 2881/4111/2685 2812/4112/2685
f 2872/4083/2686 2783/4082/2686 2786/4087/2686
f 2786/4087/2686 2874/4090/2686 2872/4083/2686
f 2881/4116/2687 2794/4113/2687 2792/4114/2687
f 2792/4114/2687 2880/4115/2687 2881/4116/2687
f 2858/4118/2688 2763/4117/2688 2798/3953/2688
f 2798/3953/2688 2818/3956/2688 2858/4118/2688
f 2763/3835/2689 2739/3834/2689 2705/3913/2689
f 2705/3913/2689 2798/3914/2689 2763/3835/2689
f 2794/3905/2690 2699/3904/2690 2697/3899/2690
f 2697/3899/2690 2792/3900/2690 2794/3905/2690
f 2739/3783/2691 2613/3782/2691 2656/3714/2691
f 2656/3714/2691 2705/3715/2691 2739/3783/2691
f 2699/3704/2692 2648/3703/2692 2645/3698/2692
f 2645/3698/2692 2697/3699/2692 2699/3704/2692
f 2613/3526/2693 2584/3525/2693 2545/3612/2693
f 2545/3612/2693 2656/3613/2693 2613/3526/2693
f 2648/3598/2694 2536/3597/2694 2533/3590/2694
f 2533/3590/2694 2645/3591/2694 2648/3598/2694
f 2584/3465/2695 2506/3464/2695 2465/3384/2695
f 2465/3384/2695 2545/3387/2695 2584/3465/2695
f 2536/3370/2696 2530/3369/2696 2529/3360/2696
f 2529/3360/2696 2533/3363/2696 2536/3370/2696
f 2530/3356/2697 2419/3355/2697 2414/3352/2697
f 2414/3352/2697 2529/3353/2697 2530/3356/2697
f 2506/3305/2698 2451/3304/2698 2427/3216/2698
f 2427/3216/2698 2465/3219/2698 2506/3305/2698
f 2451/3191/2699 2331/3190/2699 2342/3142/2699
f 2342/3142/2699 2427/3143/2699 2451/3191/2699
f 2419/3128/2700 2389/3127/2700 2387/3116/2700
f 2387/3116/2700 2414/3117/2700 2419/3128/2700
f 2389/3066/2701 2254/3065/2701 2338/3058/2701
f 2338/3058/2701 2387/3059/2701 2389/3066/2701
f 2331/2935/2702 2329/2934/2702 2253/2956/2702
f 2253/2956/2702 2342/2959/2702 2331/2935/2702
f 2254/2781/2703 2199/2780/2703 2196/2950/2703
f 2196/2950/2703 2338/2951/2703 2254/2781/2703
f 2329/2928/2704 2229/2927/2704 2239/2775/2704
f 2239/2775/2704 2253/2778/2704 2329/2928/2704
f 2229/2722/2705 2160/2721/2705 2149/2745/2705
f 2149/2745/2705 2239/2748/2705 2229/2722/2705
f 2199/2642/2706 2171/2641/2706 2177/2634/2706
f 2177/2634/2706 2196/2635/2706 2199/2642/2706
f 2159/2506/2707 418/455/2707 525/2566/2707
f 525/2566/2707 2146/2493/2707 2159/2506/2707
f 2170/2518/2708 1769/2546/2708 1768/2538/2708
f 1768/2538/2708 2176/2524/2708 2170/2518/2708
f 2171/2519/2709 2170/2518/2709 2176/2524/2709
f 2176/2524/2709 2177/2525/2709 2171/2519/2709
f 2160/2507/2710 2159/2506/2710 2146/2493/2710
f 2146/2493/2710 2149/2496/2710 2160/2507/2710
f 1770/2029/2711 1730/1986/2711 1735/1991/2711
f 1735/1991/2711 1774/2033/2711 1770/2029/2711
f 1749/2006/2712 1736/1992/2712 1733/1989/2712
f 1733/1989/2712 1772/2031/2712 1749/2006/2712
f 1774/2033/2713 1735/1991/2713 1734/1990/2713
f 1734/1990/2713 1748/2005/2713 1774/2033/2713
f 1772/2031/2714 1733/1989/2714 1732/1988/2714
f 1732/1988/2714 1756/2013/2714 1772/2031/2714
f 1481/1698/2715 1455/1670/2715 1739/1995/2715
f 1739/1995/2715 1766/2023/2715 1481/1698/2715
f 1745/2002/2716 1731/1987/2716 1730/1986/2716
f 1730/1986/2716 1770/2029/2716 1745/2002/2716
f 1763/2020/2717 1729/1985/2717 1728/1984/2717
f 1728/1984/2717 1768/2027/2717 1763/2020/2717
f 1766/2023/2718 1739/1995/2718 1741/1997/2718
f 1741/1997/2718 1752/2024/2718 1766/2023/2718
f 1757/2014/2719 1740/1996/2719 1742/1998/2719
f 1742/1998/2719 1762/2019/2719 1757/2014/2719
f 1762/2019/2720 1742/1998/2720 1729/1985/2720
f 1729/1985/2720 1763/2020/2720 1762/2019/2720
f 1760/2017/2721 1738/1994/2721 1737/1993/2721
f 1737/1993/2721 1744/2001/2721 1760/2017/2721
f 1753/2010/2722 1743/1999/2722 1738/1994/2722
f 1738/1994/2722 1760/2017/2722 1753/2010/2722
f 1756/2013/2723 1732/1988/2723 1740/1996/2723
f 1740/1996/2723 1757/2014/2723 1756/2013/2723
f 1752/2009/2724 1741/2000/2724 1743/1999/2724
f 1743/1999/2724 1753/2010/2724 1752/2009/2724
f 1748/2005/2725 1734/1990/2725 1736/1992/2725
f 1736/1992/2725 1749/2006/2725 1748/2005/2725
f 1744/2001/2726 1737/1993/2726 1731/1987/2726
f 1731/1987/2726 1745/2002/2726 1744/2001/2726
f 1484/1701/2727 1416/1630/2727 1370/1581/2727
f 1370/1581/2727 1481/1698/2727 1484/1701/2727
f 1392/1604/2728 1307/1517/2728 1314/1525/2728
f 1314/1525/2728 1367/1578/2728 1392/1604/2728
f 1416/1630/2729 1392/1604/2729 1367/1578/2729
f 1367/1578/2729 1370/1581/2729 1416/1630/2729
f 1307/1517/2730 1257/1464/2730 1263/1471/2730
f 1263/1471/2730 1314/1525/2730 1307/1517/2730
f 1257/1464/2731 1117/1311/2731 1202/1398/2731
f 1202/1398/2731 1263/1471/2731 1257/1464/2731
f 1116/1310/2732 462/501/2732 515/560/2732
f 515/560/2732 1201/1397/2732 1116/1310/2732
f 1117/1311/2733 1116/1310/2733 1201/1397/2733
f 1201/1397/2733 1202/1398/2733 1117/1311/2733
f 513/558/2734 195/212/2734 215/232/2734
f 215/232/2734 517/562/2734 513/558/2734
f 428/467/2735 7/7/2735 530/576/2735
f 530/576/2735 522/567/2735 428/467/2735
f 417/594/2736 504/548/2736 508/552/2736
f 508/552/2736 524/569/2736 417/594/2736
f 503/547/2737 429/468/2737 523/568/2737
f 523/568/2737 507/551/2737 503/547/2737
f 530/576/2738 7/7/2738 6/6/2738
f 6/6/2738 520/565/2738 530/576/2738
f 521/566/2739 387/424/2739 386/423/2739
f 386/423/2739 518/563/2739 521/566/2739
f 519/564/2740 353/390/2740 352/389/2740
f 352/389/2740 510/555/2740 519/564/2740
f 418/455/2741 417/454/2741 524/4119/2741
f 524/4119/2741 525/2566/2741 418/455/2741
f 429/468/2742 428/467/2742 522/567/2742
f 522/567/2742 523/568/2742 429/468/2742
f 520/565/2743 6/6/2743 387/424/2743
f 387/424/2743 521/566/2743 520/565/2743
f 518/563/2740 386/423/2740 353/390/2740
f 353/390/2740 519/564/2740 518/563/2740
f 517/562/2744 215/232/2744 216/233/2744
f 216/233/2744 516/561/2744 517/562/2744
f 516/561/2745 216/233/2745 229/246/2745
f 229/246/2745 514/559/2745 516/561/2745
f 514/559/2746 229/246/2746 236/253/2746
f 236/253/2746 515/560/2746 514/559/2746
f 155/172/2747 153/170/2747 160/177/2747
f 160/177/2747 512/557/2747 155/172/2747
f 512/557/2748 160/177/2748 195/212/2748
f 195/212/2748 513/558/2748 512/557/2748
f 511/556/2749 3/3/2749 2/2/2749
f 2/2/2749 509/553/2749 511/556/2749
f 510/555/2750 352/389/2750 3/3/2750
f 3/3/2750 511/556/2750 510/555/2750
f 509/553/2751 2/2/2751 10/10/2751
f 10/10/2751 63/554/2751 509/553/2751
f 504/548/2752 503/547/2752 507/551/2752
f 507/551/2752 508/552/2752 504/548/2752
f 464/503/2753 526/571/2753 84/93/2753
f 84/93/2753 155/172/2753 464/503/2753
f 528/573/2754 527/572/2754 86/95/2754
f 86/95/2754 83/92/2754 528/573/2754
f 527/572/2755 529/574/2755 64/73/2755
f 64/73/2755 86/95/2755 527/572/2755
f 526/571/2756 528/573/2756 83/92/2756
f 83/92/2756 84/93/2756 526/571/2756
f 529/574/2757 485/575/2757 63/72/2757
f 63/72/2757 64/73/2757 529/574/2757
f 2877/4098/2758 2789/4097/2758 2787/4120/2758
f 2787/4120/2758 2875/4121/2758 2877/4098/2758
f 2789/3895/2759 2694/3894/2759 2691/3889/2759
f 2691/3889/2759 2787/3890/2759 2789/3895/2759
f 2694/3694/2760 2641/3693/2760 2638/3686/2760
f 2638/3686/2760 2691/3687/2760 2694/3694/2760
f 2641/3584/2761 2601/3583/2761 2599/3576/2761
f 2599/3576/2761 2638/3577/2761 2641/3584/2761
f 2601/3499/2762 2526/3498/2762 2524/3494/2762
f 2524/3494/2762 2599/3495/2762 2601/3499/2762
f 2526/3348/2763 2406/3347/2763 2402/3342/2763
f 2402/3342/2763 2524/3343/2763 2526/3348/2763
f 2406/3102/2764 2385/3101/2764 2384/3092/2764
f 2384/3092/2764 2402/3093/2764 2406/3102/2764
f 2385/3056/2765 2336/3055/2765 2332/3052/2765
f 2332/3052/2765 2384/3053/2765 2385/3056/2765
f 2336/2946/2766 2192/2945/2766 2188/2936/2766
f 2188/2936/2766 2332/2937/2766 2336/2946/2766
f 2192/2628/2767 2072/2627/2767 2144/2618/2767
f 2144/2618/2767 2188/2619/2767 2192/2628/2767
f 2071/2417/2768 1727/2591/2768 1726/2571/2768
f 1726/2571/2768 2141/2487/2768 2071/2417/2768
f 2072/2418/2769 2071/2417/2769 2141/2487/2769
f 2141/2487/2769 2144/2490/2769 2072/2418/2769
f 1713/1967/2770 1680/1932/2770 1693/1947/2770
f 1693/1947/2770 1704/1958/2770 1713/1967/2770
f 1699/1953/2771 1691/1945/2771 1690/1944/2771
f 1690/1944/2771 1702/1956/2771 1699/1953/2771
f 1695/1949/2772 1689/1943/2772 1679/1931/2772
f 1679/1931/2772 1708/1962/2772 1695/1949/2772
f 1705/1959/2773 1688/1942/2773 1687/1941/2773
f 1687/1941/2773 1698/1952/2773 1705/1959/2773
f 1717/1971/2774 1682/1934/2774 1686/1940/2774
f 1686/1940/2774 1726/1982/2774 1717/1971/2774
f 1721/1975/2775 1685/1938/2775 1684/1937/2775
f 1684/1937/2775 1724/1980/2775 1721/1975/2775
f 1724/1978/2776 1684/1939/2776 1681/1933/2776
f 1681/1933/2776 1712/1966/2776 1724/1978/2776
f 1709/1963/2777 1678/1930/2777 1683/1935/2777
f 1683/1935/2777 1716/1970/2777 1709/1963/2777
f 1720/1974/2778 1447/1662/2778 1685/1938/2778
f 1685/1938/2778 1721/1975/2778 1720/1974/2778
f 1716/1970/2779 1683/1935/2779 1682/1934/2779
f 1682/1934/2779 1717/1971/2779 1716/1970/2779
f 1712/1966/2780 1681/1933/2780 1680/1932/2780
f 1680/1932/2780 1713/1967/2780 1712/1966/2780
f 1708/1962/2781 1679/1931/2781 1678/1930/2781
f 1678/1930/2781 1709/1963/2781 1708/1962/2781
f 1704/1958/2782 1693/1947/2782 1688/1942/2782
f 1688/1942/2782 1705/1959/2782 1704/1958/2782
f 1702/1956/2783 1690/1944/2783 1692/1946/2783
f 1692/1946/2783 1694/1948/2783 1702/1956/2783
f 1698/1952/2784 1687/1941/2784 1691/1945/2784
f 1691/1945/2784 1699/1953/2784 1698/1952/2784
f 1694/1948/2785 1692/1946/2785 1689/1943/2785
f 1689/1943/2785 1695/1949/2785 1694/1948/2785
